TERRITORIO#es,TERRITORIO_CODE,TIME_PERIOD#es,TIME_PERIOD_CODE,TIPO_PROFESIONAL_ATENCION_PRIMARIA#es,TIPO_PROFESIONAL_ATENCION_PRIMARIA_CODE,LUGAR_CONSULTA#es,LUGAR_CONSULTA_CODE,MEDIDAS#es,MEDIDAS_CODE,OBS_VALUE,ESTADO_OBSERVACION#es,CONFIDENCIALIDAD_OBSERVACION#es,NOTAS_OBSERVACION#es
Canarias,ES70,2007,2007,Enfermería - Atención primaria (AP),ENFERMERIA_AP,Total,_T,Frecuentación general,FRECUENTACION_GENERAL,1.64,,,
Canarias,ES70,2007,2007,Pediatría - Atención primaria (AP),PEDIATRIA_AP,Total,_T,Frecuentación general,FRECUENTACION_GENERAL,5.54,,,
Canarias,ES70,2007,2007,Medicina Familia y Comunitaria - Atención primaria (AP),FAMILIA_COMUNITARIA_AP,Total,_T,Frecuentación general,FRECUENTACION_GENERAL,5.66,,,
Lanzarote,ES708,2007,2007,Enfermería - Atención primaria (AP),ENFERMERIA_AP,Total,_T,Frecuentación general,FRECUENTACION_GENERAL,1.85,,,
Lanzarote,ES708,2007,2007,Pediatría - Atención primaria (AP),PEDIATRIA_AP,Total,_T,Frecuentación general,FRECUENTACION_GENERAL,5.08,,,
Lanzarote,ES708,2007,2007,Medicina Familia y Comunitaria - Atención primaria (AP),FAMILIA_COMUNITARIA_AP,Total,_T,Frecuentación general,FRECUENTACION_GENERAL,5.17,,,
Fuerteventura,ES704,2007,2007,Enfermería - Atención primaria (AP),ENFERMERIA_AP,Total,_T,Frecuentación general,FRECUENTACION_GENERAL,0.91,,,
Fuerteventura,ES704,2007,2007,Pediatría - Atención primaria (AP),PEDIATRIA_AP,Total,_T,Frecuentación general,FRECUENTACION_GENERAL,3.97,,,
Fuerteventura,ES704,2007,2007,Medicina Familia y Comunitaria - Atención primaria (AP),FAMILIA_COMUNITARIA_AP,Total,_T,Frecuentación general,FRECUENTACION_GENERAL,4.61,,,
Gran Canaria,ES705,2007,2007,Enfermería - Atención primaria (AP),ENFERMERIA_AP,Total,_T,Frecuentación general,FRECUENTACION_GENERAL,1.49,,,
Gran Canaria,ES705,2007,2007,Pediatría - Atención primaria (AP),PEDIATRIA_AP,Total,_T,Frecuentación general,FRECUENTACION_GENERAL,5.61,,,
Gran Canaria,ES705,2007,2007,Medicina Familia y Comunitaria - Atención primaria (AP),FAMILIA_COMUNITARIA_AP,Total,_T,Frecuentación general,FRECUENTACION_GENERAL,5.66,,,
Tenerife,ES709,2007,2007,Enfermería - Atención primaria (AP),ENFERMERIA_AP,Total,_T,Frecuentación general,FRECUENTACION_GENERAL,1.67,,,
Tenerife,ES709,2007,2007,Pediatría - Atención primaria (AP),PEDIATRIA_AP,Total,_T,Frecuentación general,FRECUENTACION_GENERAL,5.69,,,
Tenerife,ES709,2007,2007,Medicina Familia y Comunitaria - Atención primaria (AP),FAMILIA_COMUNITARIA_AP,Total,_T,Frecuentación general,FRECUENTACION_GENERAL,5.68,,,
La Gomera,ES706,2007,2007,Enfermería - Atención primaria (AP),ENFERMERIA_AP,Total,_T,Frecuentación general,FRECUENTACION_GENERAL,3.53,,,
La Gomera,ES706,2007,2007,Pediatría - Atención primaria (AP),PEDIATRIA_AP,Total,_T,Frecuentación general,FRECUENTACION_GENERAL,3.45,,,
La Gomera,ES706,2007,2007,Medicina Familia y Comunitaria - Atención primaria (AP),FAMILIA_COMUNITARIA_AP,Total,_T,Frecuentación general,FRECUENTACION_GENERAL,7.74,,,
La Palma,ES707,2007,2007,Enfermería - Atención primaria (AP),ENFERMERIA_AP,Total,_T,Frecuentación general,FRECUENTACION_GENERAL,3,,,
La Palma,ES707,2007,2007,Pediatría - Atención primaria (AP),PEDIATRIA_AP,Total,_T,Frecuentación general,FRECUENTACION_GENERAL,6.82,,,
La Palma,ES707,2007,2007,Medicina Familia y Comunitaria - Atención primaria (AP),FAMILIA_COMUNITARIA_AP,Total,_T,Frecuentación general,FRECUENTACION_GENERAL,7.17,,,
El Hierro,ES703,2007,2007,Enfermería - Atención primaria (AP),ENFERMERIA_AP,Total,_T,Frecuentación general,FRECUENTACION_GENERAL,2.93,,,
El Hierro,ES703,2007,2007,Pediatría - Atención primaria (AP),PEDIATRIA_AP,Total,_T,Frecuentación general,FRECUENTACION_GENERAL,7.69,,,
El Hierro,ES703,2007,2007,Medicina Familia y Comunitaria - Atención primaria (AP),FAMILIA_COMUNITARIA_AP,Total,_T,Frecuentación general,FRECUENTACION_GENERAL,6.54,,,
Canarias,ES70,2008,2008,Enfermería - Atención primaria (AP),ENFERMERIA_AP,Total,_T,Frecuentación general,FRECUENTACION_GENERAL,1.86,,,
Canarias,ES70,2008,2008,Pediatría - Atención primaria (AP),PEDIATRIA_AP,Total,_T,Frecuentación general,FRECUENTACION_GENERAL,5.67,,,
Canarias,ES70,2008,2008,Medicina Familia y Comunitaria - Atención primaria (AP),FAMILIA_COMUNITARIA_AP,Total,_T,Frecuentación general,FRECUENTACION_GENERAL,5.75,,,
Lanzarote,ES708,2008,2008,Enfermería - Atención primaria (AP),ENFERMERIA_AP,Total,_T,Frecuentación general,FRECUENTACION_GENERAL,2.02,,,
Lanzarote,ES708,2008,2008,Pediatría - Atención primaria (AP),PEDIATRIA_AP,Total,_T,Frecuentación general,FRECUENTACION_GENERAL,5.28,,,
Lanzarote,ES708,2008,2008,Medicina Familia y Comunitaria - Atención primaria (AP),FAMILIA_COMUNITARIA_AP,Total,_T,Frecuentación general,FRECUENTACION_GENERAL,5.28,,,
Fuerteventura,ES704,2008,2008,Enfermería - Atención primaria (AP),ENFERMERIA_AP,Total,_T,Frecuentación general,FRECUENTACION_GENERAL,1.69,,,
Fuerteventura,ES704,2008,2008,Pediatría - Atención primaria (AP),PEDIATRIA_AP,Total,_T,Frecuentación general,FRECUENTACION_GENERAL,4.44,,,
Fuerteventura,ES704,2008,2008,Medicina Familia y Comunitaria - Atención primaria (AP),FAMILIA_COMUNITARIA_AP,Total,_T,Frecuentación general,FRECUENTACION_GENERAL,6.02,,,
Gran Canaria,ES705,2008,2008,Enfermería - Atención primaria (AP),ENFERMERIA_AP,Total,_T,Frecuentación general,FRECUENTACION_GENERAL,1.59,,,
Gran Canaria,ES705,2008,2008,Pediatría - Atención primaria (AP),PEDIATRIA_AP,Total,_T,Frecuentación general,FRECUENTACION_GENERAL,5.67,,,
Gran Canaria,ES705,2008,2008,Medicina Familia y Comunitaria - Atención primaria (AP),FAMILIA_COMUNITARIA_AP,Total,_T,Frecuentación general,FRECUENTACION_GENERAL,5.59,,,
Tenerife,ES709,2008,2008,Enfermería - Atención primaria (AP),ENFERMERIA_AP,Total,_T,Frecuentación general,FRECUENTACION_GENERAL,1.96,,,
Tenerife,ES709,2008,2008,Pediatría - Atención primaria (AP),PEDIATRIA_AP,Total,_T,Frecuentación general,FRECUENTACION_GENERAL,5.85,,,
Tenerife,ES709,2008,2008,Medicina Familia y Comunitaria - Atención primaria (AP),FAMILIA_COMUNITARIA_AP,Total,_T,Frecuentación general,FRECUENTACION_GENERAL,5.82,,,
La Gomera,ES706,2008,2008,Enfermería - Atención primaria (AP),ENFERMERIA_AP,Total,_T,Frecuentación general,FRECUENTACION_GENERAL,3.6,,,
La Gomera,ES706,2008,2008,Pediatría - Atención primaria (AP),PEDIATRIA_AP,Total,_T,Frecuentación general,FRECUENTACION_GENERAL,3.98,,,
La Gomera,ES706,2008,2008,Medicina Familia y Comunitaria - Atención primaria (AP),FAMILIA_COMUNITARIA_AP,Total,_T,Frecuentación general,FRECUENTACION_GENERAL,7.55,,,
La Palma,ES707,2008,2008,Enfermería - Atención primaria (AP),ENFERMERIA_AP,Total,_T,Frecuentación general,FRECUENTACION_GENERAL,2.94,,,
La Palma,ES707,2008,2008,Pediatría - Atención primaria (AP),PEDIATRIA_AP,Total,_T,Frecuentación general,FRECUENTACION_GENERAL,6.34,,,
La Palma,ES707,2008,2008,Medicina Familia y Comunitaria - Atención primaria (AP),FAMILIA_COMUNITARIA_AP,Total,_T,Frecuentación general,FRECUENTACION_GENERAL,6.78,,,
El Hierro,ES703,2008,2008,Enfermería - Atención primaria (AP),ENFERMERIA_AP,Total,_T,Frecuentación general,FRECUENTACION_GENERAL,2.84,,,
El Hierro,ES703,2008,2008,Pediatría - Atención primaria (AP),PEDIATRIA_AP,Total,_T,Frecuentación general,FRECUENTACION_GENERAL,8.8,,,
El Hierro,ES703,2008,2008,Medicina Familia y Comunitaria - Atención primaria (AP),FAMILIA_COMUNITARIA_AP,Total,_T,Frecuentación general,FRECUENTACION_GENERAL,6.86,,,
Canarias,ES70,2009,2009,Enfermería - Atención primaria (AP),ENFERMERIA_AP,Total,_T,Frecuentación general,FRECUENTACION_GENERAL,1.96,,,
Canarias,ES70,2009,2009,Pediatría - Atención primaria (AP),PEDIATRIA_AP,Total,_T,Frecuentación general,FRECUENTACION_GENERAL,5.81,,,
Canarias,ES70,2009,2009,Medicina Familia y Comunitaria - Atención primaria (AP),FAMILIA_COMUNITARIA_AP,Total,_T,Frecuentación general,FRECUENTACION_GENERAL,5.66,,,
Lanzarote,ES708,2009,2009,Enfermería - Atención primaria (AP),ENFERMERIA_AP,Total,_T,Frecuentación general,FRECUENTACION_GENERAL,2.17,,,
Lanzarote,ES708,2009,2009,Pediatría - Atención primaria (AP),PEDIATRIA_AP,Total,_T,Frecuentación general,FRECUENTACION_GENERAL,5.36,,,
Lanzarote,ES708,2009,2009,Medicina Familia y Comunitaria - Atención primaria (AP),FAMILIA_COMUNITARIA_AP,Total,_T,Frecuentación general,FRECUENTACION_GENERAL,5.08,,,
Fuerteventura,ES704,2009,2009,Enfermería - Atención primaria (AP),ENFERMERIA_AP,Total,_T,Frecuentación general,FRECUENTACION_GENERAL,2.08,,,
Fuerteventura,ES704,2009,2009,Pediatría - Atención primaria (AP),PEDIATRIA_AP,Total,_T,Frecuentación general,FRECUENTACION_GENERAL,4.1,,,
Fuerteventura,ES704,2009,2009,Medicina Familia y Comunitaria - Atención primaria (AP),FAMILIA_COMUNITARIA_AP,Total,_T,Frecuentación general,FRECUENTACION_GENERAL,5.12,,,
Gran Canaria,ES705,2009,2009,Enfermería - Atención primaria (AP),ENFERMERIA_AP,Total,_T,Frecuentación general,FRECUENTACION_GENERAL,1.69,,,
Gran Canaria,ES705,2009,2009,Pediatría - Atención primaria (AP),PEDIATRIA_AP,Total,_T,Frecuentación general,FRECUENTACION_GENERAL,5.77,,,
Gran Canaria,ES705,2009,2009,Medicina Familia y Comunitaria - Atención primaria (AP),FAMILIA_COMUNITARIA_AP,Total,_T,Frecuentación general,FRECUENTACION_GENERAL,5.48,,,
Tenerife,ES709,2009,2009,Enfermería - Atención primaria (AP),ENFERMERIA_AP,Total,_T,Frecuentación general,FRECUENTACION_GENERAL,2.01,,,
Tenerife,ES709,2009,2009,Pediatría - Atención primaria (AP),PEDIATRIA_AP,Total,_T,Frecuentación general,FRECUENTACION_GENERAL,6.09,,,
Tenerife,ES709,2009,2009,Medicina Familia y Comunitaria - Atención primaria (AP),FAMILIA_COMUNITARIA_AP,Total,_T,Frecuentación general,FRECUENTACION_GENERAL,5.82,,,
La Gomera,ES706,2009,2009,Enfermería - Atención primaria (AP),ENFERMERIA_AP,Total,_T,Frecuentación general,FRECUENTACION_GENERAL,3.74,,,
La Gomera,ES706,2009,2009,Pediatría - Atención primaria (AP),PEDIATRIA_AP,Total,_T,Frecuentación general,FRECUENTACION_GENERAL,4.85,,,
La Gomera,ES706,2009,2009,Medicina Familia y Comunitaria - Atención primaria (AP),FAMILIA_COMUNITARIA_AP,Total,_T,Frecuentación general,FRECUENTACION_GENERAL,7.32,,,
La Palma,ES707,2009,2009,Enfermería - Atención primaria (AP),ENFERMERIA_AP,Total,_T,Frecuentación general,FRECUENTACION_GENERAL,3.16,,,
La Palma,ES707,2009,2009,Pediatría - Atención primaria (AP),PEDIATRIA_AP,Total,_T,Frecuentación general,FRECUENTACION_GENERAL,6.56,,,
La Palma,ES707,2009,2009,Medicina Familia y Comunitaria - Atención primaria (AP),FAMILIA_COMUNITARIA_AP,Total,_T,Frecuentación general,FRECUENTACION_GENERAL,6.96,,,
El Hierro,ES703,2009,2009,Enfermería - Atención primaria (AP),ENFERMERIA_AP,Total,_T,Frecuentación general,FRECUENTACION_GENERAL,3.15,,,
El Hierro,ES703,2009,2009,Pediatría - Atención primaria (AP),PEDIATRIA_AP,Total,_T,Frecuentación general,FRECUENTACION_GENERAL,8.88,,,
El Hierro,ES703,2009,2009,Medicina Familia y Comunitaria - Atención primaria (AP),FAMILIA_COMUNITARIA_AP,Total,_T,Frecuentación general,FRECUENTACION_GENERAL,6.86,,,
Canarias,ES70,2010,2010,Enfermería - Atención primaria (AP),ENFERMERIA_AP,Total,_T,Frecuentación general,FRECUENTACION_GENERAL,1.94,,,
Canarias,ES70,2010,2010,Pediatría - Atención primaria (AP),PEDIATRIA_AP,Total,_T,Frecuentación general,FRECUENTACION_GENERAL,5.31,,,
Canarias,ES70,2010,2010,Medicina Familia y Comunitaria - Atención primaria (AP),FAMILIA_COMUNITARIA_AP,Total,_T,Frecuentación general,FRECUENTACION_GENERAL,5.45,,,
Lanzarote,ES708,2010,2010,Enfermería - Atención primaria (AP),ENFERMERIA_AP,Total,_T,Frecuentación general,FRECUENTACION_GENERAL,2.16,,,
Lanzarote,ES708,2010,2010,Pediatría - Atención primaria (AP),PEDIATRIA_AP,Total,_T,Frecuentación general,FRECUENTACION_GENERAL,4.77,,,
Lanzarote,ES708,2010,2010,Medicina Familia y Comunitaria - Atención primaria (AP),FAMILIA_COMUNITARIA_AP,Total,_T,Frecuentación general,FRECUENTACION_GENERAL,4.91,,,
Fuerteventura,ES704,2010,2010,Enfermería - Atención primaria (AP),ENFERMERIA_AP,Total,_T,Frecuentación general,FRECUENTACION_GENERAL,1.92,,,
Fuerteventura,ES704,2010,2010,Pediatría - Atención primaria (AP),PEDIATRIA_AP,Total,_T,Frecuentación general,FRECUENTACION_GENERAL,3.82,,,
Fuerteventura,ES704,2010,2010,Medicina Familia y Comunitaria - Atención primaria (AP),FAMILIA_COMUNITARIA_AP,Total,_T,Frecuentación general,FRECUENTACION_GENERAL,4.71,,,
Gran Canaria,ES705,2010,2010,Enfermería - Atención primaria (AP),ENFERMERIA_AP,Total,_T,Frecuentación general,FRECUENTACION_GENERAL,1.68,,,
Gran Canaria,ES705,2010,2010,Pediatría - Atención primaria (AP),PEDIATRIA_AP,Total,_T,Frecuentación general,FRECUENTACION_GENERAL,5.16,,,
Gran Canaria,ES705,2010,2010,Medicina Familia y Comunitaria - Atención primaria (AP),FAMILIA_COMUNITARIA_AP,Total,_T,Frecuentación general,FRECUENTACION_GENERAL,5.47,,,
Tenerife,ES709,2010,2010,Enfermería - Atención primaria (AP),ENFERMERIA_AP,Total,_T,Frecuentación general,FRECUENTACION_GENERAL,2.01,,,
Tenerife,ES709,2010,2010,Pediatría - Atención primaria (AP),PEDIATRIA_AP,Total,_T,Frecuentación general,FRECUENTACION_GENERAL,5.69,,,
Tenerife,ES709,2010,2010,Medicina Familia y Comunitaria - Atención primaria (AP),FAMILIA_COMUNITARIA_AP,Total,_T,Frecuentación general,FRECUENTACION_GENERAL,5.42,,,
La Gomera,ES706,2010,2010,Enfermería - Atención primaria (AP),ENFERMERIA_AP,Total,_T,Frecuentación general,FRECUENTACION_GENERAL,4.02,,,
La Gomera,ES706,2010,2010,Pediatría - Atención primaria (AP),PEDIATRIA_AP,Total,_T,Frecuentación general,FRECUENTACION_GENERAL,5.41,,,
La Gomera,ES706,2010,2010,Medicina Familia y Comunitaria - Atención primaria (AP),FAMILIA_COMUNITARIA_AP,Total,_T,Frecuentación general,FRECUENTACION_GENERAL,7.48,,,
La Palma,ES707,2010,2010,Enfermería - Atención primaria (AP),ENFERMERIA_AP,Total,_T,Frecuentación general,FRECUENTACION_GENERAL,3.09,,,
La Palma,ES707,2010,2010,Pediatría - Atención primaria (AP),PEDIATRIA_AP,Total,_T,Frecuentación general,FRECUENTACION_GENERAL,5.89,,,
La Palma,ES707,2010,2010,Medicina Familia y Comunitaria - Atención primaria (AP),FAMILIA_COMUNITARIA_AP,Total,_T,Frecuentación general,FRECUENTACION_GENERAL,6.64,,,
El Hierro,ES703,2010,2010,Enfermería - Atención primaria (AP),ENFERMERIA_AP,Total,_T,Frecuentación general,FRECUENTACION_GENERAL,3.22,,,
El Hierro,ES703,2010,2010,Pediatría - Atención primaria (AP),PEDIATRIA_AP,Total,_T,Frecuentación general,FRECUENTACION_GENERAL,8.35,,,
El Hierro,ES703,2010,2010,Medicina Familia y Comunitaria - Atención primaria (AP),FAMILIA_COMUNITARIA_AP,Total,_T,Frecuentación general,FRECUENTACION_GENERAL,6.6,,,
Canarias,ES70,2011,2011,Enfermería - Atención primaria (AP),ENFERMERIA_AP,Total,_T,Frecuentación general,FRECUENTACION_GENERAL,2.05,,,
Canarias,ES70,2011,2011,Pediatría - Atención primaria (AP),PEDIATRIA_AP,Total,_T,Frecuentación general,FRECUENTACION_GENERAL,5.46,,,
Canarias,ES70,2011,2011,Medicina Familia y Comunitaria - Atención primaria (AP),FAMILIA_COMUNITARIA_AP,Total,_T,Frecuentación general,FRECUENTACION_GENERAL,5.45,,,
Lanzarote,ES708,2011,2011,Enfermería - Atención primaria (AP),ENFERMERIA_AP,Total,_T,Frecuentación general,FRECUENTACION_GENERAL,2.31,,,
Lanzarote,ES708,2011,2011,Pediatría - Atención primaria (AP),PEDIATRIA_AP,Total,_T,Frecuentación general,FRECUENTACION_GENERAL,4.93,,,
Lanzarote,ES708,2011,2011,Medicina Familia y Comunitaria - Atención primaria (AP),FAMILIA_COMUNITARIA_AP,Total,_T,Frecuentación general,FRECUENTACION_GENERAL,5,,,
Fuerteventura,ES704,2011,2011,Enfermería - Atención primaria (AP),ENFERMERIA_AP,Total,_T,Frecuentación general,FRECUENTACION_GENERAL,1.97,,,
Fuerteventura,ES704,2011,2011,Pediatría - Atención primaria (AP),PEDIATRIA_AP,Total,_T,Frecuentación general,FRECUENTACION_GENERAL,3.91,,,
Fuerteventura,ES704,2011,2011,Medicina Familia y Comunitaria - Atención primaria (AP),FAMILIA_COMUNITARIA_AP,Total,_T,Frecuentación general,FRECUENTACION_GENERAL,4.11,,,
Gran Canaria,ES705,2011,2011,Enfermería - Atención primaria (AP),ENFERMERIA_AP,Total,_T,Frecuentación general,FRECUENTACION_GENERAL,1.86,,,
Gran Canaria,ES705,2011,2011,Pediatría - Atención primaria (AP),PEDIATRIA_AP,Total,_T,Frecuentación general,FRECUENTACION_GENERAL,5.35,,,
Gran Canaria,ES705,2011,2011,Medicina Familia y Comunitaria - Atención primaria (AP),FAMILIA_COMUNITARIA_AP,Total,_T,Frecuentación general,FRECUENTACION_GENERAL,5.65,,,
Tenerife,ES709,2011,2011,Enfermería - Atención primaria (AP),ENFERMERIA_AP,Total,_T,Frecuentación general,FRECUENTACION_GENERAL,2.06,,,
Tenerife,ES709,2011,2011,Pediatría - Atención primaria (AP),PEDIATRIA_AP,Total,_T,Frecuentación general,FRECUENTACION_GENERAL,5.8,,,
Tenerife,ES709,2011,2011,Medicina Familia y Comunitaria - Atención primaria (AP),FAMILIA_COMUNITARIA_AP,Total,_T,Frecuentación general,FRECUENTACION_GENERAL,5.32,,,
La Gomera,ES706,2011,2011,Enfermería - Atención primaria (AP),ENFERMERIA_AP,Total,_T,Frecuentación general,FRECUENTACION_GENERAL,4.21,,,
La Gomera,ES706,2011,2011,Pediatría - Atención primaria (AP),PEDIATRIA_AP,Total,_T,Frecuentación general,FRECUENTACION_GENERAL,5.82,,,
La Gomera,ES706,2011,2011,Medicina Familia y Comunitaria - Atención primaria (AP),FAMILIA_COMUNITARIA_AP,Total,_T,Frecuentación general,FRECUENTACION_GENERAL,7.3,,,
La Palma,ES707,2011,2011,Enfermería - Atención primaria (AP),ENFERMERIA_AP,Total,_T,Frecuentación general,FRECUENTACION_GENERAL,3.13,,,
La Palma,ES707,2011,2011,Pediatría - Atención primaria (AP),PEDIATRIA_AP,Total,_T,Frecuentación general,FRECUENTACION_GENERAL,6.1,,,
La Palma,ES707,2011,2011,Medicina Familia y Comunitaria - Atención primaria (AP),FAMILIA_COMUNITARIA_AP,Total,_T,Frecuentación general,FRECUENTACION_GENERAL,6.49,,,
El Hierro,ES703,2011,2011,Enfermería - Atención primaria (AP),ENFERMERIA_AP,Total,_T,Frecuentación general,FRECUENTACION_GENERAL,3.15,,,
El Hierro,ES703,2011,2011,Pediatría - Atención primaria (AP),PEDIATRIA_AP,Total,_T,Frecuentación general,FRECUENTACION_GENERAL,8.1,,,
El Hierro,ES703,2011,2011,Medicina Familia y Comunitaria - Atención primaria (AP),FAMILIA_COMUNITARIA_AP,Total,_T,Frecuentación general,FRECUENTACION_GENERAL,6.58,,,
Canarias,ES70,2012,2012,Enfermería - Atención primaria (AP),ENFERMERIA_AP,Total,_T,Frecuentación general,FRECUENTACION_GENERAL,2.1,,,
Canarias,ES70,2012,2012,Pediatría - Atención primaria (AP),PEDIATRIA_AP,Total,_T,Frecuentación general,FRECUENTACION_GENERAL,5.41,,,
Canarias,ES70,2012,2012,Medicina Familia y Comunitaria - Atención primaria (AP),FAMILIA_COMUNITARIA_AP,Total,_T,Frecuentación general,FRECUENTACION_GENERAL,5.38,,,
Lanzarote,ES708,2012,2012,Enfermería - Atención primaria (AP),ENFERMERIA_AP,Total,_T,Frecuentación general,FRECUENTACION_GENERAL,2.5,,,
Lanzarote,ES708,2012,2012,Pediatría - Atención primaria (AP),PEDIATRIA_AP,Total,_T,Frecuentación general,FRECUENTACION_GENERAL,5.14,,,
Lanzarote,ES708,2012,2012,Medicina Familia y Comunitaria - Atención primaria (AP),FAMILIA_COMUNITARIA_AP,Total,_T,Frecuentación general,FRECUENTACION_GENERAL,5.11,,,
Fuerteventura,ES704,2012,2012,Enfermería - Atención primaria (AP),ENFERMERIA_AP,Total,_T,Frecuentación general,FRECUENTACION_GENERAL,2.16,,,
Fuerteventura,ES704,2012,2012,Pediatría - Atención primaria (AP),PEDIATRIA_AP,Total,_T,Frecuentación general,FRECUENTACION_GENERAL,4,,,
Fuerteventura,ES704,2012,2012,Medicina Familia y Comunitaria - Atención primaria (AP),FAMILIA_COMUNITARIA_AP,Total,_T,Frecuentación general,FRECUENTACION_GENERAL,4.79,,,
Gran Canaria,ES705,2012,2012,Enfermería - Atención primaria (AP),ENFERMERIA_AP,Total,_T,Frecuentación general,FRECUENTACION_GENERAL,1.9,,,
Gran Canaria,ES705,2012,2012,Pediatría - Atención primaria (AP),PEDIATRIA_AP,Total,_T,Frecuentación general,FRECUENTACION_GENERAL,5.28,,,
Gran Canaria,ES705,2012,2012,Medicina Familia y Comunitaria - Atención primaria (AP),FAMILIA_COMUNITARIA_AP,Total,_T,Frecuentación general,FRECUENTACION_GENERAL,5.61,,,
Tenerife,ES709,2012,2012,Enfermería - Atención primaria (AP),ENFERMERIA_AP,Total,_T,Frecuentación general,FRECUENTACION_GENERAL,2.08,,,
Tenerife,ES709,2012,2012,Pediatría - Atención primaria (AP),PEDIATRIA_AP,Total,_T,Frecuentación general,FRECUENTACION_GENERAL,5.71,,,
Tenerife,ES709,2012,2012,Medicina Familia y Comunitaria - Atención primaria (AP),FAMILIA_COMUNITARIA_AP,Total,_T,Frecuentación general,FRECUENTACION_GENERAL,5.15,,,
La Gomera,ES706,2012,2012,Enfermería - Atención primaria (AP),ENFERMERIA_AP,Total,_T,Frecuentación general,FRECUENTACION_GENERAL,4.22,,,
La Gomera,ES706,2012,2012,Pediatría - Atención primaria (AP),PEDIATRIA_AP,Total,_T,Frecuentación general,FRECUENTACION_GENERAL,4.84,,,
La Gomera,ES706,2012,2012,Medicina Familia y Comunitaria - Atención primaria (AP),FAMILIA_COMUNITARIA_AP,Total,_T,Frecuentación general,FRECUENTACION_GENERAL,6.82,,,
La Palma,ES707,2012,2012,Enfermería - Atención primaria (AP),ENFERMERIA_AP,Total,_T,Frecuentación general,FRECUENTACION_GENERAL,3.06,,,
La Palma,ES707,2012,2012,Pediatría - Atención primaria (AP),PEDIATRIA_AP,Total,_T,Frecuentación general,FRECUENTACION_GENERAL,5.93,,,
La Palma,ES707,2012,2012,Medicina Familia y Comunitaria - Atención primaria (AP),FAMILIA_COMUNITARIA_AP,Total,_T,Frecuentación general,FRECUENTACION_GENERAL,6.05,,,
El Hierro,ES703,2012,2012,Enfermería - Atención primaria (AP),ENFERMERIA_AP,Total,_T,Frecuentación general,FRECUENTACION_GENERAL,3.23,,,
El Hierro,ES703,2012,2012,Pediatría - Atención primaria (AP),PEDIATRIA_AP,Total,_T,Frecuentación general,FRECUENTACION_GENERAL,7.74,,,
El Hierro,ES703,2012,2012,Medicina Familia y Comunitaria - Atención primaria (AP),FAMILIA_COMUNITARIA_AP,Total,_T,Frecuentación general,FRECUENTACION_GENERAL,6.18,,,
Canarias,ES70,2013,2013,Enfermería - Atención primaria (AP),ENFERMERIA_AP,Total,_T,Frecuentación general,FRECUENTACION_GENERAL,2.09,,,
Canarias,ES70,2013,2013,Pediatría - Atención primaria (AP),PEDIATRIA_AP,Total,_T,Frecuentación general,FRECUENTACION_GENERAL,5.32,,,
Canarias,ES70,2013,2013,Medicina Familia y Comunitaria - Atención primaria (AP),FAMILIA_COMUNITARIA_AP,Total,_T,Frecuentación general,FRECUENTACION_GENERAL,5.26,,,
Lanzarote,ES708,2013,2013,Enfermería - Atención primaria (AP),ENFERMERIA_AP,Total,_T,Frecuentación general,FRECUENTACION_GENERAL,2.76,,,
Lanzarote,ES708,2013,2013,Pediatría - Atención primaria (AP),PEDIATRIA_AP,Total,_T,Frecuentación general,FRECUENTACION_GENERAL,4.97,,,
Lanzarote,ES708,2013,2013,Medicina Familia y Comunitaria - Atención primaria (AP),FAMILIA_COMUNITARIA_AP,Total,_T,Frecuentación general,FRECUENTACION_GENERAL,5.05,,,
Fuerteventura,ES704,2013,2013,Enfermería - Atención primaria (AP),ENFERMERIA_AP,Total,_T,Frecuentación general,FRECUENTACION_GENERAL,2.15,,,
Fuerteventura,ES704,2013,2013,Pediatría - Atención primaria (AP),PEDIATRIA_AP,Total,_T,Frecuentación general,FRECUENTACION_GENERAL,3.97,,,
Fuerteventura,ES704,2013,2013,Medicina Familia y Comunitaria - Atención primaria (AP),FAMILIA_COMUNITARIA_AP,Total,_T,Frecuentación general,FRECUENTACION_GENERAL,4.78,,,
Gran Canaria,ES705,2013,2013,Enfermería - Atención primaria (AP),ENFERMERIA_AP,Total,_T,Frecuentación general,FRECUENTACION_GENERAL,1.85,,,
Gran Canaria,ES705,2013,2013,Pediatría - Atención primaria (AP),PEDIATRIA_AP,Total,_T,Frecuentación general,FRECUENTACION_GENERAL,5.24,,,
Gran Canaria,ES705,2013,2013,Medicina Familia y Comunitaria - Atención primaria (AP),FAMILIA_COMUNITARIA_AP,Total,_T,Frecuentación general,FRECUENTACION_GENERAL,5.44,,,
Tenerife,ES709,2013,2013,Enfermería - Atención primaria (AP),ENFERMERIA_AP,Total,_T,Frecuentación general,FRECUENTACION_GENERAL,2.06,,,
Tenerife,ES709,2013,2013,Pediatría - Atención primaria (AP),PEDIATRIA_AP,Total,_T,Frecuentación general,FRECUENTACION_GENERAL,5.58,,,
Tenerife,ES709,2013,2013,Medicina Familia y Comunitaria - Atención primaria (AP),FAMILIA_COMUNITARIA_AP,Total,_T,Frecuentación general,FRECUENTACION_GENERAL,5.09,,,
La Gomera,ES706,2013,2013,Enfermería - Atención primaria (AP),ENFERMERIA_AP,Total,_T,Frecuentación general,FRECUENTACION_GENERAL,4.15,,,
La Gomera,ES706,2013,2013,Pediatría - Atención primaria (AP),PEDIATRIA_AP,Total,_T,Frecuentación general,FRECUENTACION_GENERAL,4.89,,,
La Gomera,ES706,2013,2013,Medicina Familia y Comunitaria - Atención primaria (AP),FAMILIA_COMUNITARIA_AP,Total,_T,Frecuentación general,FRECUENTACION_GENERAL,6.66,,,
La Palma,ES707,2013,2013,Enfermería - Atención primaria (AP),ENFERMERIA_AP,Total,_T,Frecuentación general,FRECUENTACION_GENERAL,3.14,,,
La Palma,ES707,2013,2013,Pediatría - Atención primaria (AP),PEDIATRIA_AP,Total,_T,Frecuentación general,FRECUENTACION_GENERAL,6.07,,,
La Palma,ES707,2013,2013,Medicina Familia y Comunitaria - Atención primaria (AP),FAMILIA_COMUNITARIA_AP,Total,_T,Frecuentación general,FRECUENTACION_GENERAL,5.76,,,
El Hierro,ES703,2013,2013,Enfermería - Atención primaria (AP),ENFERMERIA_AP,Total,_T,Frecuentación general,FRECUENTACION_GENERAL,3.27,,,
El Hierro,ES703,2013,2013,Pediatría - Atención primaria (AP),PEDIATRIA_AP,Total,_T,Frecuentación general,FRECUENTACION_GENERAL,8.04,,,
El Hierro,ES703,2013,2013,Medicina Familia y Comunitaria - Atención primaria (AP),FAMILIA_COMUNITARIA_AP,Total,_T,Frecuentación general,FRECUENTACION_GENERAL,5.87,,,
Canarias,ES70,2014,2014,Enfermería - Atención primaria (AP),ENFERMERIA_AP,Total,_T,Frecuentación general,FRECUENTACION_GENERAL,2.14,,,
Canarias,ES70,2014,2014,Pediatría - Atención primaria (AP),PEDIATRIA_AP,Total,_T,Frecuentación general,FRECUENTACION_GENERAL,5.37,,,
Canarias,ES70,2014,2014,Medicina Familia y Comunitaria - Atención primaria (AP),FAMILIA_COMUNITARIA_AP,Total,_T,Frecuentación general,FRECUENTACION_GENERAL,5.1,,,
Lanzarote,ES708,2014,2014,Enfermería - Atención primaria (AP),ENFERMERIA_AP,Total,_T,Frecuentación general,FRECUENTACION_GENERAL,3.16,,,
Lanzarote,ES708,2014,2014,Pediatría - Atención primaria (AP),PEDIATRIA_AP,Total,_T,Frecuentación general,FRECUENTACION_GENERAL,5.24,,,
Lanzarote,ES708,2014,2014,Medicina Familia y Comunitaria - Atención primaria (AP),FAMILIA_COMUNITARIA_AP,Total,_T,Frecuentación general,FRECUENTACION_GENERAL,4.98,,,
Fuerteventura,ES704,2014,2014,Enfermería - Atención primaria (AP),ENFERMERIA_AP,Total,_T,Frecuentación general,FRECUENTACION_GENERAL,2.01,,,
Fuerteventura,ES704,2014,2014,Pediatría - Atención primaria (AP),PEDIATRIA_AP,Total,_T,Frecuentación general,FRECUENTACION_GENERAL,3.8,,,
Fuerteventura,ES704,2014,2014,Medicina Familia y Comunitaria - Atención primaria (AP),FAMILIA_COMUNITARIA_AP,Total,_T,Frecuentación general,FRECUENTACION_GENERAL,4.53,,,
Gran Canaria,ES705,2014,2014,Enfermería - Atención primaria (AP),ENFERMERIA_AP,Total,_T,Frecuentación general,FRECUENTACION_GENERAL,1.89,,,
Gran Canaria,ES705,2014,2014,Pediatría - Atención primaria (AP),PEDIATRIA_AP,Total,_T,Frecuentación general,FRECUENTACION_GENERAL,5.35,,,
Gran Canaria,ES705,2014,2014,Medicina Familia y Comunitaria - Atención primaria (AP),FAMILIA_COMUNITARIA_AP,Total,_T,Frecuentación general,FRECUENTACION_GENERAL,5.23,,,
Tenerife,ES709,2014,2014,Enfermería - Atención primaria (AP),ENFERMERIA_AP,Total,_T,Frecuentación general,FRECUENTACION_GENERAL,2.1,,,
Tenerife,ES709,2014,2014,Pediatría - Atención primaria (AP),PEDIATRIA_AP,Total,_T,Frecuentación general,FRECUENTACION_GENERAL,5.58,,,
Tenerife,ES709,2014,2014,Medicina Familia y Comunitaria - Atención primaria (AP),FAMILIA_COMUNITARIA_AP,Total,_T,Frecuentación general,FRECUENTACION_GENERAL,4.97,,,
La Gomera,ES706,2014,2014,Enfermería - Atención primaria (AP),ENFERMERIA_AP,Total,_T,Frecuentación general,FRECUENTACION_GENERAL,4.07,,,
La Gomera,ES706,2014,2014,Pediatría - Atención primaria (AP),PEDIATRIA_AP,Total,_T,Frecuentación general,FRECUENTACION_GENERAL,5.37,,,
La Gomera,ES706,2014,2014,Medicina Familia y Comunitaria - Atención primaria (AP),FAMILIA_COMUNITARIA_AP,Total,_T,Frecuentación general,FRECUENTACION_GENERAL,6.58,,,
La Palma,ES707,2014,2014,Enfermería - Atención primaria (AP),ENFERMERIA_AP,Total,_T,Frecuentación general,FRECUENTACION_GENERAL,3.18,,,
La Palma,ES707,2014,2014,Pediatría - Atención primaria (AP),PEDIATRIA_AP,Total,_T,Frecuentación general,FRECUENTACION_GENERAL,5.7,,,
La Palma,ES707,2014,2014,Medicina Familia y Comunitaria - Atención primaria (AP),FAMILIA_COMUNITARIA_AP,Total,_T,Frecuentación general,FRECUENTACION_GENERAL,5.47,,,
El Hierro,ES703,2014,2014,Enfermería - Atención primaria (AP),ENFERMERIA_AP,Total,_T,Frecuentación general,FRECUENTACION_GENERAL,3.37,,,
El Hierro,ES703,2014,2014,Pediatría - Atención primaria (AP),PEDIATRIA_AP,Total,_T,Frecuentación general,FRECUENTACION_GENERAL,7.66,,,
El Hierro,ES703,2014,2014,Medicina Familia y Comunitaria - Atención primaria (AP),FAMILIA_COMUNITARIA_AP,Total,_T,Frecuentación general,FRECUENTACION_GENERAL,5.83,,,
Canarias,ES70,2015,2015,Enfermería - Atención primaria (AP),ENFERMERIA_AP,Total,_T,Frecuentación general,FRECUENTACION_GENERAL,2.27,,,
Canarias,ES70,2015,2015,Pediatría - Atención primaria (AP),PEDIATRIA_AP,Total,_T,Frecuentación general,FRECUENTACION_GENERAL,5.51,,,
Canarias,ES70,2015,2015,Medicina Familia y Comunitaria - Atención primaria (AP),FAMILIA_COMUNITARIA_AP,Total,_T,Frecuentación general,FRECUENTACION_GENERAL,5.12,,,
Lanzarote,ES708,2015,2015,Enfermería - Atención primaria (AP),ENFERMERIA_AP,Total,_T,Frecuentación general,FRECUENTACION_GENERAL,3.49,,,
Lanzarote,ES708,2015,2015,Pediatría - Atención primaria (AP),PEDIATRIA_AP,Total,_T,Frecuentación general,FRECUENTACION_GENERAL,5.32,,,
Lanzarote,ES708,2015,2015,Medicina Familia y Comunitaria - Atención primaria (AP),FAMILIA_COMUNITARIA_AP,Total,_T,Frecuentación general,FRECUENTACION_GENERAL,5.21,,,
Fuerteventura,ES704,2015,2015,Enfermería - Atención primaria (AP),ENFERMERIA_AP,Total,_T,Frecuentación general,FRECUENTACION_GENERAL,2.14,,,
Fuerteventura,ES704,2015,2015,Pediatría - Atención primaria (AP),PEDIATRIA_AP,Total,_T,Frecuentación general,FRECUENTACION_GENERAL,3.89,,,
Fuerteventura,ES704,2015,2015,Medicina Familia y Comunitaria - Atención primaria (AP),FAMILIA_COMUNITARIA_AP,Total,_T,Frecuentación general,FRECUENTACION_GENERAL,4.6,,,
Gran Canaria,ES705,2015,2015,Enfermería - Atención primaria (AP),ENFERMERIA_AP,Total,_T,Frecuentación general,FRECUENTACION_GENERAL,2.03,,,
Gran Canaria,ES705,2015,2015,Pediatría - Atención primaria (AP),PEDIATRIA_AP,Total,_T,Frecuentación general,FRECUENTACION_GENERAL,5.38,,,
Gran Canaria,ES705,2015,2015,Medicina Familia y Comunitaria - Atención primaria (AP),FAMILIA_COMUNITARIA_AP,Total,_T,Frecuentación general,FRECUENTACION_GENERAL,5.25,,,
Tenerife,ES709,2015,2015,Enfermería - Atención primaria (AP),ENFERMERIA_AP,Total,_T,Frecuentación general,FRECUENTACION_GENERAL,2.17,,,
Tenerife,ES709,2015,2015,Pediatría - Atención primaria (AP),PEDIATRIA_AP,Total,_T,Frecuentación general,FRECUENTACION_GENERAL,5.84,,,
Tenerife,ES709,2015,2015,Medicina Familia y Comunitaria - Atención primaria (AP),FAMILIA_COMUNITARIA_AP,Total,_T,Frecuentación general,FRECUENTACION_GENERAL,4.96,,,
La Gomera,ES706,2015,2015,Enfermería - Atención primaria (AP),ENFERMERIA_AP,Total,_T,Frecuentación general,FRECUENTACION_GENERAL,4.34,,,
La Gomera,ES706,2015,2015,Pediatría - Atención primaria (AP),PEDIATRIA_AP,Total,_T,Frecuentación general,FRECUENTACION_GENERAL,5.71,,,
La Gomera,ES706,2015,2015,Medicina Familia y Comunitaria - Atención primaria (AP),FAMILIA_COMUNITARIA_AP,Total,_T,Frecuentación general,FRECUENTACION_GENERAL,6.82,,,
La Palma,ES707,2015,2015,Enfermería - Atención primaria (AP),ENFERMERIA_AP,Total,_T,Frecuentación general,FRECUENTACION_GENERAL,3.35,,,
La Palma,ES707,2015,2015,Pediatría - Atención primaria (AP),PEDIATRIA_AP,Total,_T,Frecuentación general,FRECUENTACION_GENERAL,5.96,,,
La Palma,ES707,2015,2015,Medicina Familia y Comunitaria - Atención primaria (AP),FAMILIA_COMUNITARIA_AP,Total,_T,Frecuentación general,FRECUENTACION_GENERAL,5.52,,,
El Hierro,ES703,2015,2015,Enfermería - Atención primaria (AP),ENFERMERIA_AP,Total,_T,Frecuentación general,FRECUENTACION_GENERAL,3.74,,,
El Hierro,ES703,2015,2015,Pediatría - Atención primaria (AP),PEDIATRIA_AP,Total,_T,Frecuentación general,FRECUENTACION_GENERAL,7.57,,,
El Hierro,ES703,2015,2015,Medicina Familia y Comunitaria - Atención primaria (AP),FAMILIA_COMUNITARIA_AP,Total,_T,Frecuentación general,FRECUENTACION_GENERAL,6.08,,,
Canarias,ES70,2016,2016,Enfermería - Atención primaria (AP),ENFERMERIA_AP,Total,_T,Frecuentación general,FRECUENTACION_GENERAL,2.31,,,
Canarias,ES70,2016,2016,Pediatría - Atención primaria (AP),PEDIATRIA_AP,Total,_T,Frecuentación general,FRECUENTACION_GENERAL,5.63,,,
Canarias,ES70,2016,2016,Medicina Familia y Comunitaria - Atención primaria (AP),FAMILIA_COMUNITARIA_AP,Total,_T,Frecuentación general,FRECUENTACION_GENERAL,5.05,,,
Lanzarote,ES708,2016,2016,Enfermería - Atención primaria (AP),ENFERMERIA_AP,Total,_T,Frecuentación general,FRECUENTACION_GENERAL,3.53,,,
Lanzarote,ES708,2016,2016,Pediatría - Atención primaria (AP),PEDIATRIA_AP,Total,_T,Frecuentación general,FRECUENTACION_GENERAL,5.34,,,
Lanzarote,ES708,2016,2016,Medicina Familia y Comunitaria - Atención primaria (AP),FAMILIA_COMUNITARIA_AP,Total,_T,Frecuentación general,FRECUENTACION_GENERAL,5.03,,,
Fuerteventura,ES704,2016,2016,Enfermería - Atención primaria (AP),ENFERMERIA_AP,Total,_T,Frecuentación general,FRECUENTACION_GENERAL,2.01,,,
Fuerteventura,ES704,2016,2016,Pediatría - Atención primaria (AP),PEDIATRIA_AP,Total,_T,Frecuentación general,FRECUENTACION_GENERAL,3.92,,,
Fuerteventura,ES704,2016,2016,Medicina Familia y Comunitaria - Atención primaria (AP),FAMILIA_COMUNITARIA_AP,Total,_T,Frecuentación general,FRECUENTACION_GENERAL,4.38,,,
Gran Canaria,ES705,2016,2016,Enfermería - Atención primaria (AP),ENFERMERIA_AP,Total,_T,Frecuentación general,FRECUENTACION_GENERAL,2.08,,,
Gran Canaria,ES705,2016,2016,Pediatría - Atención primaria (AP),PEDIATRIA_AP,Total,_T,Frecuentación general,FRECUENTACION_GENERAL,5.44,,,
Gran Canaria,ES705,2016,2016,Medicina Familia y Comunitaria - Atención primaria (AP),FAMILIA_COMUNITARIA_AP,Total,_T,Frecuentación general,FRECUENTACION_GENERAL,5.21,,,
Tenerife,ES709,2016,2016,Enfermería - Atención primaria (AP),ENFERMERIA_AP,Total,_T,Frecuentación general,FRECUENTACION_GENERAL,2.22,,,
Tenerife,ES709,2016,2016,Pediatría - Atención primaria (AP),PEDIATRIA_AP,Total,_T,Frecuentación general,FRECUENTACION_GENERAL,6.06,,,
Tenerife,ES709,2016,2016,Medicina Familia y Comunitaria - Atención primaria (AP),FAMILIA_COMUNITARIA_AP,Total,_T,Frecuentación general,FRECUENTACION_GENERAL,4.89,,,
La Gomera,ES706,2016,2016,Enfermería - Atención primaria (AP),ENFERMERIA_AP,Total,_T,Frecuentación general,FRECUENTACION_GENERAL,4.26,,,
La Gomera,ES706,2016,2016,Pediatría - Atención primaria (AP),PEDIATRIA_AP,Total,_T,Frecuentación general,FRECUENTACION_GENERAL,5.69,,,
La Gomera,ES706,2016,2016,Medicina Familia y Comunitaria - Atención primaria (AP),FAMILIA_COMUNITARIA_AP,Total,_T,Frecuentación general,FRECUENTACION_GENERAL,6.66,,,
La Palma,ES707,2016,2016,Enfermería - Atención primaria (AP),ENFERMERIA_AP,Total,_T,Frecuentación general,FRECUENTACION_GENERAL,3.33,,,
La Palma,ES707,2016,2016,Pediatría - Atención primaria (AP),PEDIATRIA_AP,Total,_T,Frecuentación general,FRECUENTACION_GENERAL,5.93,,,
La Palma,ES707,2016,2016,Medicina Familia y Comunitaria - Atención primaria (AP),FAMILIA_COMUNITARIA_AP,Total,_T,Frecuentación general,FRECUENTACION_GENERAL,5.52,,,
El Hierro,ES703,2016,2016,Enfermería - Atención primaria (AP),ENFERMERIA_AP,Total,_T,Frecuentación general,FRECUENTACION_GENERAL,3.62,,,
El Hierro,ES703,2016,2016,Pediatría - Atención primaria (AP),PEDIATRIA_AP,Total,_T,Frecuentación general,FRECUENTACION_GENERAL,7.65,,,
El Hierro,ES703,2016,2016,Medicina Familia y Comunitaria - Atención primaria (AP),FAMILIA_COMUNITARIA_AP,Total,_T,Frecuentación general,FRECUENTACION_GENERAL,6.17,,,
Canarias,ES70,2017,2017,Enfermería - Atención primaria (AP),ENFERMERIA_AP,Total,_T,Frecuentación general,FRECUENTACION_GENERAL,2.32,,,
Canarias,ES70,2017,2017,Pediatría - Atención primaria (AP),PEDIATRIA_AP,Total,_T,Frecuentación general,FRECUENTACION_GENERAL,5.67,,,
Canarias,ES70,2017,2017,Medicina Familia y Comunitaria - Atención primaria (AP),FAMILIA_COMUNITARIA_AP,Total,_T,Frecuentación general,FRECUENTACION_GENERAL,4.9,,,
Lanzarote,ES708,2017,2017,Enfermería - Atención primaria (AP),ENFERMERIA_AP,Total,_T,Frecuentación general,FRECUENTACION_GENERAL,3.43,,,
Lanzarote,ES708,2017,2017,Pediatría - Atención primaria (AP),PEDIATRIA_AP,Total,_T,Frecuentación general,FRECUENTACION_GENERAL,5.51,,,
Lanzarote,ES708,2017,2017,Medicina Familia y Comunitaria - Atención primaria (AP),FAMILIA_COMUNITARIA_AP,Total,_T,Frecuentación general,FRECUENTACION_GENERAL,4.85,,,
Fuerteventura,ES704,2017,2017,Enfermería - Atención primaria (AP),ENFERMERIA_AP,Total,_T,Frecuentación general,FRECUENTACION_GENERAL,2.05,,,
Fuerteventura,ES704,2017,2017,Pediatría - Atención primaria (AP),PEDIATRIA_AP,Total,_T,Frecuentación general,FRECUENTACION_GENERAL,3.99,,,
Fuerteventura,ES704,2017,2017,Medicina Familia y Comunitaria - Atención primaria (AP),FAMILIA_COMUNITARIA_AP,Total,_T,Frecuentación general,FRECUENTACION_GENERAL,4.09,,,
Gran Canaria,ES705,2017,2017,Enfermería - Atención primaria (AP),ENFERMERIA_AP,Total,_T,Frecuentación general,FRECUENTACION_GENERAL,2.14,,,
Gran Canaria,ES705,2017,2017,Pediatría - Atención primaria (AP),PEDIATRIA_AP,Total,_T,Frecuentación general,FRECUENTACION_GENERAL,5.46,,,
Gran Canaria,ES705,2017,2017,Medicina Familia y Comunitaria - Atención primaria (AP),FAMILIA_COMUNITARIA_AP,Total,_T,Frecuentación general,FRECUENTACION_GENERAL,5.15,,,
Tenerife,ES709,2017,2017,Enfermería - Atención primaria (AP),ENFERMERIA_AP,Total,_T,Frecuentación general,FRECUENTACION_GENERAL,2.21,,,
Tenerife,ES709,2017,2017,Pediatría - Atención primaria (AP),PEDIATRIA_AP,Total,_T,Frecuentación general,FRECUENTACION_GENERAL,6.09,,,
Tenerife,ES709,2017,2017,Medicina Familia y Comunitaria - Atención primaria (AP),FAMILIA_COMUNITARIA_AP,Total,_T,Frecuentación general,FRECUENTACION_GENERAL,4.7,,,
La Gomera,ES706,2017,2017,Enfermería - Atención primaria (AP),ENFERMERIA_AP,Total,_T,Frecuentación general,FRECUENTACION_GENERAL,4.04,,,
La Gomera,ES706,2017,2017,Pediatría - Atención primaria (AP),PEDIATRIA_AP,Total,_T,Frecuentación general,FRECUENTACION_GENERAL,4.35,,,
La Gomera,ES706,2017,2017,Medicina Familia y Comunitaria - Atención primaria (AP),FAMILIA_COMUNITARIA_AP,Total,_T,Frecuentación general,FRECUENTACION_GENERAL,6.17,,,
La Palma,ES707,2017,2017,Enfermería - Atención primaria (AP),ENFERMERIA_AP,Total,_T,Frecuentación general,FRECUENTACION_GENERAL,3.34,,,
La Palma,ES707,2017,2017,Pediatría - Atención primaria (AP),PEDIATRIA_AP,Total,_T,Frecuentación general,FRECUENTACION_GENERAL,6.11,,,
La Palma,ES707,2017,2017,Medicina Familia y Comunitaria - Atención primaria (AP),FAMILIA_COMUNITARIA_AP,Total,_T,Frecuentación general,FRECUENTACION_GENERAL,5.18,,,
El Hierro,ES703,2017,2017,Enfermería - Atención primaria (AP),ENFERMERIA_AP,Total,_T,Frecuentación general,FRECUENTACION_GENERAL,3.45,,,
El Hierro,ES703,2017,2017,Pediatría - Atención primaria (AP),PEDIATRIA_AP,Total,_T,Frecuentación general,FRECUENTACION_GENERAL,7.67,,,
El Hierro,ES703,2017,2017,Medicina Familia y Comunitaria - Atención primaria (AP),FAMILIA_COMUNITARIA_AP,Total,_T,Frecuentación general,FRECUENTACION_GENERAL,5.78,,,
Canarias,ES70,2018,2018,Enfermería - Atención primaria (AP),ENFERMERIA_AP,Total,_T,Frecuentación general,FRECUENTACION_GENERAL,2.26,,,
Canarias,ES70,2018,2018,Pediatría - Atención primaria (AP),PEDIATRIA_AP,Total,_T,Frecuentación general,FRECUENTACION_GENERAL,5.44,,,
Canarias,ES70,2018,2018,Medicina Familia y Comunitaria - Atención primaria (AP),FAMILIA_COMUNITARIA_AP,Total,_T,Frecuentación general,FRECUENTACION_GENERAL,4.76,,,
Lanzarote,ES708,2018,2018,Enfermería - Atención primaria (AP),ENFERMERIA_AP,Total,_T,Frecuentación general,FRECUENTACION_GENERAL,3.2,,,
Lanzarote,ES708,2018,2018,Pediatría - Atención primaria (AP),PEDIATRIA_AP,Total,_T,Frecuentación general,FRECUENTACION_GENERAL,5.24,,,
Lanzarote,ES708,2018,2018,Medicina Familia y Comunitaria - Atención primaria (AP),FAMILIA_COMUNITARIA_AP,Total,_T,Frecuentación general,FRECUENTACION_GENERAL,4.85,,,
Fuerteventura,ES704,2018,2018,Enfermería - Atención primaria (AP),ENFERMERIA_AP,Total,_T,Frecuentación general,FRECUENTACION_GENERAL,1.94,,,
Fuerteventura,ES704,2018,2018,Pediatría - Atención primaria (AP),PEDIATRIA_AP,Total,_T,Frecuentación general,FRECUENTACION_GENERAL,3.81,,,
Fuerteventura,ES704,2018,2018,Medicina Familia y Comunitaria - Atención primaria (AP),FAMILIA_COMUNITARIA_AP,Total,_T,Frecuentación general,FRECUENTACION_GENERAL,3.94,,,
Gran Canaria,ES705,2018,2018,Enfermería - Atención primaria (AP),ENFERMERIA_AP,Total,_T,Frecuentación general,FRECUENTACION_GENERAL,2.08,,,
Gran Canaria,ES705,2018,2018,Pediatría - Atención primaria (AP),PEDIATRIA_AP,Total,_T,Frecuentación general,FRECUENTACION_GENERAL,5.22,,,
Gran Canaria,ES705,2018,2018,Medicina Familia y Comunitaria - Atención primaria (AP),FAMILIA_COMUNITARIA_AP,Total,_T,Frecuentación general,FRECUENTACION_GENERAL,4.97,,,
Tenerife,ES709,2018,2018,Enfermería - Atención primaria (AP),ENFERMERIA_AP,Total,_T,Frecuentación general,FRECUENTACION_GENERAL,2.19,,,
Tenerife,ES709,2018,2018,Pediatría - Atención primaria (AP),PEDIATRIA_AP,Total,_T,Frecuentación general,FRECUENTACION_GENERAL,5.85,,,
Tenerife,ES709,2018,2018,Medicina Familia y Comunitaria - Atención primaria (AP),FAMILIA_COMUNITARIA_AP,Total,_T,Frecuentación general,FRECUENTACION_GENERAL,4.58,,,
La Gomera,ES706,2018,2018,Enfermería - Atención primaria (AP),ENFERMERIA_AP,Total,_T,Frecuentación general,FRECUENTACION_GENERAL,3.94,,,
La Gomera,ES706,2018,2018,Pediatría - Atención primaria (AP),PEDIATRIA_AP,Total,_T,Frecuentación general,FRECUENTACION_GENERAL,5.03,,,
La Gomera,ES706,2018,2018,Medicina Familia y Comunitaria - Atención primaria (AP),FAMILIA_COMUNITARIA_AP,Total,_T,Frecuentación general,FRECUENTACION_GENERAL,6.21,,,
La Palma,ES707,2018,2018,Enfermería - Atención primaria (AP),ENFERMERIA_AP,Total,_T,Frecuentación general,FRECUENTACION_GENERAL,3.2,,,
La Palma,ES707,2018,2018,Pediatría - Atención primaria (AP),PEDIATRIA_AP,Total,_T,Frecuentación general,FRECUENTACION_GENERAL,5.86,,,
La Palma,ES707,2018,2018,Medicina Familia y Comunitaria - Atención primaria (AP),FAMILIA_COMUNITARIA_AP,Total,_T,Frecuentación general,FRECUENTACION_GENERAL,4.97,,,
El Hierro,ES703,2018,2018,Enfermería - Atención primaria (AP),ENFERMERIA_AP,Total,_T,Frecuentación general,FRECUENTACION_GENERAL,3.18,,,
El Hierro,ES703,2018,2018,Pediatría - Atención primaria (AP),PEDIATRIA_AP,Total,_T,Frecuentación general,FRECUENTACION_GENERAL,7.06,,,
El Hierro,ES703,2018,2018,Medicina Familia y Comunitaria - Atención primaria (AP),FAMILIA_COMUNITARIA_AP,Total,_T,Frecuentación general,FRECUENTACION_GENERAL,5.68,,,
Canarias,ES70,2019,2019,Enfermería - Atención primaria (AP),ENFERMERIA_AP,Total,_T,Frecuentación general,FRECUENTACION_GENERAL,2.27,,,
Canarias,ES70,2019,2019,Pediatría - Atención primaria (AP),PEDIATRIA_AP,Total,_T,Frecuentación general,FRECUENTACION_GENERAL,5.49,,,
Canarias,ES70,2019,2019,Medicina Familia y Comunitaria - Atención primaria (AP),FAMILIA_COMUNITARIA_AP,Total,_T,Frecuentación general,FRECUENTACION_GENERAL,5.04,,,
Lanzarote,ES708,2019,2019,Enfermería - Atención primaria (AP),ENFERMERIA_AP,Total,_T,Frecuentación general,FRECUENTACION_GENERAL,1.89,,,
Lanzarote,ES708,2019,2019,Pediatría - Atención primaria (AP),PEDIATRIA_AP,Total,_T,Frecuentación general,FRECUENTACION_GENERAL,3.7,,,
Lanzarote,ES708,2019,2019,Medicina Familia y Comunitaria - Atención primaria (AP),FAMILIA_COMUNITARIA_AP,Total,_T,Frecuentación general,FRECUENTACION_GENERAL,4.23,,,
Fuerteventura,ES704,2019,2019,Enfermería - Atención primaria (AP),ENFERMERIA_AP,Total,_T,Frecuentación general,FRECUENTACION_GENERAL,3.05,,,
Fuerteventura,ES704,2019,2019,Pediatría - Atención primaria (AP),PEDIATRIA_AP,Total,_T,Frecuentación general,FRECUENTACION_GENERAL,5.11,,,
Fuerteventura,ES704,2019,2019,Medicina Familia y Comunitaria - Atención primaria (AP),FAMILIA_COMUNITARIA_AP,Total,_T,Frecuentación general,FRECUENTACION_GENERAL,5.12,,,
Gran Canaria,ES705,2019,2019,Enfermería - Atención primaria (AP),ENFERMERIA_AP,Total,_T,Frecuentación general,FRECUENTACION_GENERAL,2.08,,,
Gran Canaria,ES705,2019,2019,Pediatría - Atención primaria (AP),PEDIATRIA_AP,Total,_T,Frecuentación general,FRECUENTACION_GENERAL,5.28,,,
Gran Canaria,ES705,2019,2019,Medicina Familia y Comunitaria - Atención primaria (AP),FAMILIA_COMUNITARIA_AP,Total,_T,Frecuentación general,FRECUENTACION_GENERAL,5.2,,,
Tenerife,ES709,2019,2019,Enfermería - Atención primaria (AP),ENFERMERIA_AP,Total,_T,Frecuentación general,FRECUENTACION_GENERAL,2.24,,,
Tenerife,ES709,2019,2019,Pediatría - Atención primaria (AP),PEDIATRIA_AP,Total,_T,Frecuentación general,FRECUENTACION_GENERAL,5.97,,,
Tenerife,ES709,2019,2019,Medicina Familia y Comunitaria - Atención primaria (AP),FAMILIA_COMUNITARIA_AP,Total,_T,Frecuentación general,FRECUENTACION_GENERAL,4.91,,,
La Gomera,ES706,2019,2019,Enfermería - Atención primaria (AP),ENFERMERIA_AP,Total,_T,Frecuentación general,FRECUENTACION_GENERAL,3.86,,,
La Gomera,ES706,2019,2019,Pediatría - Atención primaria (AP),PEDIATRIA_AP,Total,_T,Frecuentación general,FRECUENTACION_GENERAL,5.21,,,
La Gomera,ES706,2019,2019,Medicina Familia y Comunitaria - Atención primaria (AP),FAMILIA_COMUNITARIA_AP,Total,_T,Frecuentación general,FRECUENTACION_GENERAL,6.3,,,
La Palma,ES707,2019,2019,Enfermería - Atención primaria (AP),ENFERMERIA_AP,Total,_T,Frecuentación general,FRECUENTACION_GENERAL,3.16,,,
La Palma,ES707,2019,2019,Pediatría - Atención primaria (AP),PEDIATRIA_AP,Total,_T,Frecuentación general,FRECUENTACION_GENERAL,5.95,,,
La Palma,ES707,2019,2019,Medicina Familia y Comunitaria - Atención primaria (AP),FAMILIA_COMUNITARIA_AP,Total,_T,Frecuentación general,FRECUENTACION_GENERAL,5.17,,,
El Hierro,ES703,2019,2019,Enfermería - Atención primaria (AP),ENFERMERIA_AP,Total,_T,Frecuentación general,FRECUENTACION_GENERAL,3.16,,,
El Hierro,ES703,2019,2019,Pediatría - Atención primaria (AP),PEDIATRIA_AP,Total,_T,Frecuentación general,FRECUENTACION_GENERAL,6.7,,,
El Hierro,ES703,2019,2019,Medicina Familia y Comunitaria - Atención primaria (AP),FAMILIA_COMUNITARIA_AP,Total,_T,Frecuentación general,FRECUENTACION_GENERAL,6.18,,,
Canarias,ES70,2020,2020,Enfermería - Atención primaria (AP),ENFERMERIA_AP,Total,_T,Frecuentación general,FRECUENTACION_GENERAL,1.96,,,
Canarias,ES70,2020,2020,Pediatría - Atención primaria (AP),PEDIATRIA_AP,Total,_T,Frecuentación general,FRECUENTACION_GENERAL,4.9,,,
Canarias,ES70,2020,2020,Medicina Familia y Comunitaria - Atención primaria (AP),FAMILIA_COMUNITARIA_AP,Total,_T,Frecuentación general,FRECUENTACION_GENERAL,5.05,,,
Lanzarote,ES708,2020,2020,Enfermería - Atención primaria (AP),ENFERMERIA_AP,Total,_T,Frecuentación general,FRECUENTACION_GENERAL,2.02,,,
Lanzarote,ES708,2020,2020,Pediatría - Atención primaria (AP),PEDIATRIA_AP,Total,_T,Frecuentación general,FRECUENTACION_GENERAL,4.22,,,
Lanzarote,ES708,2020,2020,Medicina Familia y Comunitaria - Atención primaria (AP),FAMILIA_COMUNITARIA_AP,Total,_T,Frecuentación general,FRECUENTACION_GENERAL,4.69,,,
Fuerteventura,ES704,2020,2020,Enfermería - Atención primaria (AP),ENFERMERIA_AP,Total,_T,Frecuentación general,FRECUENTACION_GENERAL,1.66,,,
Fuerteventura,ES704,2020,2020,Pediatría - Atención primaria (AP),PEDIATRIA_AP,Total,_T,Frecuentación general,FRECUENTACION_GENERAL,3.57,,,
Fuerteventura,ES704,2020,2020,Medicina Familia y Comunitaria - Atención primaria (AP),FAMILIA_COMUNITARIA_AP,Total,_T,Frecuentación general,FRECUENTACION_GENERAL,4.21,,,
Gran Canaria,ES705,2020,2020,Enfermería - Atención primaria (AP),ENFERMERIA_AP,Total,_T,Frecuentación general,FRECUENTACION_GENERAL,1.97,,,
Gran Canaria,ES705,2020,2020,Pediatría - Atención primaria (AP),PEDIATRIA_AP,Total,_T,Frecuentación general,FRECUENTACION_GENERAL,4.58,,,
Gran Canaria,ES705,2020,2020,Medicina Familia y Comunitaria - Atención primaria (AP),FAMILIA_COMUNITARIA_AP,Total,_T,Frecuentación general,FRECUENTACION_GENERAL,5.25,,,
Tenerife,ES709,2020,2020,Enfermería - Atención primaria (AP),ENFERMERIA_AP,Total,_T,Frecuentación general,FRECUENTACION_GENERAL,1.9,,,
Tenerife,ES709,2020,2020,Pediatría - Atención primaria (AP),PEDIATRIA_AP,Total,_T,Frecuentación general,FRECUENTACION_GENERAL,5.5,,,
Tenerife,ES709,2020,2020,Medicina Familia y Comunitaria - Atención primaria (AP),FAMILIA_COMUNITARIA_AP,Total,_T,Frecuentación general,FRECUENTACION_GENERAL,5.01,,,
La Gomera,ES706,2020,2020,Enfermería - Atención primaria (AP),ENFERMERIA_AP,Total,_T,Frecuentación general,FRECUENTACION_GENERAL,3.5,,,
La Gomera,ES706,2020,2020,Pediatría - Atención primaria (AP),PEDIATRIA_AP,Total,_T,Frecuentación general,FRECUENTACION_GENERAL,5.13,,,
La Gomera,ES706,2020,2020,Medicina Familia y Comunitaria - Atención primaria (AP),FAMILIA_COMUNITARIA_AP,Total,_T,Frecuentación general,FRECUENTACION_GENERAL,5.6,,,
La Palma,ES707,2020,2020,Enfermería - Atención primaria (AP),ENFERMERIA_AP,Total,_T,Frecuentación general,FRECUENTACION_GENERAL,2.6,,,
La Palma,ES707,2020,2020,Pediatría - Atención primaria (AP),PEDIATRIA_AP,Total,_T,Frecuentación general,FRECUENTACION_GENERAL,4.75,,,
La Palma,ES707,2020,2020,Medicina Familia y Comunitaria - Atención primaria (AP),FAMILIA_COMUNITARIA_AP,Total,_T,Frecuentación general,FRECUENTACION_GENERAL,4.85,,,
El Hierro,ES703,2020,2020,Enfermería - Atención primaria (AP),ENFERMERIA_AP,Total,_T,Frecuentación general,FRECUENTACION_GENERAL,2.95,,,
El Hierro,ES703,2020,2020,Pediatría - Atención primaria (AP),PEDIATRIA_AP,Total,_T,Frecuentación general,FRECUENTACION_GENERAL,5.59,,,
El Hierro,ES703,2020,2020,Medicina Familia y Comunitaria - Atención primaria (AP),FAMILIA_COMUNITARIA_AP,Total,_T,Frecuentación general,FRECUENTACION_GENERAL,6.17,,,
Canarias,ES70,2021,2021,Enfermería - Atención primaria (AP),ENFERMERIA_AP,Total,_T,Frecuentación general,FRECUENTACION_GENERAL,3.13,,,
Canarias,ES70,2021,2021,Pediatría - Atención primaria (AP),PEDIATRIA_AP,Total,_T,Frecuentación general,FRECUENTACION_GENERAL,5.8,,,
Canarias,ES70,2021,2021,Medicina Familia y Comunitaria - Atención primaria (AP),FAMILIA_COMUNITARIA_AP,Total,_T,Frecuentación general,FRECUENTACION_GENERAL,5.48,,,
Lanzarote,ES708,2021,2021,Enfermería - Atención primaria (AP),ENFERMERIA_AP,Total,_T,Frecuentación general,FRECUENTACION_GENERAL,5.04,,,
Lanzarote,ES708,2021,2021,Pediatría - Atención primaria (AP),PEDIATRIA_AP,Total,_T,Frecuentación general,FRECUENTACION_GENERAL,5.35,,,
Lanzarote,ES708,2021,2021,Medicina Familia y Comunitaria - Atención primaria (AP),FAMILIA_COMUNITARIA_AP,Total,_T,Frecuentación general,FRECUENTACION_GENERAL,4.97,,,
Fuerteventura,ES704,2021,2021,Enfermería - Atención primaria (AP),ENFERMERIA_AP,Total,_T,Frecuentación general,FRECUENTACION_GENERAL,2.44,,,
Fuerteventura,ES704,2021,2021,Pediatría - Atención primaria (AP),PEDIATRIA_AP,Total,_T,Frecuentación general,FRECUENTACION_GENERAL,4.12,,,
Fuerteventura,ES704,2021,2021,Medicina Familia y Comunitaria - Atención primaria (AP),FAMILIA_COMUNITARIA_AP,Total,_T,Frecuentación general,FRECUENTACION_GENERAL,4.52,,,
Gran Canaria,ES705,2021,2021,Enfermería - Atención primaria (AP),ENFERMERIA_AP,Total,_T,Frecuentación general,FRECUENTACION_GENERAL,3.8,,,
Gran Canaria,ES705,2021,2021,Pediatría - Atención primaria (AP),PEDIATRIA_AP,Total,_T,Frecuentación general,FRECUENTACION_GENERAL,5.34,,,
Gran Canaria,ES705,2021,2021,Medicina Familia y Comunitaria - Atención primaria (AP),FAMILIA_COMUNITARIA_AP,Total,_T,Frecuentación general,FRECUENTACION_GENERAL,5.8,,,
Tenerife,ES709,2021,2021,Enfermería - Atención primaria (AP),ENFERMERIA_AP,Total,_T,Frecuentación general,FRECUENTACION_GENERAL,2.32,,,
Tenerife,ES709,2021,2021,Pediatría - Atención primaria (AP),PEDIATRIA_AP,Total,_T,Frecuentación general,FRECUENTACION_GENERAL,6.55,,,
Tenerife,ES709,2021,2021,Medicina Familia y Comunitaria - Atención primaria (AP),FAMILIA_COMUNITARIA_AP,Total,_T,Frecuentación general,FRECUENTACION_GENERAL,5.38,,,
La Gomera,ES706,2021,2021,Enfermería - Atención primaria (AP),ENFERMERIA_AP,Total,_T,Frecuentación general,FRECUENTACION_GENERAL,3.97,,,
La Gomera,ES706,2021,2021,Pediatría - Atención primaria (AP),PEDIATRIA_AP,Total,_T,Frecuentación general,FRECUENTACION_GENERAL,6.28,,,
La Gomera,ES706,2021,2021,Medicina Familia y Comunitaria - Atención primaria (AP),FAMILIA_COMUNITARIA_AP,Total,_T,Frecuentación general,FRECUENTACION_GENERAL,6.12,,,
La Palma,ES707,2021,2021,Enfermería - Atención primaria (AP),ENFERMERIA_AP,Total,_T,Frecuentación general,FRECUENTACION_GENERAL,2.87,,,
La Palma,ES707,2021,2021,Pediatría - Atención primaria (AP),PEDIATRIA_AP,Total,_T,Frecuentación general,FRECUENTACION_GENERAL,5.29,,,
La Palma,ES707,2021,2021,Medicina Familia y Comunitaria - Atención primaria (AP),FAMILIA_COMUNITARIA_AP,Total,_T,Frecuentación general,FRECUENTACION_GENERAL,5.3,,,
El Hierro,ES703,2021,2021,Enfermería - Atención primaria (AP),ENFERMERIA_AP,Total,_T,Frecuentación general,FRECUENTACION_GENERAL,2.94,,,
El Hierro,ES703,2021,2021,Pediatría - Atención primaria (AP),PEDIATRIA_AP,Total,_T,Frecuentación general,FRECUENTACION_GENERAL,6.48,,,
El Hierro,ES703,2021,2021,Medicina Familia y Comunitaria - Atención primaria (AP),FAMILIA_COMUNITARIA_AP,Total,_T,Frecuentación general,FRECUENTACION_GENERAL,6.53,,,
Canarias,ES70,2022,2022,Enfermería - Atención primaria (AP),ENFERMERIA_AP,Total,_T,Frecuentación general,FRECUENTACION_GENERAL,2.63,,,
Canarias,ES70,2022,2022,Pediatría - Atención primaria (AP),PEDIATRIA_AP,Total,_T,Frecuentación general,FRECUENTACION_GENERAL,6.1,,,
Canarias,ES70,2022,2022,Medicina Familia y Comunitaria - Atención primaria (AP),FAMILIA_COMUNITARIA_AP,Total,_T,Frecuentación general,FRECUENTACION_GENERAL,5.63,,,
Lanzarote,ES708,2022,2022,Enfermería - Atención primaria (AP),ENFERMERIA_AP,Total,_T,Frecuentación general,FRECUENTACION_GENERAL,3.01,,,
Lanzarote,ES708,2022,2022,Pediatría - Atención primaria (AP),PEDIATRIA_AP,Total,_T,Frecuentación general,FRECUENTACION_GENERAL,5.54,,,
Lanzarote,ES708,2022,2022,Medicina Familia y Comunitaria - Atención primaria (AP),FAMILIA_COMUNITARIA_AP,Total,_T,Frecuentación general,FRECUENTACION_GENERAL,5.08,,,
Fuerteventura,ES704,2022,2022,Enfermería - Atención primaria (AP),ENFERMERIA_AP,Total,_T,Frecuentación general,FRECUENTACION_GENERAL,2.59,,,
Fuerteventura,ES704,2022,2022,Pediatría - Atención primaria (AP),PEDIATRIA_AP,Total,_T,Frecuentación general,FRECUENTACION_GENERAL,4.45,,,
Fuerteventura,ES704,2022,2022,Medicina Familia y Comunitaria - Atención primaria (AP),FAMILIA_COMUNITARIA_AP,Total,_T,Frecuentación general,FRECUENTACION_GENERAL,5.01,,,
Gran Canaria,ES705,2022,2022,Enfermería - Atención primaria (AP),ENFERMERIA_AP,Total,_T,Frecuentación general,FRECUENTACION_GENERAL,2.54,,,
Gran Canaria,ES705,2022,2022,Pediatría - Atención primaria (AP),PEDIATRIA_AP,Total,_T,Frecuentación general,FRECUENTACION_GENERAL,5.62,,,
Gran Canaria,ES705,2022,2022,Medicina Familia y Comunitaria - Atención primaria (AP),FAMILIA_COMUNITARIA_AP,Total,_T,Frecuentación general,FRECUENTACION_GENERAL,6.01,,,
Tenerife,ES709,2022,2022,Enfermería - Atención primaria (AP),ENFERMERIA_AP,Total,_T,Frecuentación general,FRECUENTACION_GENERAL,2.58,,,
Tenerife,ES709,2022,2022,Pediatría - Atención primaria (AP),PEDIATRIA_AP,Total,_T,Frecuentación general,FRECUENTACION_GENERAL,6.82,,,
Tenerife,ES709,2022,2022,Medicina Familia y Comunitaria - Atención primaria (AP),FAMILIA_COMUNITARIA_AP,Total,_T,Frecuentación general,FRECUENTACION_GENERAL,5.42,,,
La Gomera,ES706,2022,2022,Enfermería - Atención primaria (AP),ENFERMERIA_AP,Total,_T,Frecuentación general,FRECUENTACION_GENERAL,3.98,,,
La Gomera,ES706,2022,2022,Pediatría - Atención primaria (AP),PEDIATRIA_AP,Total,_T,Frecuentación general,FRECUENTACION_GENERAL,6.15,,,
La Gomera,ES706,2022,2022,Medicina Familia y Comunitaria - Atención primaria (AP),FAMILIA_COMUNITARIA_AP,Total,_T,Frecuentación general,FRECUENTACION_GENERAL,6.32,,,
La Palma,ES707,2022,2022,Enfermería - Atención primaria (AP),ENFERMERIA_AP,Total,_T,Frecuentación general,FRECUENTACION_GENERAL,3,,,
La Palma,ES707,2022,2022,Pediatría - Atención primaria (AP),PEDIATRIA_AP,Total,_T,Frecuentación general,FRECUENTACION_GENERAL,6.37,,,
La Palma,ES707,2022,2022,Medicina Familia y Comunitaria - Atención primaria (AP),FAMILIA_COMUNITARIA_AP,Total,_T,Frecuentación general,FRECUENTACION_GENERAL,5.77,,,
El Hierro,ES703,2022,2022,Enfermería - Atención primaria (AP),ENFERMERIA_AP,Total,_T,Frecuentación general,FRECUENTACION_GENERAL,3.51,,,
El Hierro,ES703,2022,2022,Pediatría - Atención primaria (AP),PEDIATRIA_AP,Total,_T,Frecuentación general,FRECUENTACION_GENERAL,7.37,,,
El Hierro,ES703,2022,2022,Medicina Familia y Comunitaria - Atención primaria (AP),FAMILIA_COMUNITARIA_AP,Total,_T,Frecuentación general,FRECUENTACION_GENERAL,6.34,,,
Canarias,ES70,2023,2023,Enfermería - Atención primaria (AP),ENFERMERIA_AP,Total,_T,Frecuentación general,FRECUENTACION_GENERAL,2.39,,,
Canarias,ES70,2023,2023,Pediatría - Atención primaria (AP),PEDIATRIA_AP,Total,_T,Frecuentación general,FRECUENTACION_GENERAL,5.83,,,
Canarias,ES70,2023,2023,Medicina Familia y Comunitaria - Atención primaria (AP),FAMILIA_COMUNITARIA_AP,Total,_T,Frecuentación general,FRECUENTACION_GENERAL,5.32,,,
Lanzarote,ES708,2023,2023,Enfermería - Atención primaria (AP),ENFERMERIA_AP,Total,_T,Frecuentación general,FRECUENTACION_GENERAL,2.3,,,
Lanzarote,ES708,2023,2023,Pediatría - Atención primaria (AP),PEDIATRIA_AP,Total,_T,Frecuentación general,FRECUENTACION_GENERAL,5.23,,,
Lanzarote,ES708,2023,2023,Medicina Familia y Comunitaria - Atención primaria (AP),FAMILIA_COMUNITARIA_AP,Total,_T,Frecuentación general,FRECUENTACION_GENERAL,5.12,,,
Fuerteventura,ES704,2023,2023,Enfermería - Atención primaria (AP),ENFERMERIA_AP,Total,_T,Frecuentación general,FRECUENTACION_GENERAL,2.15,,,
Fuerteventura,ES704,2023,2023,Pediatría - Atención primaria (AP),PEDIATRIA_AP,Total,_T,Frecuentación general,FRECUENTACION_GENERAL,4.39,,,
Fuerteventura,ES704,2023,2023,Medicina Familia y Comunitaria - Atención primaria (AP),FAMILIA_COMUNITARIA_AP,Total,_T,Frecuentación general,FRECUENTACION_GENERAL,4.57,,,
Gran Canaria,ES705,2023,2023,Enfermería - Atención primaria (AP),ENFERMERIA_AP,Total,_T,Frecuentación general,FRECUENTACION_GENERAL,2.18,,,
Gran Canaria,ES705,2023,2023,Pediatría - Atención primaria (AP),PEDIATRIA_AP,Total,_T,Frecuentación general,FRECUENTACION_GENERAL,5.34,,,
Gran Canaria,ES705,2023,2023,Medicina Familia y Comunitaria - Atención primaria (AP),FAMILIA_COMUNITARIA_AP,Total,_T,Frecuentación general,FRECUENTACION_GENERAL,5.64,,,
Tenerife,ES709,2023,2023,Enfermería - Atención primaria (AP),ENFERMERIA_AP,Total,_T,Frecuentación general,FRECUENTACION_GENERAL,2.54,,,
Tenerife,ES709,2023,2023,Pediatría - Atención primaria (AP),PEDIATRIA_AP,Total,_T,Frecuentación general,FRECUENTACION_GENERAL,6.56,,,
Tenerife,ES709,2023,2023,Medicina Familia y Comunitaria - Atención primaria (AP),FAMILIA_COMUNITARIA_AP,Total,_T,Frecuentación general,FRECUENTACION_GENERAL,5.13,,,
La Gomera,ES706,2023,2023,Enfermería - Atención primaria (AP),ENFERMERIA_AP,Total,_T,Frecuentación general,FRECUENTACION_GENERAL,3.45,,,
La Gomera,ES706,2023,2023,Pediatría - Atención primaria (AP),PEDIATRIA_AP,Total,_T,Frecuentación general,FRECUENTACION_GENERAL,5.47,,,
La Gomera,ES706,2023,2023,Medicina Familia y Comunitaria - Atención primaria (AP),FAMILIA_COMUNITARIA_AP,Total,_T,Frecuentación general,FRECUENTACION_GENERAL,6.1,,,
La Palma,ES707,2023,2023,Enfermería - Atención primaria (AP),ENFERMERIA_AP,Total,_T,Frecuentación general,FRECUENTACION_GENERAL,3.06,,,
La Palma,ES707,2023,2023,Pediatría - Atención primaria (AP),PEDIATRIA_AP,Total,_T,Frecuentación general,FRECUENTACION_GENERAL,6.15,,,
La Palma,ES707,2023,2023,Medicina Familia y Comunitaria - Atención primaria (AP),FAMILIA_COMUNITARIA_AP,Total,_T,Frecuentación general,FRECUENTACION_GENERAL,5.48,,,
El Hierro,ES703,2023,2023,Enfermería - Atención primaria (AP),ENFERMERIA_AP,Total,_T,Frecuentación general,FRECUENTACION_GENERAL,3.27,,,
El Hierro,ES703,2023,2023,Pediatría - Atención primaria (AP),PEDIATRIA_AP,Total,_T,Frecuentación general,FRECUENTACION_GENERAL,6.41,,,
El Hierro,ES703,2023,2023,Medicina Familia y Comunitaria - Atención primaria (AP),FAMILIA_COMUNITARIA_AP,Total,_T,Frecuentación general,FRECUENTACION_GENERAL,5.66,,,
Canarias,ES70,2024,2024,Enfermería - Atención primaria (AP),ENFERMERIA_AP,Total,_T,Frecuentación general,FRECUENTACION_GENERAL,2.38,,,
Canarias,ES70,2024,2024,Pediatría - Atención primaria (AP),PEDIATRIA_AP,Total,_T,Frecuentación general,FRECUENTACION_GENERAL,5.78,,,
Canarias,ES70,2024,2024,Medicina Familia y Comunitaria - Atención primaria (AP),FAMILIA_COMUNITARIA_AP,Total,_T,Frecuentación general,FRECUENTACION_GENERAL,5.31,,,
Lanzarote,ES708,2024,2024,Enfermería - Atención primaria (AP),ENFERMERIA_AP,Total,_T,Frecuentación general,FRECUENTACION_GENERAL,2.3,,,
Lanzarote,ES708,2024,2024,Pediatría - Atención primaria (AP),PEDIATRIA_AP,Total,_T,Frecuentación general,FRECUENTACION_GENERAL,5.22,,,
Lanzarote,ES708,2024,2024,Medicina Familia y Comunitaria - Atención primaria (AP),FAMILIA_COMUNITARIA_AP,Total,_T,Frecuentación general,FRECUENTACION_GENERAL,5.35,,,
Fuerteventura,ES704,2024,2024,Enfermería - Atención primaria (AP),ENFERMERIA_AP,Total,_T,Frecuentación general,FRECUENTACION_GENERAL,2.07,,,
Fuerteventura,ES704,2024,2024,Pediatría - Atención primaria (AP),PEDIATRIA_AP,Total,_T,Frecuentación general,FRECUENTACION_GENERAL,4.34,,,
Fuerteventura,ES704,2024,2024,Medicina Familia y Comunitaria - Atención primaria (AP),FAMILIA_COMUNITARIA_AP,Total,_T,Frecuentación general,FRECUENTACION_GENERAL,4.46,,,
Gran Canaria,ES705,2024,2024,Enfermería - Atención primaria (AP),ENFERMERIA_AP,Total,_T,Frecuentación general,FRECUENTACION_GENERAL,2.17,,,
Gran Canaria,ES705,2024,2024,Pediatría - Atención primaria (AP),PEDIATRIA_AP,Total,_T,Frecuentación general,FRECUENTACION_GENERAL,5.31,,,
Gran Canaria,ES705,2024,2024,Medicina Familia y Comunitaria - Atención primaria (AP),FAMILIA_COMUNITARIA_AP,Total,_T,Frecuentación general,FRECUENTACION_GENERAL,5.65,,,
Tenerife,ES709,2024,2024,Enfermería - Atención primaria (AP),ENFERMERIA_AP,Total,_T,Frecuentación general,FRECUENTACION_GENERAL,2.56,,,
Tenerife,ES709,2024,2024,Pediatría - Atención primaria (AP),PEDIATRIA_AP,Total,_T,Frecuentación general,FRECUENTACION_GENERAL,6.49,,,
Tenerife,ES709,2024,2024,Medicina Familia y Comunitaria - Atención primaria (AP),FAMILIA_COMUNITARIA_AP,Total,_T,Frecuentación general,FRECUENTACION_GENERAL,5.09,,,
La Gomera,ES706,2024,2024,Enfermería - Atención primaria (AP),ENFERMERIA_AP,Total,_T,Frecuentación general,FRECUENTACION_GENERAL,3.46,,,
La Gomera,ES706,2024,2024,Pediatría - Atención primaria (AP),PEDIATRIA_AP,Total,_T,Frecuentación general,FRECUENTACION_GENERAL,5.56,,,
La Gomera,ES706,2024,2024,Medicina Familia y Comunitaria - Atención primaria (AP),FAMILIA_COMUNITARIA_AP,Total,_T,Frecuentación general,FRECUENTACION_GENERAL,6.18,,,
La Palma,ES707,2024,2024,Enfermería - Atención primaria (AP),ENFERMERIA_AP,Total,_T,Frecuentación general,FRECUENTACION_GENERAL,2.82,,,
La Palma,ES707,2024,2024,Pediatría - Atención primaria (AP),PEDIATRIA_AP,Total,_T,Frecuentación general,FRECUENTACION_GENERAL,6.24,,,
La Palma,ES707,2024,2024,Medicina Familia y Comunitaria - Atención primaria (AP),FAMILIA_COMUNITARIA_AP,Total,_T,Frecuentación general,FRECUENTACION_GENERAL,5.47,,,
El Hierro,ES703,2024,2024,Enfermería - Atención primaria (AP),ENFERMERIA_AP,Total,_T,Frecuentación general,FRECUENTACION_GENERAL,3.14,,,
El Hierro,ES703,2024,2024,Pediatría - Atención primaria (AP),PEDIATRIA_AP,Total,_T,Frecuentación general,FRECUENTACION_GENERAL,5.89,,,
El Hierro,ES703,2024,2024,Medicina Familia y Comunitaria - Atención primaria (AP),FAMILIA_COMUNITARIA_AP,Total,_T,Frecuentación general,FRECUENTACION_GENERAL,5.35,,,
