SEXO;COMUNIDAD AUTÓNOMA;TIEMPO SEMANA;TIEMPO DIARIO;Total
AMBOS SEXOS;TOTAL;De lunes a viernes;Total;100,00
AMBOS SEXOS;TOTAL;De lunes a viernes;Nada o casi nada;13,37
AMBOS SEXOS;TOTAL;De lunes a viernes;Menos de una hora;25,15
AMBOS SEXOS;TOTAL;De lunes a viernes;Una hora o más;61,49
AMBOS SEXOS;TOTAL;En fin de semana;Total;100,00
AMBOS SEXOS;TOTAL;En fin de semana;Nada o casi nada;9,44
AMBOS SEXOS;TOTAL;En fin de semana;Menos de una hora;15,94
AMBOS SEXOS;TOTAL;En fin de semana;Una hora o más;74,62
AMBOS SEXOS;Andalucía;De lunes a viernes;Total;100,00
AMBOS SEXOS;Andalucía;De lunes a viernes;Nada o casi nada;10,75
AMBOS SEXOS;Andalucía;De lunes a viernes;Menos de una hora;23,89
AMBOS SEXOS;Andalucía;De lunes a viernes;Una hora o más;65,35
AMBOS SEXOS;Andalucía;En fin de semana;Total;100,00
AMBOS SEXOS;Andalucía;En fin de semana;Nada o casi nada;8,24
AMBOS SEXOS;Andalucía;En fin de semana;Menos de una hora;16,19
AMBOS SEXOS;Andalucía;En fin de semana;Una hora o más;75,57
AMBOS SEXOS;Aragón;De lunes a viernes;Total;100,00
AMBOS SEXOS;Aragón;De lunes a viernes;Nada o casi nada;6,75
AMBOS SEXOS;Aragón;De lunes a viernes;Menos de una hora;40,39
AMBOS SEXOS;Aragón;De lunes a viernes;Una hora o más;52,86
AMBOS SEXOS;Aragón;En fin de semana;Total;100,00
AMBOS SEXOS;Aragón;En fin de semana;Nada o casi nada;4,05
AMBOS SEXOS;Aragón;En fin de semana;Menos de una hora;22,88
AMBOS SEXOS;Aragón;En fin de semana;Una hora o más;73,07
AMBOS SEXOS;Asturias, Principado de;De lunes a viernes;Total;100,00
AMBOS SEXOS;Asturias, Principado de;De lunes a viernes;Nada o casi nada;12,05
AMBOS SEXOS;Asturias, Principado de;De lunes a viernes;Menos de una hora;37,58
AMBOS SEXOS;Asturias, Principado de;De lunes a viernes;Una hora o más;50,37
AMBOS SEXOS;Asturias, Principado de;En fin de semana;Total;100,00
AMBOS SEXOS;Asturias, Principado de;En fin de semana;Nada o casi nada;6,07
AMBOS SEXOS;Asturias, Principado de;En fin de semana;Menos de una hora;23,99
AMBOS SEXOS;Asturias, Principado de;En fin de semana;Una hora o más;69,94
AMBOS SEXOS;Balears, Illes;De lunes a viernes;Total;100,00
AMBOS SEXOS;Balears, Illes;De lunes a viernes;Nada o casi nada;17,31
AMBOS SEXOS;Balears, Illes;De lunes a viernes;Menos de una hora;16,10
AMBOS SEXOS;Balears, Illes;De lunes a viernes;Una hora o más;66,59
AMBOS SEXOS;Balears, Illes;En fin de semana;Total;100,00
AMBOS SEXOS;Balears, Illes;En fin de semana;Nada o casi nada;13,46
AMBOS SEXOS;Balears, Illes;En fin de semana;Menos de una hora;13,14
AMBOS SEXOS;Balears, Illes;En fin de semana;Una hora o más;73,41
AMBOS SEXOS;Canarias;De lunes a viernes;Total;100,00
AMBOS SEXOS;Canarias;De lunes a viernes;Nada o casi nada;11,62
AMBOS SEXOS;Canarias;De lunes a viernes;Menos de una hora;22,76
AMBOS SEXOS;Canarias;De lunes a viernes;Una hora o más;65,62
AMBOS SEXOS;Canarias;En fin de semana;Total;100,00
AMBOS SEXOS;Canarias;En fin de semana;Nada o casi nada;7,60
AMBOS SEXOS;Canarias;En fin de semana;Menos de una hora;16,91
AMBOS SEXOS;Canarias;En fin de semana;Una hora o más;75,49
AMBOS SEXOS;Cantabria;De lunes a viernes;Total;100,00
AMBOS SEXOS;Cantabria;De lunes a viernes;Nada o casi nada;17,30
AMBOS SEXOS;Cantabria;De lunes a viernes;Menos de una hora;34,76
AMBOS SEXOS;Cantabria;De lunes a viernes;Una hora o más;47,94
AMBOS SEXOS;Cantabria;En fin de semana;Total;100,00
AMBOS SEXOS;Cantabria;En fin de semana;Nada o casi nada;8,70
AMBOS SEXOS;Cantabria;En fin de semana;Menos de una hora;17,51
AMBOS SEXOS;Cantabria;En fin de semana;Una hora o más;73,79
AMBOS SEXOS;Castilla y León;De lunes a viernes;Total;100,00
AMBOS SEXOS;Castilla y León;De lunes a viernes;Nada o casi nada;11,07
AMBOS SEXOS;Castilla y León;De lunes a viernes;Menos de una hora;14,52
AMBOS SEXOS;Castilla y León;De lunes a viernes;Una hora o más;74,41
AMBOS SEXOS;Castilla y León;En fin de semana;Total;100,00
AMBOS SEXOS;Castilla y León;En fin de semana;Nada o casi nada;4,43
AMBOS SEXOS;Castilla y León;En fin de semana;Menos de una hora;10,75
AMBOS SEXOS;Castilla y León;En fin de semana;Una hora o más;84,82
AMBOS SEXOS;Castilla-La Mancha;De lunes a viernes;Total;100,00
AMBOS SEXOS;Castilla-La Mancha;De lunes a viernes;Nada o casi nada;15,64
AMBOS SEXOS;Castilla-La Mancha;De lunes a viernes;Menos de una hora;18,09
AMBOS SEXOS;Castilla-La Mancha;De lunes a viernes;Una hora o más;66,27
AMBOS SEXOS;Castilla-La Mancha;En fin de semana;Total;100,00
AMBOS SEXOS;Castilla-La Mancha;En fin de semana;Nada o casi nada;13,47
AMBOS SEXOS;Castilla-La Mancha;En fin de semana;Menos de una hora;14,60
AMBOS SEXOS;Castilla-La Mancha;En fin de semana;Una hora o más;71,93
AMBOS SEXOS;Cataluña;De lunes a viernes;Total;100,00
AMBOS SEXOS;Cataluña;De lunes a viernes;Nada o casi nada;11,82
AMBOS SEXOS;Cataluña;De lunes a viernes;Menos de una hora;26,45
AMBOS SEXOS;Cataluña;De lunes a viernes;Una hora o más;61,73
AMBOS SEXOS;Cataluña;En fin de semana;Total;100,00
AMBOS SEXOS;Cataluña;En fin de semana;Nada o casi nada;7,41
AMBOS SEXOS;Cataluña;En fin de semana;Menos de una hora;16,69
AMBOS SEXOS;Cataluña;En fin de semana;Una hora o más;75,91
AMBOS SEXOS;Comunitat Valenciana;De lunes a viernes;Total;100,00
AMBOS SEXOS;Comunitat Valenciana;De lunes a viernes;Nada o casi nada;7,55
AMBOS SEXOS;Comunitat Valenciana;De lunes a viernes;Menos de una hora;28,23
AMBOS SEXOS;Comunitat Valenciana;De lunes a viernes;Una hora o más;64,22
AMBOS SEXOS;Comunitat Valenciana;En fin de semana;Total;100,00
AMBOS SEXOS;Comunitat Valenciana;En fin de semana;Nada o casi nada;4,77
AMBOS SEXOS;Comunitat Valenciana;En fin de semana;Menos de una hora;21,27
AMBOS SEXOS;Comunitat Valenciana;En fin de semana;Una hora o más;73,96
AMBOS SEXOS;Extremadura;De lunes a viernes;Total;100,00
AMBOS SEXOS;Extremadura;De lunes a viernes;Nada o casi nada;11,75
AMBOS SEXOS;Extremadura;De lunes a viernes;Menos de una hora;8,29
AMBOS SEXOS;Extremadura;De lunes a viernes;Una hora o más;79,96
AMBOS SEXOS;Extremadura;En fin de semana;Total;100,00
AMBOS SEXOS;Extremadura;En fin de semana;Nada o casi nada;9,11
AMBOS SEXOS;Extremadura;En fin de semana;Menos de una hora;3,14
AMBOS SEXOS;Extremadura;En fin de semana;Una hora o más;87,74
AMBOS SEXOS;Galicia;De lunes a viernes;Total;100,00
AMBOS SEXOS;Galicia;De lunes a viernes;Nada o casi nada;18,36
AMBOS SEXOS;Galicia;De lunes a viernes;Menos de una hora;36,16
AMBOS SEXOS;Galicia;De lunes a viernes;Una hora o más;45,49
AMBOS SEXOS;Galicia;En fin de semana;Total;100,00
AMBOS SEXOS;Galicia;En fin de semana;Nada o casi nada;12,66
AMBOS SEXOS;Galicia;En fin de semana;Menos de una hora;18,98
AMBOS SEXOS;Galicia;En fin de semana;Una hora o más;68,36
AMBOS SEXOS;Madrid, Comunidad de;De lunes a viernes;Total;100,00
AMBOS SEXOS;Madrid, Comunidad de;De lunes a viernes;Nada o casi nada;24,82
AMBOS SEXOS;Madrid, Comunidad de;De lunes a viernes;Menos de una hora;24,37
AMBOS SEXOS;Madrid, Comunidad de;De lunes a viernes;Una hora o más;50,81
AMBOS SEXOS;Madrid, Comunidad de;En fin de semana;Total;100,00
AMBOS SEXOS;Madrid, Comunidad de;En fin de semana;Nada o casi nada;19,77
AMBOS SEXOS;Madrid, Comunidad de;En fin de semana;Menos de una hora;13,62
AMBOS SEXOS;Madrid, Comunidad de;En fin de semana;Una hora o más;66,61
AMBOS SEXOS;Murcia, Región de;De lunes a viernes;Total;100,00
AMBOS SEXOS;Murcia, Región de;De lunes a viernes;Nada o casi nada;6,99
AMBOS SEXOS;Murcia, Región de;De lunes a viernes;Menos de una hora;25,55
AMBOS SEXOS;Murcia, Región de;De lunes a viernes;Una hora o más;67,45
AMBOS SEXOS;Murcia, Región de;En fin de semana;Total;100,00
AMBOS SEXOS;Murcia, Región de;En fin de semana;Nada o casi nada;3,04
AMBOS SEXOS;Murcia, Región de;En fin de semana;Menos de una hora;13,60
AMBOS SEXOS;Murcia, Región de;En fin de semana;Una hora o más;83,36
AMBOS SEXOS;Navarra, Comunidad Foral de;De lunes a viernes;Total;100,00
AMBOS SEXOS;Navarra, Comunidad Foral de;De lunes a viernes;Nada o casi nada;8,26
AMBOS SEXOS;Navarra, Comunidad Foral de;De lunes a viernes;Menos de una hora;27,29
AMBOS SEXOS;Navarra, Comunidad Foral de;De lunes a viernes;Una hora o más;64,45
AMBOS SEXOS;Navarra, Comunidad Foral de;En fin de semana;Total;100,00
AMBOS SEXOS;Navarra, Comunidad Foral de;En fin de semana;Nada o casi nada;5,82
AMBOS SEXOS;Navarra, Comunidad Foral de;En fin de semana;Menos de una hora;19,27
AMBOS SEXOS;Navarra, Comunidad Foral de;En fin de semana;Una hora o más;74,91
AMBOS SEXOS;País Vasco;De lunes a viernes;Total;100,00
AMBOS SEXOS;País Vasco;De lunes a viernes;Nada o casi nada;12,42
AMBOS SEXOS;País Vasco;De lunes a viernes;Menos de una hora;21,99
AMBOS SEXOS;País Vasco;De lunes a viernes;Una hora o más;65,59
AMBOS SEXOS;País Vasco;En fin de semana;Total;100,00
AMBOS SEXOS;País Vasco;En fin de semana;Nada o casi nada;8,54
AMBOS SEXOS;País Vasco;En fin de semana;Menos de una hora;8,71
AMBOS SEXOS;País Vasco;En fin de semana;Una hora o más;82,75
AMBOS SEXOS;Rioja, La;De lunes a viernes;Total;100,00
AMBOS SEXOS;Rioja, La;De lunes a viernes;Nada o casi nada;15,32
AMBOS SEXOS;Rioja, La;De lunes a viernes;Menos de una hora;22,07
AMBOS SEXOS;Rioja, La;De lunes a viernes;Una hora o más;62,61
AMBOS SEXOS;Rioja, La;En fin de semana;Total;100,00
AMBOS SEXOS;Rioja, La;En fin de semana;Nada o casi nada;7,68
AMBOS SEXOS;Rioja, La;En fin de semana;Menos de una hora;15,05
AMBOS SEXOS;Rioja, La;En fin de semana;Una hora o más;77,27
AMBOS SEXOS;Ceuta;De lunes a viernes;Total;100,00
AMBOS SEXOS;Ceuta;De lunes a viernes;Nada o casi nada;1,80
AMBOS SEXOS;Ceuta;De lunes a viernes;Menos de una hora;61,99
AMBOS SEXOS;Ceuta;De lunes a viernes;Una hora o más;36,21
AMBOS SEXOS;Ceuta;En fin de semana;Total;100,00
AMBOS SEXOS;Ceuta;En fin de semana;Nada o casi nada;0,00
AMBOS SEXOS;Ceuta;En fin de semana;Menos de una hora;35,11
AMBOS SEXOS;Ceuta;En fin de semana;Una hora o más;64,89
AMBOS SEXOS;Melilla;De lunes a viernes;Total;100,00
AMBOS SEXOS;Melilla;De lunes a viernes;Nada o casi nada;20,58
AMBOS SEXOS;Melilla;De lunes a viernes;Menos de una hora;37,48
AMBOS SEXOS;Melilla;De lunes a viernes;Una hora o más;41,94
AMBOS SEXOS;Melilla;En fin de semana;Total;100,00
AMBOS SEXOS;Melilla;En fin de semana;Nada o casi nada;12,12
AMBOS SEXOS;Melilla;En fin de semana;Menos de una hora;9,73
AMBOS SEXOS;Melilla;En fin de semana;Una hora o más;78,15
Hombres;TOTAL;De lunes a viernes;Total;100,00
Hombres;TOTAL;De lunes a viernes;Nada o casi nada;12,71
Hombres;TOTAL;De lunes a viernes;Menos de una hora;25,77
Hombres;TOTAL;De lunes a viernes;Una hora o más;61,52
Hombres;TOTAL;En fin de semana;Total;100,00
Hombres;TOTAL;En fin de semana;Nada o casi nada;8,47
Hombres;TOTAL;En fin de semana;Menos de una hora;16,18
Hombres;TOTAL;En fin de semana;Una hora o más;75,36
Hombres;Andalucía;De lunes a viernes;Total;100,00
Hombres;Andalucía;De lunes a viernes;Nada o casi nada;8,37
Hombres;Andalucía;De lunes a viernes;Menos de una hora;25,87
Hombres;Andalucía;De lunes a viernes;Una hora o más;65,76
Hombres;Andalucía;En fin de semana;Total;100,00
Hombres;Andalucía;En fin de semana;Nada o casi nada;5,38
Hombres;Andalucía;En fin de semana;Menos de una hora;17,80
Hombres;Andalucía;En fin de semana;Una hora o más;76,81
Hombres;Aragón;De lunes a viernes;Total;100,00
Hombres;Aragón;De lunes a viernes;Nada o casi nada;8,26
Hombres;Aragón;De lunes a viernes;Menos de una hora;39,75
Hombres;Aragón;De lunes a viernes;Una hora o más;51,98
Hombres;Aragón;En fin de semana;Total;100,00
Hombres;Aragón;En fin de semana;Nada o casi nada;4,79
Hombres;Aragón;En fin de semana;Menos de una hora;18,72
Hombres;Aragón;En fin de semana;Una hora o más;76,48
Hombres;Asturias, Principado de;De lunes a viernes;Total;100,00
Hombres;Asturias, Principado de;De lunes a viernes;Nada o casi nada;7,51
Hombres;Asturias, Principado de;De lunes a viernes;Menos de una hora;34,52
Hombres;Asturias, Principado de;De lunes a viernes;Una hora o más;57,96
Hombres;Asturias, Principado de;En fin de semana;Total;100,00
Hombres;Asturias, Principado de;En fin de semana;Nada o casi nada;4,64
Hombres;Asturias, Principado de;En fin de semana;Menos de una hora;20,99
Hombres;Asturias, Principado de;En fin de semana;Una hora o más;74,37
Hombres;Balears, Illes;De lunes a viernes;Total;100,00
Hombres;Balears, Illes;De lunes a viernes;Nada o casi nada;7,98
Hombres;Balears, Illes;De lunes a viernes;Menos de una hora;21,94
Hombres;Balears, Illes;De lunes a viernes;Una hora o más;70,08
Hombres;Balears, Illes;En fin de semana;Total;100,00
Hombres;Balears, Illes;En fin de semana;Nada o casi nada;7,93
Hombres;Balears, Illes;En fin de semana;Menos de una hora;18,97
Hombres;Balears, Illes;En fin de semana;Una hora o más;73,11
Hombres;Canarias;De lunes a viernes;Total;100,00
Hombres;Canarias;De lunes a viernes;Nada o casi nada;13,86
Hombres;Canarias;De lunes a viernes;Menos de una hora;21,71
Hombres;Canarias;De lunes a viernes;Una hora o más;64,43
Hombres;Canarias;En fin de semana;Total;100,00
Hombres;Canarias;En fin de semana;Nada o casi nada;7,27
Hombres;Canarias;En fin de semana;Menos de una hora;15,03
Hombres;Canarias;En fin de semana;Una hora o más;77,70
Hombres;Cantabria;De lunes a viernes;Total;100,00
Hombres;Cantabria;De lunes a viernes;Nada o casi nada;18,14
Hombres;Cantabria;De lunes a viernes;Menos de una hora;33,23
Hombres;Cantabria;De lunes a viernes;Una hora o más;48,63
Hombres;Cantabria;En fin de semana;Total;100,00
Hombres;Cantabria;En fin de semana;Nada o casi nada;6,48
Hombres;Cantabria;En fin de semana;Menos de una hora;21,28
Hombres;Cantabria;En fin de semana;Una hora o más;72,24
Hombres;Castilla y León;De lunes a viernes;Total;100,00
Hombres;Castilla y León;De lunes a viernes;Nada o casi nada;12,20
Hombres;Castilla y León;De lunes a viernes;Menos de una hora;17,81
Hombres;Castilla y León;De lunes a viernes;Una hora o más;69,99
Hombres;Castilla y León;En fin de semana;Total;100,00
Hombres;Castilla y León;En fin de semana;Nada o casi nada;6,02
Hombres;Castilla y León;En fin de semana;Menos de una hora;10,42
Hombres;Castilla y León;En fin de semana;Una hora o más;83,57
Hombres;Castilla-La Mancha;De lunes a viernes;Total;100,00
Hombres;Castilla-La Mancha;De lunes a viernes;Nada o casi nada;15,01
Hombres;Castilla-La Mancha;De lunes a viernes;Menos de una hora;13,51
Hombres;Castilla-La Mancha;De lunes a viernes;Una hora o más;71,47
Hombres;Castilla-La Mancha;En fin de semana;Total;100,00
Hombres;Castilla-La Mancha;En fin de semana;Nada o casi nada;14,06
Hombres;Castilla-La Mancha;En fin de semana;Menos de una hora;18,09
Hombres;Castilla-La Mancha;En fin de semana;Una hora o más;67,85
Hombres;Cataluña;De lunes a viernes;Total;100,00
Hombres;Cataluña;De lunes a viernes;Nada o casi nada;12,27
Hombres;Cataluña;De lunes a viernes;Menos de una hora;25,36
Hombres;Cataluña;De lunes a viernes;Una hora o más;62,36
Hombres;Cataluña;En fin de semana;Total;100,00
Hombres;Cataluña;En fin de semana;Nada o casi nada;9,53
Hombres;Cataluña;En fin de semana;Menos de una hora;13,00
Hombres;Cataluña;En fin de semana;Una hora o más;77,47
Hombres;Comunitat Valenciana;De lunes a viernes;Total;100,00
Hombres;Comunitat Valenciana;De lunes a viernes;Nada o casi nada;7,15
Hombres;Comunitat Valenciana;De lunes a viernes;Menos de una hora;30,92
Hombres;Comunitat Valenciana;De lunes a viernes;Una hora o más;61,93
Hombres;Comunitat Valenciana;En fin de semana;Total;100,00
Hombres;Comunitat Valenciana;En fin de semana;Nada o casi nada;2,85
Hombres;Comunitat Valenciana;En fin de semana;Menos de una hora;24,87
Hombres;Comunitat Valenciana;En fin de semana;Una hora o más;72,28
Hombres;Extremadura;De lunes a viernes;Total;100,00
Hombres;Extremadura;De lunes a viernes;Nada o casi nada;11,68
Hombres;Extremadura;De lunes a viernes;Menos de una hora;8,00
Hombres;Extremadura;De lunes a viernes;Una hora o más;80,32
Hombres;Extremadura;En fin de semana;Total;100,00
Hombres;Extremadura;En fin de semana;Nada o casi nada;10,66
Hombres;Extremadura;En fin de semana;Menos de una hora;2,73
Hombres;Extremadura;En fin de semana;Una hora o más;86,61
Hombres;Galicia;De lunes a viernes;Total;100,00
Hombres;Galicia;De lunes a viernes;Nada o casi nada;17,86
Hombres;Galicia;De lunes a viernes;Menos de una hora;33,21
Hombres;Galicia;De lunes a viernes;Una hora o más;48,93
Hombres;Galicia;En fin de semana;Total;100,00
Hombres;Galicia;En fin de semana;Nada o casi nada;6,83
Hombres;Galicia;En fin de semana;Menos de una hora;20,01
Hombres;Galicia;En fin de semana;Una hora o más;73,16
Hombres;Madrid, Comunidad de;De lunes a viernes;Total;100,00
Hombres;Madrid, Comunidad de;De lunes a viernes;Nada o casi nada;23,72
Hombres;Madrid, Comunidad de;De lunes a viernes;Menos de una hora;26,82
Hombres;Madrid, Comunidad de;De lunes a viernes;Una hora o más;49,45
Hombres;Madrid, Comunidad de;En fin de semana;Total;100,00
Hombres;Madrid, Comunidad de;En fin de semana;Nada o casi nada;18,06
Hombres;Madrid, Comunidad de;En fin de semana;Menos de una hora;14,65
Hombres;Madrid, Comunidad de;En fin de semana;Una hora o más;67,29
Hombres;Murcia, Región de;De lunes a viernes;Total;100,00
Hombres;Murcia, Región de;De lunes a viernes;Nada o casi nada;10,39
Hombres;Murcia, Región de;De lunes a viernes;Menos de una hora;24,02
Hombres;Murcia, Región de;De lunes a viernes;Una hora o más;65,59
Hombres;Murcia, Región de;En fin de semana;Total;100,00
Hombres;Murcia, Región de;En fin de semana;Nada o casi nada;4,88
Hombres;Murcia, Región de;En fin de semana;Menos de una hora;11,50
Hombres;Murcia, Región de;En fin de semana;Una hora o más;83,62
Hombres;Navarra, Comunidad Foral de;De lunes a viernes;Total;100,00
Hombres;Navarra, Comunidad Foral de;De lunes a viernes;Nada o casi nada;5,46
Hombres;Navarra, Comunidad Foral de;De lunes a viernes;Menos de una hora;33,85
Hombres;Navarra, Comunidad Foral de;De lunes a viernes;Una hora o más;60,69
Hombres;Navarra, Comunidad Foral de;En fin de semana;Total;100,00
Hombres;Navarra, Comunidad Foral de;En fin de semana;Nada o casi nada;4,33
Hombres;Navarra, Comunidad Foral de;En fin de semana;Menos de una hora;19,63
Hombres;Navarra, Comunidad Foral de;En fin de semana;Una hora o más;76,04
Hombres;País Vasco;De lunes a viernes;Total;100,00
Hombres;País Vasco;De lunes a viernes;Nada o casi nada;13,49
Hombres;País Vasco;De lunes a viernes;Menos de una hora;19,81
Hombres;País Vasco;De lunes a viernes;Una hora o más;66,70
Hombres;País Vasco;En fin de semana;Total;100,00
Hombres;País Vasco;En fin de semana;Nada o casi nada;7,60
Hombres;País Vasco;En fin de semana;Menos de una hora;6,71
Hombres;País Vasco;En fin de semana;Una hora o más;85,69
Hombres;Rioja, La;De lunes a viernes;Total;100,00
Hombres;Rioja, La;De lunes a viernes;Nada o casi nada;12,80
Hombres;Rioja, La;De lunes a viernes;Menos de una hora;19,38
Hombres;Rioja, La;De lunes a viernes;Una hora o más;67,82
Hombres;Rioja, La;En fin de semana;Total;100,00
Hombres;Rioja, La;En fin de semana;Nada o casi nada;6,08
Hombres;Rioja, La;En fin de semana;Menos de una hora;17,61
Hombres;Rioja, La;En fin de semana;Una hora o más;76,31
Hombres;Ceuta;De lunes a viernes;Total;100,00
Hombres;Ceuta;De lunes a viernes;Nada o casi nada;0,00
Hombres;Ceuta;De lunes a viernes;Menos de una hora;59,32
Hombres;Ceuta;De lunes a viernes;Una hora o más;40,68
Hombres;Ceuta;En fin de semana;Total;100,00
Hombres;Ceuta;En fin de semana;Nada o casi nada;0,00
Hombres;Ceuta;En fin de semana;Menos de una hora;43,33
Hombres;Ceuta;En fin de semana;Una hora o más;56,67
Hombres;Melilla;De lunes a viernes;Total;100,00
Hombres;Melilla;De lunes a viernes;Nada o casi nada;11,41
Hombres;Melilla;De lunes a viernes;Menos de una hora;38,57
Hombres;Melilla;De lunes a viernes;Una hora o más;50,02
Hombres;Melilla;En fin de semana;Total;100,00
Hombres;Melilla;En fin de semana;Nada o casi nada;10,14
Hombres;Melilla;En fin de semana;Menos de una hora;4,65
Hombres;Melilla;En fin de semana;Una hora o más;85,21
Mujeres;TOTAL;De lunes a viernes;Total;100,00
Mujeres;TOTAL;De lunes a viernes;Nada o casi nada;14,06
Mujeres;TOTAL;De lunes a viernes;Menos de una hora;24,49
Mujeres;TOTAL;De lunes a viernes;Una hora o más;61,45
Mujeres;TOTAL;En fin de semana;Total;100,00
Mujeres;TOTAL;En fin de semana;Nada o casi nada;10,48
Mujeres;TOTAL;En fin de semana;Menos de una hora;15,68
Mujeres;TOTAL;En fin de semana;Una hora o más;73,84
Mujeres;Andalucía;De lunes a viernes;Total;100,00
Mujeres;Andalucía;De lunes a viernes;Nada o casi nada;13,32
Mujeres;Andalucía;De lunes a viernes;Menos de una hora;21,76
Mujeres;Andalucía;De lunes a viernes;Una hora o más;64,92
Mujeres;Andalucía;En fin de semana;Total;100,00
Mujeres;Andalucía;En fin de semana;Nada o casi nada;11,35
Mujeres;Andalucía;En fin de semana;Menos de una hora;14,44
Mujeres;Andalucía;En fin de semana;Una hora o más;74,21
Mujeres;Aragón;De lunes a viernes;Total;100,00
Mujeres;Aragón;De lunes a viernes;Nada o casi nada;5,17
Mujeres;Aragón;De lunes a viernes;Menos de una hora;41,06
Mujeres;Aragón;De lunes a viernes;Una hora o más;53,78
Mujeres;Aragón;En fin de semana;Total;100,00
Mujeres;Aragón;En fin de semana;Nada o casi nada;3,27
Mujeres;Aragón;En fin de semana;Menos de una hora;27,21
Mujeres;Aragón;En fin de semana;Una hora o más;69,52
Mujeres;Asturias, Principado de;De lunes a viernes;Total;100,00
Mujeres;Asturias, Principado de;De lunes a viernes;Nada o casi nada;16,93
Mujeres;Asturias, Principado de;De lunes a viernes;Menos de una hora;40,88
Mujeres;Asturias, Principado de;De lunes a viernes;Una hora o más;42,18
Mujeres;Asturias, Principado de;En fin de semana;Total;100,00
Mujeres;Asturias, Principado de;En fin de semana;Nada o casi nada;7,62
Mujeres;Asturias, Principado de;En fin de semana;Menos de una hora;27,23
Mujeres;Asturias, Principado de;En fin de semana;Una hora o más;65,15
Mujeres;Balears, Illes;De lunes a viernes;Total;100,00
Mujeres;Balears, Illes;De lunes a viernes;Nada o casi nada;26,88
Mujeres;Balears, Illes;De lunes a viernes;Menos de una hora;10,11
Mujeres;Balears, Illes;De lunes a viernes;Una hora o más;63,01
Mujeres;Balears, Illes;En fin de semana;Total;100,00
Mujeres;Balears, Illes;En fin de semana;Nada o casi nada;19,31
Mujeres;Balears, Illes;En fin de semana;Menos de una hora;6,96
Mujeres;Balears, Illes;En fin de semana;Una hora o más;73,72
Mujeres;Canarias;De lunes a viernes;Total;100,00
Mujeres;Canarias;De lunes a viernes;Nada o casi nada;9,35
Mujeres;Canarias;De lunes a viernes;Menos de una hora;23,83
Mujeres;Canarias;De lunes a viernes;Una hora o más;66,82
Mujeres;Canarias;En fin de semana;Total;100,00
Mujeres;Canarias;En fin de semana;Nada o casi nada;7,94
Mujeres;Canarias;En fin de semana;Menos de una hora;18,90
Mujeres;Canarias;En fin de semana;Una hora o más;73,16
Mujeres;Cantabria;De lunes a viernes;Total;100,00
Mujeres;Cantabria;De lunes a viernes;Nada o casi nada;16,39
Mujeres;Cantabria;De lunes a viernes;Menos de una hora;36,43
Mujeres;Cantabria;De lunes a viernes;Una hora o más;47,18
Mujeres;Cantabria;En fin de semana;Total;100,00
Mujeres;Cantabria;En fin de semana;Nada o casi nada;11,13
Mujeres;Cantabria;En fin de semana;Menos de una hora;13,39
Mujeres;Cantabria;En fin de semana;Una hora o más;75,48
Mujeres;Castilla y León;De lunes a viernes;Total;100,00
Mujeres;Castilla y León;De lunes a viernes;Nada o casi nada;9,86
Mujeres;Castilla y León;De lunes a viernes;Menos de una hora;11,02
Mujeres;Castilla y León;De lunes a viernes;Una hora o más;79,12
Mujeres;Castilla y León;En fin de semana;Total;100,00
Mujeres;Castilla y León;En fin de semana;Nada o casi nada;2,68
Mujeres;Castilla y León;En fin de semana;Menos de una hora;11,12
Mujeres;Castilla y León;En fin de semana;Una hora o más;86,20
Mujeres;Castilla-La Mancha;De lunes a viernes;Total;100,00
Mujeres;Castilla-La Mancha;De lunes a viernes;Nada o casi nada;16,31
Mujeres;Castilla-La Mancha;De lunes a viernes;Menos de una hora;22,91
Mujeres;Castilla-La Mancha;De lunes a viernes;Una hora o más;60,78
Mujeres;Castilla-La Mancha;En fin de semana;Total;100,00
Mujeres;Castilla-La Mancha;En fin de semana;Nada o casi nada;12,86
Mujeres;Castilla-La Mancha;En fin de semana;Menos de una hora;10,92
Mujeres;Castilla-La Mancha;En fin de semana;Una hora o más;76,22
Mujeres;Cataluña;De lunes a viernes;Total;100,00
Mujeres;Cataluña;De lunes a viernes;Nada o casi nada;11,34
Mujeres;Cataluña;De lunes a viernes;Menos de una hora;27,60
Mujeres;Cataluña;De lunes a viernes;Una hora o más;61,05
Mujeres;Cataluña;En fin de semana;Total;100,00
Mujeres;Cataluña;En fin de semana;Nada o casi nada;5,15
Mujeres;Cataluña;En fin de semana;Menos de una hora;20,61
Mujeres;Cataluña;En fin de semana;Una hora o más;74,24
Mujeres;Comunitat Valenciana;De lunes a viernes;Total;100,00
Mujeres;Comunitat Valenciana;De lunes a viernes;Nada o casi nada;7,99
Mujeres;Comunitat Valenciana;De lunes a viernes;Menos de una hora;25,36
Mujeres;Comunitat Valenciana;De lunes a viernes;Una hora o más;66,65
Mujeres;Comunitat Valenciana;En fin de semana;Total;100,00
Mujeres;Comunitat Valenciana;En fin de semana;Nada o casi nada;6,82
Mujeres;Comunitat Valenciana;En fin de semana;Menos de una hora;17,44
Mujeres;Comunitat Valenciana;En fin de semana;Una hora o más;75,74
Mujeres;Extremadura;De lunes a viernes;Total;100,00
Mujeres;Extremadura;De lunes a viernes;Nada o casi nada;11,81
Mujeres;Extremadura;De lunes a viernes;Menos de una hora;8,59
Mujeres;Extremadura;De lunes a viernes;Una hora o más;79,60
Mujeres;Extremadura;En fin de semana;Total;100,00
Mujeres;Extremadura;En fin de semana;Nada o casi nada;7,49
Mujeres;Extremadura;En fin de semana;Menos de una hora;3,58
Mujeres;Extremadura;En fin de semana;Una hora o más;88,93
Mujeres;Galicia;De lunes a viernes;Total;100,00
Mujeres;Galicia;De lunes a viernes;Nada o casi nada;18,85
Mujeres;Galicia;De lunes a viernes;Menos de una hora;39,11
Mujeres;Galicia;De lunes a viernes;Una hora o más;42,04
Mujeres;Galicia;En fin de semana;Total;100,00
Mujeres;Galicia;En fin de semana;Nada o casi nada;18,38
Mujeres;Galicia;En fin de semana;Menos de una hora;17,97
Mujeres;Galicia;En fin de semana;Una hora o más;63,64
Mujeres;Madrid, Comunidad de;De lunes a viernes;Total;100,00
Mujeres;Madrid, Comunidad de;De lunes a viernes;Nada o casi nada;26,01
Mujeres;Madrid, Comunidad de;De lunes a viernes;Menos de una hora;21,67
Mujeres;Madrid, Comunidad de;De lunes a viernes;Una hora o más;52,31
Mujeres;Madrid, Comunidad de;En fin de semana;Total;100,00
Mujeres;Madrid, Comunidad de;En fin de semana;Nada o casi nada;21,64
Mujeres;Madrid, Comunidad de;En fin de semana;Menos de una hora;12,49
Mujeres;Madrid, Comunidad de;En fin de semana;Una hora o más;65,87
Mujeres;Murcia, Región de;De lunes a viernes;Total;100,00
Mujeres;Murcia, Región de;De lunes a viernes;Nada o casi nada;3,27
Mujeres;Murcia, Región de;De lunes a viernes;Menos de una hora;27,23
Mujeres;Murcia, Región de;De lunes a viernes;Una hora o más;69,50
Mujeres;Murcia, Región de;En fin de semana;Total;100,00
Mujeres;Murcia, Región de;En fin de semana;Nada o casi nada;1,03
Mujeres;Murcia, Región de;En fin de semana;Menos de una hora;15,89
Mujeres;Murcia, Región de;En fin de semana;Una hora o más;83,08
Mujeres;Navarra, Comunidad Foral de;De lunes a viernes;Total;100,00
Mujeres;Navarra, Comunidad Foral de;De lunes a viernes;Nada o casi nada;11,14
Mujeres;Navarra, Comunidad Foral de;De lunes a viernes;Menos de una hora;20,55
Mujeres;Navarra, Comunidad Foral de;De lunes a viernes;Una hora o más;68,31
Mujeres;Navarra, Comunidad Foral de;En fin de semana;Total;100,00
Mujeres;Navarra, Comunidad Foral de;En fin de semana;Nada o casi nada;7,35
Mujeres;Navarra, Comunidad Foral de;En fin de semana;Menos de una hora;18,89
Mujeres;Navarra, Comunidad Foral de;En fin de semana;Una hora o más;73,76
Mujeres;País Vasco;De lunes a viernes;Total;100,00
Mujeres;País Vasco;De lunes a viernes;Nada o casi nada;11,31
Mujeres;País Vasco;De lunes a viernes;Menos de una hora;24,26
Mujeres;País Vasco;De lunes a viernes;Una hora o más;64,44
Mujeres;País Vasco;En fin de semana;Total;100,00
Mujeres;País Vasco;En fin de semana;Nada o casi nada;9,53
Mujeres;País Vasco;En fin de semana;Menos de una hora;10,82
Mujeres;País Vasco;En fin de semana;Una hora o más;79,66
Mujeres;Rioja, La;De lunes a viernes;Total;100,00
Mujeres;Rioja, La;De lunes a viernes;Nada o casi nada;18,12
Mujeres;Rioja, La;De lunes a viernes;Menos de una hora;25,04
Mujeres;Rioja, La;De lunes a viernes;Una hora o más;56,84
Mujeres;Rioja, La;En fin de semana;Total;100,00
Mujeres;Rioja, La;En fin de semana;Nada o casi nada;9,42
Mujeres;Rioja, La;En fin de semana;Menos de una hora;12,26
Mujeres;Rioja, La;En fin de semana;Una hora o más;78,32
Mujeres;Ceuta;De lunes a viernes;Total;100,00
Mujeres;Ceuta;De lunes a viernes;Nada o casi nada;3,98
Mujeres;Ceuta;De lunes a viernes;Menos de una hora;65,25
Mujeres;Ceuta;De lunes a viernes;Una hora o más;30,77
Mujeres;Ceuta;En fin de semana;Total;100,00
Mujeres;Ceuta;En fin de semana;Nada o casi nada;0,00
Mujeres;Ceuta;En fin de semana;Menos de una hora;24,78
Mujeres;Ceuta;En fin de semana;Una hora o más;75,22
Mujeres;Melilla;De lunes a viernes;Total;100,00
Mujeres;Melilla;De lunes a viernes;Nada o casi nada;30,14
Mujeres;Melilla;De lunes a viernes;Menos de una hora;36,35
Mujeres;Melilla;De lunes a viernes;Una hora o más;33,52
Mujeres;Melilla;En fin de semana;Total;100,00
Mujeres;Melilla;En fin de semana;Nada o casi nada;14,19
Mujeres;Melilla;En fin de semana;Menos de una hora;15,02
Mujeres;Melilla;En fin de semana;Una hora o más;70,79
