TERRITORIO#es,TERRITORIO_CODE,TIME_PERIOD#es,TIME_PERIOD_CODE,MEDIDAS#es,MEDIDAS_CODE,OBS_VALUE,ESTADO_OBSERVACION#es,CONFIDENCIALIDAD_OBSERVACION#es,NOTAS_OBSERVACION#es
Canarias,ES70,2004,2004,Consultorio local,CONSULTORIO_LOCAL,151,,,
Canarias,ES70,2004,2004,Centro de salud,CENTRO_SALUD,105,,,
Canarias,ES70,2004,2004,Zona básica de salud,ZONA_BASICA_SALUD,105,,,
Lanzarote,ES708,2004,2004,Consultorio local,CONSULTORIO_LOCAL,9,,,
Lanzarote,ES708,2004,2004,Centro de salud,CENTRO_SALUD,7,,,
Lanzarote,ES708,2004,2004,Zona básica de salud,ZONA_BASICA_SALUD,7,,,
Fuerteventura,ES704,2004,2004,Consultorio local,CONSULTORIO_LOCAL,11,,,
Fuerteventura,ES704,2004,2004,Centro de salud,CENTRO_SALUD,4,,,
Fuerteventura,ES704,2004,2004,Zona básica de salud,ZONA_BASICA_SALUD,4,,,
Gran Canaria,ES705,2004,2004,Consultorio local,CONSULTORIO_LOCAL,48,,,
Gran Canaria,ES705,2004,2004,Centro de salud,CENTRO_SALUD,41,,,
Gran Canaria,ES705,2004,2004,Zona básica de salud,ZONA_BASICA_SALUD,41,,,
Tenerife,ES709,2004,2004,Consultorio local,CONSULTORIO_LOCAL,57,,,
Tenerife,ES709,2004,2004,Centro de salud,CENTRO_SALUD,37,,,
Tenerife,ES709,2004,2004,Zona básica de salud,ZONA_BASICA_SALUD,37,,,
La Gomera,ES706,2004,2004,Consultorio local,CONSULTORIO_LOCAL,11,,,
La Gomera,ES706,2004,2004,Centro de salud,CENTRO_SALUD,5,,,
La Gomera,ES706,2004,2004,Zona básica de salud,ZONA_BASICA_SALUD,5,,,
La Palma,ES707,2004,2004,Consultorio local,CONSULTORIO_LOCAL,9,,,
La Palma,ES707,2004,2004,Centro de salud,CENTRO_SALUD,9,,,
La Palma,ES707,2004,2004,Zona básica de salud,ZONA_BASICA_SALUD,9,,,
El Hierro,ES703,2004,2004,Consultorio local,CONSULTORIO_LOCAL,6,,,
El Hierro,ES703,2004,2004,Centro de salud,CENTRO_SALUD,2,,,
El Hierro,ES703,2004,2004,Zona básica de salud,ZONA_BASICA_SALUD,2,,,
Canarias,ES70,2005,2005,Consultorio local,CONSULTORIO_LOCAL,153,,,
Canarias,ES70,2005,2005,Centro de salud,CENTRO_SALUD,103,,,
Canarias,ES70,2005,2005,Zona básica de salud,ZONA_BASICA_SALUD,103,,,
Lanzarote,ES708,2005,2005,Consultorio local,CONSULTORIO_LOCAL,9,,,
Lanzarote,ES708,2005,2005,Centro de salud,CENTRO_SALUD,7,,,
Lanzarote,ES708,2005,2005,Zona básica de salud,ZONA_BASICA_SALUD,7,,,
Fuerteventura,ES704,2005,2005,Consultorio local,CONSULTORIO_LOCAL,11,,,
Fuerteventura,ES704,2005,2005,Centro de salud,CENTRO_SALUD,4,,,
Fuerteventura,ES704,2005,2005,Zona básica de salud,ZONA_BASICA_SALUD,4,,,
Gran Canaria,ES705,2005,2005,Consultorio local,CONSULTORIO_LOCAL,49,,,
Gran Canaria,ES705,2005,2005,Centro de salud,CENTRO_SALUD,39,,,
Gran Canaria,ES705,2005,2005,Zona básica de salud,ZONA_BASICA_SALUD,39,,,
Tenerife,ES709,2005,2005,Consultorio local,CONSULTORIO_LOCAL,58,,,
Tenerife,ES709,2005,2005,Centro de salud,CENTRO_SALUD,37,,,
Tenerife,ES709,2005,2005,Zona básica de salud,ZONA_BASICA_SALUD,37,,,
La Gomera,ES706,2005,2005,Consultorio local,CONSULTORIO_LOCAL,11,,,
La Gomera,ES706,2005,2005,Centro de salud,CENTRO_SALUD,5,,,
La Gomera,ES706,2005,2005,Zona básica de salud,ZONA_BASICA_SALUD,5,,,
La Palma,ES707,2005,2005,Consultorio local,CONSULTORIO_LOCAL,9,,,
La Palma,ES707,2005,2005,Centro de salud,CENTRO_SALUD,9,,,
La Palma,ES707,2005,2005,Zona básica de salud,ZONA_BASICA_SALUD,9,,,
El Hierro,ES703,2005,2005,Consultorio local,CONSULTORIO_LOCAL,6,,,
El Hierro,ES703,2005,2005,Centro de salud,CENTRO_SALUD,2,,,
El Hierro,ES703,2005,2005,Zona básica de salud,ZONA_BASICA_SALUD,2,,,
Canarias,ES70,2006,2006,Consultorio local,CONSULTORIO_LOCAL,149,,,
Canarias,ES70,2006,2006,Centro de salud,CENTRO_SALUD,104,,,
Canarias,ES70,2006,2006,Zona básica de salud,ZONA_BASICA_SALUD,106,,,
Lanzarote,ES708,2006,2006,Consultorio local,CONSULTORIO_LOCAL,9,,,
Lanzarote,ES708,2006,2006,Centro de salud,CENTRO_SALUD,7,,,
Lanzarote,ES708,2006,2006,Zona básica de salud,ZONA_BASICA_SALUD,7,,,
Fuerteventura,ES704,2006,2006,Consultorio local,CONSULTORIO_LOCAL,11,,,
Fuerteventura,ES704,2006,2006,Centro de salud,CENTRO_SALUD,5,,,
Fuerteventura,ES704,2006,2006,Zona básica de salud,ZONA_BASICA_SALUD,5,,,
Gran Canaria,ES705,2006,2006,Consultorio local,CONSULTORIO_LOCAL,49,,,
Gran Canaria,ES705,2006,2006,Centro de salud,CENTRO_SALUD,39,,,
Gran Canaria,ES705,2006,2006,Zona básica de salud,ZONA_BASICA_SALUD,39,,,
Tenerife,ES709,2006,2006,Consultorio local,CONSULTORIO_LOCAL,55,,,
Tenerife,ES709,2006,2006,Centro de salud,CENTRO_SALUD,37,,,
Tenerife,ES709,2006,2006,Zona básica de salud,ZONA_BASICA_SALUD,39,,,
La Gomera,ES706,2006,2006,Consultorio local,CONSULTORIO_LOCAL,11,,,
La Gomera,ES706,2006,2006,Centro de salud,CENTRO_SALUD,5,,,
La Gomera,ES706,2006,2006,Zona básica de salud,ZONA_BASICA_SALUD,5,,,
La Palma,ES707,2006,2006,Consultorio local,CONSULTORIO_LOCAL,9,,,
La Palma,ES707,2006,2006,Centro de salud,CENTRO_SALUD,9,,,
La Palma,ES707,2006,2006,Zona básica de salud,ZONA_BASICA_SALUD,9,,,
El Hierro,ES703,2006,2006,Consultorio local,CONSULTORIO_LOCAL,5,,,
El Hierro,ES703,2006,2006,Centro de salud,CENTRO_SALUD,2,,,
El Hierro,ES703,2006,2006,Zona básica de salud,ZONA_BASICA_SALUD,2,,,
Canarias,ES70,2007,2007,Consultorio local,CONSULTORIO_LOCAL,153,,,
Canarias,ES70,2007,2007,Centro de salud,CENTRO_SALUD,107,,,
Canarias,ES70,2007,2007,Zona básica de salud,ZONA_BASICA_SALUD,107,,,
Lanzarote,ES708,2007,2007,Consultorio local,CONSULTORIO_LOCAL,9,,,
Lanzarote,ES708,2007,2007,Centro de salud,CENTRO_SALUD,7,,,
Lanzarote,ES708,2007,2007,Zona básica de salud,ZONA_BASICA_SALUD,7,,,
Fuerteventura,ES704,2007,2007,Consultorio local,CONSULTORIO_LOCAL,11,,,
Fuerteventura,ES704,2007,2007,Centro de salud,CENTRO_SALUD,5,,,
Fuerteventura,ES704,2007,2007,Zona básica de salud,ZONA_BASICA_SALUD,5,,,
Gran Canaria,ES705,2007,2007,Consultorio local,CONSULTORIO_LOCAL,49,,,
Gran Canaria,ES705,2007,2007,Centro de salud,CENTRO_SALUD,39,,,
Gran Canaria,ES705,2007,2007,Zona básica de salud,ZONA_BASICA_SALUD,39,,,
Tenerife,ES709,2007,2007,Consultorio local,CONSULTORIO_LOCAL,59,,,
Tenerife,ES709,2007,2007,Centro de salud,CENTRO_SALUD,40,,,
Tenerife,ES709,2007,2007,Zona básica de salud,ZONA_BASICA_SALUD,40,,,
La Gomera,ES706,2007,2007,Consultorio local,CONSULTORIO_LOCAL,11,,,
La Gomera,ES706,2007,2007,Centro de salud,CENTRO_SALUD,5,,,
La Gomera,ES706,2007,2007,Zona básica de salud,ZONA_BASICA_SALUD,5,,,
La Palma,ES707,2007,2007,Consultorio local,CONSULTORIO_LOCAL,9,,,
La Palma,ES707,2007,2007,Centro de salud,CENTRO_SALUD,9,,,
La Palma,ES707,2007,2007,Zona básica de salud,ZONA_BASICA_SALUD,9,,,
El Hierro,ES703,2007,2007,Consultorio local,CONSULTORIO_LOCAL,5,,,
El Hierro,ES703,2007,2007,Centro de salud,CENTRO_SALUD,2,,,
El Hierro,ES703,2007,2007,Zona básica de salud,ZONA_BASICA_SALUD,2,,,
Canarias,ES70,2008,2008,Consultorio local,CONSULTORIO_LOCAL,160,,,
Canarias,ES70,2008,2008,Centro de salud,CENTRO_SALUD,109,,,
Canarias,ES70,2008,2008,Zona básica de salud,ZONA_BASICA_SALUD,109,,,
Lanzarote,ES708,2008,2008,Consultorio local,CONSULTORIO_LOCAL,9,,,
Lanzarote,ES708,2008,2008,Centro de salud,CENTRO_SALUD,7,,,
Lanzarote,ES708,2008,2008,Zona básica de salud,ZONA_BASICA_SALUD,7,,,
Fuerteventura,ES704,2008,2008,Consultorio local,CONSULTORIO_LOCAL,12,,,
Fuerteventura,ES704,2008,2008,Centro de salud,CENTRO_SALUD,5,,,
Fuerteventura,ES704,2008,2008,Zona básica de salud,ZONA_BASICA_SALUD,5,,,
Gran Canaria,ES705,2008,2008,Consultorio local,CONSULTORIO_LOCAL,50,,,
Gran Canaria,ES705,2008,2008,Centro de salud,CENTRO_SALUD,40,,,
Gran Canaria,ES705,2008,2008,Zona básica de salud,ZONA_BASICA_SALUD,40,,,
Tenerife,ES709,2008,2008,Consultorio local,CONSULTORIO_LOCAL,62,,,
Tenerife,ES709,2008,2008,Centro de salud,CENTRO_SALUD,41,,,
Tenerife,ES709,2008,2008,Zona básica de salud,ZONA_BASICA_SALUD,41,,,
La Gomera,ES706,2008,2008,Consultorio local,CONSULTORIO_LOCAL,11,,,
La Gomera,ES706,2008,2008,Centro de salud,CENTRO_SALUD,5,,,
La Gomera,ES706,2008,2008,Zona básica de salud,ZONA_BASICA_SALUD,5,,,
La Palma,ES707,2008,2008,Consultorio local,CONSULTORIO_LOCAL,9,,,
La Palma,ES707,2008,2008,Centro de salud,CENTRO_SALUD,9,,,
La Palma,ES707,2008,2008,Zona básica de salud,ZONA_BASICA_SALUD,9,,,
El Hierro,ES703,2008,2008,Consultorio local,CONSULTORIO_LOCAL,7,,,
El Hierro,ES703,2008,2008,Centro de salud,CENTRO_SALUD,2,,,
El Hierro,ES703,2008,2008,Zona básica de salud,ZONA_BASICA_SALUD,2,,,
Canarias,ES70,2009,2009,Consultorio local,CONSULTORIO_LOCAL,170,,,
Canarias,ES70,2009,2009,Centro de salud,CENTRO_SALUD,111,,,
Canarias,ES70,2009,2009,Zona básica de salud,ZONA_BASICA_SALUD,111,,,
Lanzarote,ES708,2009,2009,Consultorio local,CONSULTORIO_LOCAL,8,,,
Lanzarote,ES708,2009,2009,Centro de salud,CENTRO_SALUD,8,,,
Lanzarote,ES708,2009,2009,Zona básica de salud,ZONA_BASICA_SALUD,8,,,
Fuerteventura,ES704,2009,2009,Consultorio local,CONSULTORIO_LOCAL,13,,,
Fuerteventura,ES704,2009,2009,Centro de salud,CENTRO_SALUD,6,,,
Fuerteventura,ES704,2009,2009,Zona básica de salud,ZONA_BASICA_SALUD,6,,,
Gran Canaria,ES705,2009,2009,Consultorio local,CONSULTORIO_LOCAL,51,,,
Gran Canaria,ES705,2009,2009,Centro de salud,CENTRO_SALUD,40,,,
Gran Canaria,ES705,2009,2009,Zona básica de salud,ZONA_BASICA_SALUD,40,,,
Tenerife,ES709,2009,2009,Consultorio local,CONSULTORIO_LOCAL,71,,,
Tenerife,ES709,2009,2009,Centro de salud,CENTRO_SALUD,41,,,
Tenerife,ES709,2009,2009,Zona básica de salud,ZONA_BASICA_SALUD,41,,,
La Gomera,ES706,2009,2009,Consultorio local,CONSULTORIO_LOCAL,11,,,
La Gomera,ES706,2009,2009,Centro de salud,CENTRO_SALUD,5,,,
La Gomera,ES706,2009,2009,Zona básica de salud,ZONA_BASICA_SALUD,5,,,
La Palma,ES707,2009,2009,Consultorio local,CONSULTORIO_LOCAL,9,,,
La Palma,ES707,2009,2009,Centro de salud,CENTRO_SALUD,9,,,
La Palma,ES707,2009,2009,Zona básica de salud,ZONA_BASICA_SALUD,9,,,
El Hierro,ES703,2009,2009,Consultorio local,CONSULTORIO_LOCAL,7,,,
El Hierro,ES703,2009,2009,Centro de salud,CENTRO_SALUD,2,,,
El Hierro,ES703,2009,2009,Zona básica de salud,ZONA_BASICA_SALUD,2,,,
Canarias,ES70,2010,2010,Consultorio local,CONSULTORIO_LOCAL,171,,,
Canarias,ES70,2010,2010,Centro de salud,CENTRO_SALUD,110,,,
Canarias,ES70,2010,2010,Zona básica de salud,ZONA_BASICA_SALUD,110,,,
Lanzarote,ES708,2010,2010,Consultorio local,CONSULTORIO_LOCAL,8,,,
Lanzarote,ES708,2010,2010,Centro de salud,CENTRO_SALUD,8,,,
Lanzarote,ES708,2010,2010,Zona básica de salud,ZONA_BASICA_SALUD,8,,,
Fuerteventura,ES704,2010,2010,Consultorio local,CONSULTORIO_LOCAL,13,,,
Fuerteventura,ES704,2010,2010,Centro de salud,CENTRO_SALUD,6,,,
Fuerteventura,ES704,2010,2010,Zona básica de salud,ZONA_BASICA_SALUD,6,,,
Gran Canaria,ES705,2010,2010,Consultorio local,CONSULTORIO_LOCAL,51,,,
Gran Canaria,ES705,2010,2010,Centro de salud,CENTRO_SALUD,40,,,
Gran Canaria,ES705,2010,2010,Zona básica de salud,ZONA_BASICA_SALUD,40,,,
Tenerife,ES709,2010,2010,Consultorio local,CONSULTORIO_LOCAL,72,,,
Tenerife,ES709,2010,2010,Centro de salud,CENTRO_SALUD,40,,,
Tenerife,ES709,2010,2010,Zona básica de salud,ZONA_BASICA_SALUD,40,,,
La Gomera,ES706,2010,2010,Consultorio local,CONSULTORIO_LOCAL,11,,,
La Gomera,ES706,2010,2010,Centro de salud,CENTRO_SALUD,5,,,
La Gomera,ES706,2010,2010,Zona básica de salud,ZONA_BASICA_SALUD,5,,,
La Palma,ES707,2010,2010,Consultorio local,CONSULTORIO_LOCAL,9,,,
La Palma,ES707,2010,2010,Centro de salud,CENTRO_SALUD,9,,,
La Palma,ES707,2010,2010,Zona básica de salud,ZONA_BASICA_SALUD,9,,,
El Hierro,ES703,2010,2010,Consultorio local,CONSULTORIO_LOCAL,7,,,
El Hierro,ES703,2010,2010,Centro de salud,CENTRO_SALUD,2,,,
El Hierro,ES703,2010,2010,Zona básica de salud,ZONA_BASICA_SALUD,2,,,
Canarias,ES70,2011,2011,Consultorio local,CONSULTORIO_LOCAL,155,,,
Canarias,ES70,2011,2011,Centro de salud,CENTRO_SALUD,108,,,
Canarias,ES70,2011,2011,Zona básica de salud,ZONA_BASICA_SALUD,108,,,
Lanzarote,ES708,2011,2011,Consultorio local,CONSULTORIO_LOCAL,9,,,
Lanzarote,ES708,2011,2011,Centro de salud,CENTRO_SALUD,7,,,
Lanzarote,ES708,2011,2011,Zona básica de salud,ZONA_BASICA_SALUD,7,,,
Fuerteventura,ES704,2011,2011,Consultorio local,CONSULTORIO_LOCAL,11,,,
Fuerteventura,ES704,2011,2011,Centro de salud,CENTRO_SALUD,6,,,
Fuerteventura,ES704,2011,2011,Zona básica de salud,ZONA_BASICA_SALUD,6,,,
Gran Canaria,ES705,2011,2011,Consultorio local,CONSULTORIO_LOCAL,48,,,
Gran Canaria,ES705,2011,2011,Centro de salud,CENTRO_SALUD,39,,,
Gran Canaria,ES705,2011,2011,Zona básica de salud,ZONA_BASICA_SALUD,39,,,
Tenerife,ES709,2011,2011,Consultorio local,CONSULTORIO_LOCAL,64,,,
Tenerife,ES709,2011,2011,Centro de salud,CENTRO_SALUD,40,,,
Tenerife,ES709,2011,2011,Zona básica de salud,ZONA_BASICA_SALUD,40,,,
La Gomera,ES706,2011,2011,Consultorio local,CONSULTORIO_LOCAL,10,,,
La Gomera,ES706,2011,2011,Centro de salud,CENTRO_SALUD,5,,,
La Gomera,ES706,2011,2011,Zona básica de salud,ZONA_BASICA_SALUD,5,,,
La Palma,ES707,2011,2011,Consultorio local,CONSULTORIO_LOCAL,9,,,
La Palma,ES707,2011,2011,Centro de salud,CENTRO_SALUD,9,,,
La Palma,ES707,2011,2011,Zona básica de salud,ZONA_BASICA_SALUD,9,,,
El Hierro,ES703,2011,2011,Consultorio local,CONSULTORIO_LOCAL,4,,,
El Hierro,ES703,2011,2011,Centro de salud,CENTRO_SALUD,2,,,
El Hierro,ES703,2011,2011,Zona básica de salud,ZONA_BASICA_SALUD,2,,,
Canarias,ES70,2012,2012,Consultorio local,CONSULTORIO_LOCAL,155,,,
Canarias,ES70,2012,2012,Centro de salud,CENTRO_SALUD,108,,,
Canarias,ES70,2012,2012,Zona básica de salud,ZONA_BASICA_SALUD,108,,,
Lanzarote,ES708,2012,2012,Consultorio local,CONSULTORIO_LOCAL,9,,,
Lanzarote,ES708,2012,2012,Centro de salud,CENTRO_SALUD,7,,,
Lanzarote,ES708,2012,2012,Zona básica de salud,ZONA_BASICA_SALUD,7,,,
Fuerteventura,ES704,2012,2012,Consultorio local,CONSULTORIO_LOCAL,11,,,
Fuerteventura,ES704,2012,2012,Centro de salud,CENTRO_SALUD,6,,,
Fuerteventura,ES704,2012,2012,Zona básica de salud,ZONA_BASICA_SALUD,6,,,
Gran Canaria,ES705,2012,2012,Consultorio local,CONSULTORIO_LOCAL,48,,,
Gran Canaria,ES705,2012,2012,Centro de salud,CENTRO_SALUD,39,,,
Gran Canaria,ES705,2012,2012,Zona básica de salud,ZONA_BASICA_SALUD,39,,,
Tenerife,ES709,2012,2012,Consultorio local,CONSULTORIO_LOCAL,64,,,
Tenerife,ES709,2012,2012,Centro de salud,CENTRO_SALUD,40,,,
Tenerife,ES709,2012,2012,Zona básica de salud,ZONA_BASICA_SALUD,40,,,
La Gomera,ES706,2012,2012,Consultorio local,CONSULTORIO_LOCAL,10,,,
La Gomera,ES706,2012,2012,Centro de salud,CENTRO_SALUD,5,,,
La Gomera,ES706,2012,2012,Zona básica de salud,ZONA_BASICA_SALUD,5,,,
La Palma,ES707,2012,2012,Consultorio local,CONSULTORIO_LOCAL,9,,,
La Palma,ES707,2012,2012,Centro de salud,CENTRO_SALUD,9,,,
La Palma,ES707,2012,2012,Zona básica de salud,ZONA_BASICA_SALUD,9,,,
El Hierro,ES703,2012,2012,Consultorio local,CONSULTORIO_LOCAL,4,,,
El Hierro,ES703,2012,2012,Centro de salud,CENTRO_SALUD,2,,,
El Hierro,ES703,2012,2012,Zona básica de salud,ZONA_BASICA_SALUD,2,,,
Canarias,ES70,2013,2013,Consultorio local,CONSULTORIO_LOCAL,155,,,
Canarias,ES70,2013,2013,Centro de salud,CENTRO_SALUD,108,,,
Canarias,ES70,2013,2013,Zona básica de salud,ZONA_BASICA_SALUD,108,,,
Lanzarote,ES708,2013,2013,Consultorio local,CONSULTORIO_LOCAL,9,,,
Lanzarote,ES708,2013,2013,Centro de salud,CENTRO_SALUD,7,,,
Lanzarote,ES708,2013,2013,Zona básica de salud,ZONA_BASICA_SALUD,7,,,
Fuerteventura,ES704,2013,2013,Consultorio local,CONSULTORIO_LOCAL,11,,,
Fuerteventura,ES704,2013,2013,Centro de salud,CENTRO_SALUD,6,,,
Fuerteventura,ES704,2013,2013,Zona básica de salud,ZONA_BASICA_SALUD,6,,,
Gran Canaria,ES705,2013,2013,Consultorio local,CONSULTORIO_LOCAL,48,,,
Gran Canaria,ES705,2013,2013,Centro de salud,CENTRO_SALUD,39,,,
Gran Canaria,ES705,2013,2013,Zona básica de salud,ZONA_BASICA_SALUD,39,,,
Tenerife,ES709,2013,2013,Consultorio local,CONSULTORIO_LOCAL,64,,,
Tenerife,ES709,2013,2013,Centro de salud,CENTRO_SALUD,40,,,
Tenerife,ES709,2013,2013,Zona básica de salud,ZONA_BASICA_SALUD,40,,,
La Gomera,ES706,2013,2013,Consultorio local,CONSULTORIO_LOCAL,10,,,
La Gomera,ES706,2013,2013,Centro de salud,CENTRO_SALUD,5,,,
La Gomera,ES706,2013,2013,Zona básica de salud,ZONA_BASICA_SALUD,5,,,
La Palma,ES707,2013,2013,Consultorio local,CONSULTORIO_LOCAL,9,,,
La Palma,ES707,2013,2013,Centro de salud,CENTRO_SALUD,9,,,
La Palma,ES707,2013,2013,Zona básica de salud,ZONA_BASICA_SALUD,9,,,
El Hierro,ES703,2013,2013,Consultorio local,CONSULTORIO_LOCAL,4,,,
El Hierro,ES703,2013,2013,Centro de salud,CENTRO_SALUD,2,,,
El Hierro,ES703,2013,2013,Zona básica de salud,ZONA_BASICA_SALUD,2,,,
Canarias,ES70,2014,2014,Consultorio local,CONSULTORIO_LOCAL,155,,,
Canarias,ES70,2014,2014,Centro de salud,CENTRO_SALUD,108,,,
Canarias,ES70,2014,2014,Zona básica de salud,ZONA_BASICA_SALUD,108,,,
Lanzarote,ES708,2014,2014,Consultorio local,CONSULTORIO_LOCAL,9,,,
Lanzarote,ES708,2014,2014,Centro de salud,CENTRO_SALUD,7,,,
Lanzarote,ES708,2014,2014,Zona básica de salud,ZONA_BASICA_SALUD,7,,,
Fuerteventura,ES704,2014,2014,Consultorio local,CONSULTORIO_LOCAL,11,,,
Fuerteventura,ES704,2014,2014,Centro de salud,CENTRO_SALUD,6,,,
Fuerteventura,ES704,2014,2014,Zona básica de salud,ZONA_BASICA_SALUD,6,,,
Gran Canaria,ES705,2014,2014,Consultorio local,CONSULTORIO_LOCAL,48,,,
Gran Canaria,ES705,2014,2014,Centro de salud,CENTRO_SALUD,39,,,
Gran Canaria,ES705,2014,2014,Zona básica de salud,ZONA_BASICA_SALUD,39,,,
Tenerife,ES709,2014,2014,Consultorio local,CONSULTORIO_LOCAL,64,,,
Tenerife,ES709,2014,2014,Centro de salud,CENTRO_SALUD,40,,,
Tenerife,ES709,2014,2014,Zona básica de salud,ZONA_BASICA_SALUD,40,,,
La Gomera,ES706,2014,2014,Consultorio local,CONSULTORIO_LOCAL,10,,,
La Gomera,ES706,2014,2014,Centro de salud,CENTRO_SALUD,5,,,
La Gomera,ES706,2014,2014,Zona básica de salud,ZONA_BASICA_SALUD,5,,,
La Palma,ES707,2014,2014,Consultorio local,CONSULTORIO_LOCAL,9,,,
La Palma,ES707,2014,2014,Centro de salud,CENTRO_SALUD,9,,,
La Palma,ES707,2014,2014,Zona básica de salud,ZONA_BASICA_SALUD,9,,,
El Hierro,ES703,2014,2014,Consultorio local,CONSULTORIO_LOCAL,4,,,
El Hierro,ES703,2014,2014,Centro de salud,CENTRO_SALUD,2,,,
El Hierro,ES703,2014,2014,Zona básica de salud,ZONA_BASICA_SALUD,2,,,
Canarias,ES70,2015,2015,Consultorio local,CONSULTORIO_LOCAL,154,,,
Canarias,ES70,2015,2015,Centro de salud,CENTRO_SALUD,108,,,
Canarias,ES70,2015,2015,Zona básica de salud,ZONA_BASICA_SALUD,108,,,
Lanzarote,ES708,2015,2015,Consultorio local,CONSULTORIO_LOCAL,8,,,
Lanzarote,ES708,2015,2015,Centro de salud,CENTRO_SALUD,7,,,
Lanzarote,ES708,2015,2015,Zona básica de salud,ZONA_BASICA_SALUD,7,,,
Fuerteventura,ES704,2015,2015,Consultorio local,CONSULTORIO_LOCAL,11,,,
Fuerteventura,ES704,2015,2015,Centro de salud,CENTRO_SALUD,6,,,
Fuerteventura,ES704,2015,2015,Zona básica de salud,ZONA_BASICA_SALUD,6,,,
Gran Canaria,ES705,2015,2015,Consultorio local,CONSULTORIO_LOCAL,48,,,
Gran Canaria,ES705,2015,2015,Centro de salud,CENTRO_SALUD,39,,,
Gran Canaria,ES705,2015,2015,Zona básica de salud,ZONA_BASICA_SALUD,39,,,
Tenerife,ES709,2015,2015,Consultorio local,CONSULTORIO_LOCAL,64,,,
Tenerife,ES709,2015,2015,Centro de salud,CENTRO_SALUD,40,,,
Tenerife,ES709,2015,2015,Zona básica de salud,ZONA_BASICA_SALUD,40,,,
La Gomera,ES706,2015,2015,Consultorio local,CONSULTORIO_LOCAL,10,,,
La Gomera,ES706,2015,2015,Centro de salud,CENTRO_SALUD,5,,,
La Gomera,ES706,2015,2015,Zona básica de salud,ZONA_BASICA_SALUD,5,,,
La Palma,ES707,2015,2015,Consultorio local,CONSULTORIO_LOCAL,9,,,
La Palma,ES707,2015,2015,Centro de salud,CENTRO_SALUD,9,,,
La Palma,ES707,2015,2015,Zona básica de salud,ZONA_BASICA_SALUD,9,,,
El Hierro,ES703,2015,2015,Consultorio local,CONSULTORIO_LOCAL,4,,,
El Hierro,ES703,2015,2015,Centro de salud,CENTRO_SALUD,2,,,
El Hierro,ES703,2015,2015,Zona básica de salud,ZONA_BASICA_SALUD,2,,,
Canarias,ES70,2016,2016,Consultorio local,CONSULTORIO_LOCAL,154,,,
Canarias,ES70,2016,2016,Centro de salud,CENTRO_SALUD,108,,,
Canarias,ES70,2016,2016,Zona básica de salud,ZONA_BASICA_SALUD,108,,,
Lanzarote,ES708,2016,2016,Consultorio local,CONSULTORIO_LOCAL,8,,,
Lanzarote,ES708,2016,2016,Centro de salud,CENTRO_SALUD,7,,,
Lanzarote,ES708,2016,2016,Zona básica de salud,ZONA_BASICA_SALUD,7,,,
Fuerteventura,ES704,2016,2016,Consultorio local,CONSULTORIO_LOCAL,11,,,
Fuerteventura,ES704,2016,2016,Centro de salud,CENTRO_SALUD,6,,,
Fuerteventura,ES704,2016,2016,Zona básica de salud,ZONA_BASICA_SALUD,6,,,
Gran Canaria,ES705,2016,2016,Consultorio local,CONSULTORIO_LOCAL,48,,,
Gran Canaria,ES705,2016,2016,Centro de salud,CENTRO_SALUD,39,,,
Gran Canaria,ES705,2016,2016,Zona básica de salud,ZONA_BASICA_SALUD,39,,,
Tenerife,ES709,2016,2016,Consultorio local,CONSULTORIO_LOCAL,64,,,
Tenerife,ES709,2016,2016,Centro de salud,CENTRO_SALUD,40,,,
Tenerife,ES709,2016,2016,Zona básica de salud,ZONA_BASICA_SALUD,40,,,
La Gomera,ES706,2016,2016,Consultorio local,CONSULTORIO_LOCAL,10,,,
La Gomera,ES706,2016,2016,Centro de salud,CENTRO_SALUD,5,,,
La Gomera,ES706,2016,2016,Zona básica de salud,ZONA_BASICA_SALUD,5,,,
La Palma,ES707,2016,2016,Consultorio local,CONSULTORIO_LOCAL,9,,,
La Palma,ES707,2016,2016,Centro de salud,CENTRO_SALUD,9,,,
La Palma,ES707,2016,2016,Zona básica de salud,ZONA_BASICA_SALUD,9,,,
El Hierro,ES703,2016,2016,Consultorio local,CONSULTORIO_LOCAL,4,,,
El Hierro,ES703,2016,2016,Centro de salud,CENTRO_SALUD,2,,,
El Hierro,ES703,2016,2016,Zona básica de salud,ZONA_BASICA_SALUD,2,,,
Canarias,ES70,2017,2017,Consultorio local,CONSULTORIO_LOCAL,154,,,
Canarias,ES70,2017,2017,Centro de salud,CENTRO_SALUD,106,,,
Canarias,ES70,2017,2017,Zona básica de salud,ZONA_BASICA_SALUD,108,,,
Lanzarote,ES708,2017,2017,Consultorio local,CONSULTORIO_LOCAL,8,,,
Lanzarote,ES708,2017,2017,Centro de salud,CENTRO_SALUD,7,,,
Lanzarote,ES708,2017,2017,Zona básica de salud,ZONA_BASICA_SALUD,7,,,
Fuerteventura,ES704,2017,2017,Consultorio local,CONSULTORIO_LOCAL,11,,,
Fuerteventura,ES704,2017,2017,Centro de salud,CENTRO_SALUD,6,,,
Fuerteventura,ES704,2017,2017,Zona básica de salud,ZONA_BASICA_SALUD,6,,,
Gran Canaria,ES705,2017,2017,Consultorio local,CONSULTORIO_LOCAL,48,,,
Gran Canaria,ES705,2017,2017,Centro de salud,CENTRO_SALUD,39,,,
Gran Canaria,ES705,2017,2017,Zona básica de salud,ZONA_BASICA_SALUD,39,,,
Tenerife,ES709,2017,2017,Consultorio local,CONSULTORIO_LOCAL,64,,,
Tenerife,ES709,2017,2017,Centro de salud,CENTRO_SALUD,38,,,
Tenerife,ES709,2017,2017,Zona básica de salud,ZONA_BASICA_SALUD,40,,,
La Gomera,ES706,2017,2017,Consultorio local,CONSULTORIO_LOCAL,10,,,
La Gomera,ES706,2017,2017,Centro de salud,CENTRO_SALUD,5,,,
La Gomera,ES706,2017,2017,Zona básica de salud,ZONA_BASICA_SALUD,5,,,
La Palma,ES707,2017,2017,Consultorio local,CONSULTORIO_LOCAL,9,,,
La Palma,ES707,2017,2017,Centro de salud,CENTRO_SALUD,9,,,
La Palma,ES707,2017,2017,Zona básica de salud,ZONA_BASICA_SALUD,9,,,
El Hierro,ES703,2017,2017,Consultorio local,CONSULTORIO_LOCAL,4,,,
El Hierro,ES703,2017,2017,Centro de salud,CENTRO_SALUD,2,,,
El Hierro,ES703,2017,2017,Zona básica de salud,ZONA_BASICA_SALUD,2,,,
Canarias,ES70,2018,2018,Consultorio local,CONSULTORIO_LOCAL,154,,,
Canarias,ES70,2018,2018,Centro de salud,CENTRO_SALUD,106,,,
Canarias,ES70,2018,2018,Zona básica de salud,ZONA_BASICA_SALUD,108,,,
Lanzarote,ES708,2018,2018,Consultorio local,CONSULTORIO_LOCAL,8,,,
Lanzarote,ES708,2018,2018,Centro de salud,CENTRO_SALUD,7,,,
Lanzarote,ES708,2018,2018,Zona básica de salud,ZONA_BASICA_SALUD,7,,,
Fuerteventura,ES704,2018,2018,Consultorio local,CONSULTORIO_LOCAL,11,,,
Fuerteventura,ES704,2018,2018,Centro de salud,CENTRO_SALUD,6,,,
Fuerteventura,ES704,2018,2018,Zona básica de salud,ZONA_BASICA_SALUD,6,,,
Gran Canaria,ES705,2018,2018,Consultorio local,CONSULTORIO_LOCAL,48,,,
Gran Canaria,ES705,2018,2018,Centro de salud,CENTRO_SALUD,39,,,
Gran Canaria,ES705,2018,2018,Zona básica de salud,ZONA_BASICA_SALUD,39,,,
Tenerife,ES709,2018,2018,Consultorio local,CONSULTORIO_LOCAL,64,,,
Tenerife,ES709,2018,2018,Centro de salud,CENTRO_SALUD,38,,,
Tenerife,ES709,2018,2018,Zona básica de salud,ZONA_BASICA_SALUD,40,,,
La Gomera,ES706,2018,2018,Consultorio local,CONSULTORIO_LOCAL,10,,,
La Gomera,ES706,2018,2018,Centro de salud,CENTRO_SALUD,5,,,
La Gomera,ES706,2018,2018,Zona básica de salud,ZONA_BASICA_SALUD,5,,,
La Palma,ES707,2018,2018,Consultorio local,CONSULTORIO_LOCAL,9,,,
La Palma,ES707,2018,2018,Centro de salud,CENTRO_SALUD,9,,,
La Palma,ES707,2018,2018,Zona básica de salud,ZONA_BASICA_SALUD,9,,,
El Hierro,ES703,2018,2018,Consultorio local,CONSULTORIO_LOCAL,4,,,
El Hierro,ES703,2018,2018,Centro de salud,CENTRO_SALUD,2,,,
El Hierro,ES703,2018,2018,Zona básica de salud,ZONA_BASICA_SALUD,2,,,
Canarias,ES70,2019,2019,Consultorio local,CONSULTORIO_LOCAL,155,,,
Canarias,ES70,2019,2019,Centro de salud,CENTRO_SALUD,107,,,
Canarias,ES70,2019,2019,Zona básica de salud,ZONA_BASICA_SALUD,108,,,
Lanzarote,ES708,2019,2019,Consultorio local,CONSULTORIO_LOCAL,8,,,
Lanzarote,ES708,2019,2019,Centro de salud,CENTRO_SALUD,7,,,
Lanzarote,ES708,2019,2019,Zona básica de salud,ZONA_BASICA_SALUD,7,,,
Fuerteventura,ES704,2019,2019,Consultorio local,CONSULTORIO_LOCAL,11,,,
Fuerteventura,ES704,2019,2019,Centro de salud,CENTRO_SALUD,6,,,
Fuerteventura,ES704,2019,2019,Zona básica de salud,ZONA_BASICA_SALUD,6,,,
Gran Canaria,ES705,2019,2019,Consultorio local,CONSULTORIO_LOCAL,48,,,
Gran Canaria,ES705,2019,2019,Centro de salud,CENTRO_SALUD,40,,,
Gran Canaria,ES705,2019,2019,Zona básica de salud,ZONA_BASICA_SALUD,39,,,
Tenerife,ES709,2019,2019,Consultorio local,CONSULTORIO_LOCAL,65,,,
Tenerife,ES709,2019,2019,Centro de salud,CENTRO_SALUD,38,,,
Tenerife,ES709,2019,2019,Zona básica de salud,ZONA_BASICA_SALUD,40,,,
La Gomera,ES706,2019,2019,Consultorio local,CONSULTORIO_LOCAL,10,,,
La Gomera,ES706,2019,2019,Centro de salud,CENTRO_SALUD,5,,,
La Gomera,ES706,2019,2019,Zona básica de salud,ZONA_BASICA_SALUD,5,,,
La Palma,ES707,2019,2019,Consultorio local,CONSULTORIO_LOCAL,9,,,
La Palma,ES707,2019,2019,Centro de salud,CENTRO_SALUD,9,,,
La Palma,ES707,2019,2019,Zona básica de salud,ZONA_BASICA_SALUD,9,,,
El Hierro,ES703,2019,2019,Consultorio local,CONSULTORIO_LOCAL,4,,,
El Hierro,ES703,2019,2019,Centro de salud,CENTRO_SALUD,2,,,
El Hierro,ES703,2019,2019,Zona básica de salud,ZONA_BASICA_SALUD,2,,,
Canarias,ES70,2020,2020,Consultorio local,CONSULTORIO_LOCAL,156,,,
Canarias,ES70,2020,2020,Centro de salud,CENTRO_SALUD,107,,,
Canarias,ES70,2020,2020,Zona básica de salud,ZONA_BASICA_SALUD,108,,,
Lanzarote,ES708,2020,2020,Consultorio local,CONSULTORIO_LOCAL,8,,,
Lanzarote,ES708,2020,2020,Centro de salud,CENTRO_SALUD,7,,,
Lanzarote,ES708,2020,2020,Zona básica de salud,ZONA_BASICA_SALUD,7,,,
Fuerteventura,ES704,2020,2020,Consultorio local,CONSULTORIO_LOCAL,11,,,
Fuerteventura,ES704,2020,2020,Centro de salud,CENTRO_SALUD,6,,,
Fuerteventura,ES704,2020,2020,Zona básica de salud,ZONA_BASICA_SALUD,6,,,
Gran Canaria,ES705,2020,2020,Consultorio local,CONSULTORIO_LOCAL,49,,,
Gran Canaria,ES705,2020,2020,Centro de salud,CENTRO_SALUD,40,,,
Gran Canaria,ES705,2020,2020,Zona básica de salud,ZONA_BASICA_SALUD,39,,,
Tenerife,ES709,2020,2020,Consultorio local,CONSULTORIO_LOCAL,65,,,
Tenerife,ES709,2020,2020,Centro de salud,CENTRO_SALUD,38,,,
Tenerife,ES709,2020,2020,Zona básica de salud,ZONA_BASICA_SALUD,40,,,
La Gomera,ES706,2020,2020,Consultorio local,CONSULTORIO_LOCAL,10,,,
La Gomera,ES706,2020,2020,Centro de salud,CENTRO_SALUD,5,,,
La Gomera,ES706,2020,2020,Zona básica de salud,ZONA_BASICA_SALUD,5,,,
La Palma,ES707,2020,2020,Consultorio local,CONSULTORIO_LOCAL,9,,,
La Palma,ES707,2020,2020,Centro de salud,CENTRO_SALUD,9,,,
La Palma,ES707,2020,2020,Zona básica de salud,ZONA_BASICA_SALUD,9,,,
El Hierro,ES703,2020,2020,Consultorio local,CONSULTORIO_LOCAL,4,,,
El Hierro,ES703,2020,2020,Centro de salud,CENTRO_SALUD,2,,,
El Hierro,ES703,2020,2020,Zona básica de salud,ZONA_BASICA_SALUD,2,,,
Canarias,ES70,2021,2021,Consultorio local,CONSULTORIO_LOCAL,156,,,
Canarias,ES70,2021,2021,Centro de salud,CENTRO_SALUD,107,,,
Canarias,ES70,2021,2021,Zona básica de salud,ZONA_BASICA_SALUD,108,,,
Lanzarote,ES708,2021,2021,Consultorio local,CONSULTORIO_LOCAL,8,,,
Lanzarote,ES708,2021,2021,Centro de salud,CENTRO_SALUD,7,,,
Lanzarote,ES708,2021,2021,Zona básica de salud,ZONA_BASICA_SALUD,7,,,
Fuerteventura,ES704,2021,2021,Consultorio local,CONSULTORIO_LOCAL,11,,,
Fuerteventura,ES704,2021,2021,Centro de salud,CENTRO_SALUD,6,,,
Fuerteventura,ES704,2021,2021,Zona básica de salud,ZONA_BASICA_SALUD,6,,,
Gran Canaria,ES705,2021,2021,Consultorio local,CONSULTORIO_LOCAL,49,,,
Gran Canaria,ES705,2021,2021,Centro de salud,CENTRO_SALUD,40,,,
Gran Canaria,ES705,2021,2021,Zona básica de salud,ZONA_BASICA_SALUD,39,,,
Tenerife,ES709,2021,2021,Consultorio local,CONSULTORIO_LOCAL,65,,,
Tenerife,ES709,2021,2021,Centro de salud,CENTRO_SALUD,38,,,
Tenerife,ES709,2021,2021,Zona básica de salud,ZONA_BASICA_SALUD,40,,,
La Gomera,ES706,2021,2021,Consultorio local,CONSULTORIO_LOCAL,10,,,
La Gomera,ES706,2021,2021,Centro de salud,CENTRO_SALUD,5,,,
La Gomera,ES706,2021,2021,Zona básica de salud,ZONA_BASICA_SALUD,5,,,
La Palma,ES707,2021,2021,Consultorio local,CONSULTORIO_LOCAL,9,,,
La Palma,ES707,2021,2021,Centro de salud,CENTRO_SALUD,9,,,
La Palma,ES707,2021,2021,Zona básica de salud,ZONA_BASICA_SALUD,9,,,
El Hierro,ES703,2021,2021,Consultorio local,CONSULTORIO_LOCAL,4,,,
El Hierro,ES703,2021,2021,Centro de salud,CENTRO_SALUD,2,,,
El Hierro,ES703,2021,2021,Zona básica de salud,ZONA_BASICA_SALUD,2,,,
Canarias,ES70,2022,2022,Consultorio local,CONSULTORIO_LOCAL,156,,,
Canarias,ES70,2022,2022,Centro de salud,CENTRO_SALUD,107,,,
Canarias,ES70,2022,2022,Zona básica de salud,ZONA_BASICA_SALUD,108,,,
Lanzarote,ES708,2022,2022,Consultorio local,CONSULTORIO_LOCAL,8,,,
Lanzarote,ES708,2022,2022,Centro de salud,CENTRO_SALUD,7,,,
Lanzarote,ES708,2022,2022,Zona básica de salud,ZONA_BASICA_SALUD,7,,,
Fuerteventura,ES704,2022,2022,Consultorio local,CONSULTORIO_LOCAL,11,,,
Fuerteventura,ES704,2022,2022,Centro de salud,CENTRO_SALUD,6,,,
Fuerteventura,ES704,2022,2022,Zona básica de salud,ZONA_BASICA_SALUD,6,,,
Gran Canaria,ES705,2022,2022,Consultorio local,CONSULTORIO_LOCAL,49,,,
Gran Canaria,ES705,2022,2022,Centro de salud,CENTRO_SALUD,40,,,
Gran Canaria,ES705,2022,2022,Zona básica de salud,ZONA_BASICA_SALUD,39,,,
Tenerife,ES709,2022,2022,Consultorio local,CONSULTORIO_LOCAL,65,,,
Tenerife,ES709,2022,2022,Centro de salud,CENTRO_SALUD,38,,,
Tenerife,ES709,2022,2022,Zona básica de salud,ZONA_BASICA_SALUD,40,,,
La Gomera,ES706,2022,2022,Consultorio local,CONSULTORIO_LOCAL,10,,,
La Gomera,ES706,2022,2022,Centro de salud,CENTRO_SALUD,5,,,
La Gomera,ES706,2022,2022,Zona básica de salud,ZONA_BASICA_SALUD,5,,,
La Palma,ES707,2022,2022,Consultorio local,CONSULTORIO_LOCAL,9,,,
La Palma,ES707,2022,2022,Centro de salud,CENTRO_SALUD,9,,,
La Palma,ES707,2022,2022,Zona básica de salud,ZONA_BASICA_SALUD,9,,,
El Hierro,ES703,2022,2022,Consultorio local,CONSULTORIO_LOCAL,4,,,
El Hierro,ES703,2022,2022,Centro de salud,CENTRO_SALUD,2,,,
El Hierro,ES703,2022,2022,Zona básica de salud,ZONA_BASICA_SALUD,2,,,
Canarias,ES70,2023,2023,Consultorio local,CONSULTORIO_LOCAL,157,,,
Canarias,ES70,2023,2023,Centro de salud,CENTRO_SALUD,107,,,
Canarias,ES70,2023,2023,Zona básica de salud,ZONA_BASICA_SALUD,108,,,
Lanzarote,ES708,2023,2023,Consultorio local,CONSULTORIO_LOCAL,8,,,
Lanzarote,ES708,2023,2023,Centro de salud,CENTRO_SALUD,7,,,
Lanzarote,ES708,2023,2023,Zona básica de salud,ZONA_BASICA_SALUD,7,,,
Fuerteventura,ES704,2023,2023,Consultorio local,CONSULTORIO_LOCAL,11,,,
Fuerteventura,ES704,2023,2023,Centro de salud,CENTRO_SALUD,6,,,
Fuerteventura,ES704,2023,2023,Zona básica de salud,ZONA_BASICA_SALUD,6,,,
Gran Canaria,ES705,2023,2023,Consultorio local,CONSULTORIO_LOCAL,49,,,
Gran Canaria,ES705,2023,2023,Centro de salud,CENTRO_SALUD,40,,,
Gran Canaria,ES705,2023,2023,Zona básica de salud,ZONA_BASICA_SALUD,39,,,
Tenerife,ES709,2023,2023,Consultorio local,CONSULTORIO_LOCAL,66,,,
Tenerife,ES709,2023,2023,Centro de salud,CENTRO_SALUD,38,,,
Tenerife,ES709,2023,2023,Zona básica de salud,ZONA_BASICA_SALUD,40,,,
La Gomera,ES706,2023,2023,Consultorio local,CONSULTORIO_LOCAL,10,,,
La Gomera,ES706,2023,2023,Centro de salud,CENTRO_SALUD,5,,,
La Gomera,ES706,2023,2023,Zona básica de salud,ZONA_BASICA_SALUD,5,,,
La Palma,ES707,2023,2023,Consultorio local,CONSULTORIO_LOCAL,9,,,
La Palma,ES707,2023,2023,Centro de salud,CENTRO_SALUD,9,,,
La Palma,ES707,2023,2023,Zona básica de salud,ZONA_BASICA_SALUD,9,,,
El Hierro,ES703,2023,2023,Consultorio local,CONSULTORIO_LOCAL,4,,,
El Hierro,ES703,2023,2023,Centro de salud,CENTRO_SALUD,2,,,
El Hierro,ES703,2023,2023,Zona básica de salud,ZONA_BASICA_SALUD,2,,,
Canarias,ES70,2024,2024,Consultorio local,CONSULTORIO_LOCAL,156,,,
Canarias,ES70,2024,2024,Centro de salud,CENTRO_SALUD,108,,,
Canarias,ES70,2024,2024,Zona básica de salud,ZONA_BASICA_SALUD,108,,,
Lanzarote,ES708,2024,2024,Consultorio local,CONSULTORIO_LOCAL,7,,,
Lanzarote,ES708,2024,2024,Centro de salud,CENTRO_SALUD,8,,,
Lanzarote,ES708,2024,2024,Zona básica de salud,ZONA_BASICA_SALUD,7,,,
Fuerteventura,ES704,2024,2024,Consultorio local,CONSULTORIO_LOCAL,11,,,
Fuerteventura,ES704,2024,2024,Centro de salud,CENTRO_SALUD,6,,,
Fuerteventura,ES704,2024,2024,Zona básica de salud,ZONA_BASICA_SALUD,6,,,
Gran Canaria,ES705,2024,2024,Consultorio local,CONSULTORIO_LOCAL,49,,,
Gran Canaria,ES705,2024,2024,Centro de salud,CENTRO_SALUD,40,,,
Gran Canaria,ES705,2024,2024,Zona básica de salud,ZONA_BASICA_SALUD,39,,,
Tenerife,ES709,2024,2024,Consultorio local,CONSULTORIO_LOCAL,66,,,
Tenerife,ES709,2024,2024,Centro de salud,CENTRO_SALUD,38,,,
Tenerife,ES709,2024,2024,Zona básica de salud,ZONA_BASICA_SALUD,40,,,
La Gomera,ES706,2024,2024,Consultorio local,CONSULTORIO_LOCAL,10,,,
La Gomera,ES706,2024,2024,Centro de salud,CENTRO_SALUD,5,,,
La Gomera,ES706,2024,2024,Zona básica de salud,ZONA_BASICA_SALUD,5,,,
La Palma,ES707,2024,2024,Consultorio local,CONSULTORIO_LOCAL,9,,,
La Palma,ES707,2024,2024,Centro de salud,CENTRO_SALUD,9,,,
La Palma,ES707,2024,2024,Zona básica de salud,ZONA_BASICA_SALUD,9,,,
El Hierro,ES703,2024,2024,Consultorio local,CONSULTORIO_LOCAL,4,,,
El Hierro,ES703,2024,2024,Centro de salud,CENTRO_SALUD,2,,,
El Hierro,ES703,2024,2024,Zona básica de salud,ZONA_BASICA_SALUD,2,,,
