island_id,municipality_id,municipality_name,publication_status,publication_reason,children_0_14,population_total,population_evaluable,population_routed,population_requires_interisland_transfer,population_no_route,population_not_evaluated,eligible_pediatric_facilities,children_per_verified_pediatric_facility,median_travel_minutes,p90_travel_minutes,children_under_5,pct_under_5_total,pct_under_5_evaluable,children_5_to_under_10,pct_5_to_under_10_total,pct_5_to_under_10_evaluable,children_10_to_under_15,pct_10_to_under_15_total,pct_10_to_under_15_evaluable,children_15_to_under_20,pct_15_to_under_20_total,pct_15_to_under_20_evaluable,children_20_to_under_30,pct_20_to_under_30_total,pct_20_to_under_30_evaluable,children_30_or_more,pct_30_or_more_total,pct_30_or_more_evaluable,pct_requires_interisland_transfer_total,pct_no_route_total,pct_not_evaluated_total
el-hierro,38013_2007,Frontera,publishable,,515,515,515,515,0,0,0,0,,19.1,21.7,0,0.0,0.0,0,0.0,0.0,28,5.44,5.44,361,70.1,70.1,122,23.69,23.69,4,0.78,0.78,0.0,0.0,0.0
el-hierro,38048,Valverde,publishable,,538,538,538,538,0,0,0,1,538.0,4.7,10.6,280,52.04,52.04,127,23.61,23.61,129,23.98,23.98,2,0.37,0.37,0,0.0,0.0,0,0.0,0.0,0.0,0.0,0.0
el-hierro,38901,El Pinar de El Hierro,publishable,,161,161,161,161,0,0,0,1,161.0,1.2,13.8,115,71.43,71.43,0,0.0,0.0,46,28.57,28.57,0,0.0,0.0,0,0.0,0.0,0,0.0,0.0,0.0,0.0,0.0
fuerteventura,35003,Antigua,publishable,,1541,1541,1541,1541,0,0,0,0,,18.6,21.5,0,0.0,0.0,0,0.0,0.0,395,25.63,25.63,632,41.01,41.01,493,31.99,31.99,21,1.36,1.36,0.0,0.0,0.0
fuerteventura,35007,Betancuria,not_publishable,population_below_100,97,97,97,97,0,0,0,0,,22.8,30.3,0,0.0,0.0,0,0.0,0.0,12,12.37,12.37,31,31.96,31.96,42,43.3,43.3,12,12.37,12.37,0.0,0.0,0.0
fuerteventura,35014,La Oliva,publishable,,3756,3756,3756,3756,0,0,0,2,1878.0,7.6,14.2,1476,39.3,39.3,1200,31.95,31.95,755,20.1,20.1,325,8.65,8.65,0,0.0,0.0,0,0.0,0.0,0.0,0.0,0.0
fuerteventura,35015,Pájara,publishable,,2984,2984,2984,2984,0,0,0,3,994.7,3.3,12.2,2142,71.78,71.78,121,4.05,4.05,707,23.69,23.69,12,0.4,0.4,2,0.07,0.07,0,0.0,0.0,0.0,0.0,0.0
fuerteventura,35017,Puerto del Rosario,publishable,,6265,6265,6265,6265,0,0,0,2,3132.5,2.9,9.6,4550,72.63,72.63,1152,18.39,18.39,476,7.6,7.6,62,0.99,0.99,25,0.4,0.4,0,0.0,0.0,0.0,0.0,0.0
fuerteventura,35030,Tuineje,publishable,,2302,2302,2302,2302,0,0,0,0,,21.6,23.6,20,0.87,0.87,219,9.51,9.51,422,18.33,18.33,163,7.08,7.08,1474,64.03,64.03,4,0.17,0.17,0.0,0.0,0.0
gran-canaria,35001,Agaete,publishable,,521,521,517,517,0,0,4,2,260.5,1.9,4.0,472,90.6,91.3,21,4.03,4.06,2,0.38,0.39,21,4.03,4.06,1,0.19,0.19,0,0.0,0.0,0.0,0.0,0.77
gran-canaria,35002,Agüimes,publishable,,4401,4401,4401,4401,0,0,0,3,1467.0,2.0,4.9,4049,92.0,92.0,329,7.48,7.48,5,0.11,0.11,18,0.41,0.41,0,0.0,0.0,0,0.0,0.0,0.0,0.0,0.0
gran-canaria,35005,Artenara,not_publishable,population_below_100,43,43,43,43,0,0,0,0,,31.6,32.9,0,0.0,0.0,0,0.0,0.0,0,0.0,0.0,0,0.0,0.0,13,30.23,30.23,30,69.77,69.77,0.0,0.0,0.0
gran-canaria,35006,Arucas,publishable,,4438,4438,4438,4438,0,0,0,1,4438.0,4.2,7.0,2630,59.26,59.26,1762,39.7,39.7,46,1.04,1.04,0,0.0,0.0,0,0.0,0.0,0,0.0,0.0,0.0,0.0,0.0
gran-canaria,35008,Firgas,publishable,,803,803,803,803,0,0,0,1,803.0,5.5,8.1,280,34.87,34.87,518,64.51,64.51,5,0.62,0.62,0,0.0,0.0,0,0.0,0.0,0,0.0,0.0,0.0,0.0,0.0
gran-canaria,35009,Gáldar,publishable,,2543,2543,2543,2543,0,0,0,1,2543.0,4.2,11.7,1533,60.28,60.28,540,21.23,21.23,432,16.99,16.99,37,1.45,1.45,1,0.04,0.04,0,0.0,0.0,0.0,0.0,0.0
gran-canaria,35011,Ingenio,publishable,,4005,4005,4005,4005,0,0,0,2,2002.5,4.6,6.3,3068,76.6,76.6,914,22.82,22.82,19,0.47,0.47,2,0.05,0.05,2,0.05,0.05,0,0.0,0.0,0.0,0.0,0.0
gran-canaria,35012,Mogán,publishable,,2460,2460,2460,2460,0,0,0,2,1230.0,8.3,14.0,842,34.23,34.23,715,29.07,29.07,763,31.02,31.02,37,1.5,1.5,84,3.41,3.41,19,0.77,0.77,0.0,0.0,0.0
gran-canaria,35013,Moya,publishable,,854,854,854,854,0,0,0,1,854.0,3.2,9.9,609,71.31,71.31,186,21.78,21.78,59,6.91,6.91,0,0.0,0.0,0,0.0,0.0,0,0.0,0.0,0.0,0.0,0.0
gran-canaria,35016,Las Palmas de Gran Canaria,publishable,,39915,39915,39915,39915,0,0,0,18,2217.5,2.6,5.3,34594,86.67,86.67,5238,13.12,13.12,81,0.2,0.2,2,0.01,0.01,0,0.0,0.0,0,0.0,0.0,0.0,0.0,0.0
gran-canaria,35019,San Bartolomé de Tirajana,publishable,,5739,5739,5739,5739,0,0,0,1,5739.0,8.5,14.8,1699,29.6,29.6,2095,36.5,36.5,1404,24.46,24.46,224,3.9,3.9,168,2.93,2.93,149,2.6,2.6,0.0,0.0,0.0
gran-canaria,35020,La Aldea de San Nicolás,publishable,,703,703,703,703,0,0,0,1,703.0,2.9,7.7,566,80.51,80.51,94,13.37,13.37,3,0.43,0.43,0,0.0,0.0,39,5.55,5.55,1,0.14,0.14,0.0,0.0,0.0
gran-canaria,35021,Santa Brígida,publishable,,1947,1947,1947,1947,0,0,0,1,1947.0,5.2,8.0,819,42.06,42.06,1097,56.34,56.34,31,1.59,1.59,0,0.0,0.0,0,0.0,0.0,0,0.0,0.0,0.0,0.0,0.0
gran-canaria,35022,Santa Lucía de Tirajana,publishable,,10201,10201,10201,10201,0,0,0,2,5100.5,2.9,4.7,9596,94.07,94.07,507,4.97,4.97,0,0.0,0.0,89,0.87,0.87,9,0.09,0.09,0,0.0,0.0,0.0,0.0,0.0
gran-canaria,35023,Santa María de Guía de Gran Canaria,publishable,,1357,1357,1357,1357,0,0,0,2,678.5,3.1,8.2,968,71.33,71.33,286,21.08,21.08,103,7.59,7.59,0,0.0,0.0,0,0.0,0.0,0,0.0,0.0,0.0,0.0,0.0
gran-canaria,35025,Tejeda,publishable,,103,103,103,103,0,0,0,0,,35.1,40.5,0,0.0,0.0,0,0.0,0.0,0,0.0,0.0,1,0.97,0.97,1,0.97,0.97,101,98.06,98.06,0.0,0.0,0.0
gran-canaria,35026,Telde,publishable,,11710,11710,11710,11710,0,0,0,5,2342.0,4.3,8.7,6607,56.42,56.42,4693,40.08,40.08,399,3.41,3.41,11,0.09,0.09,0,0.0,0.0,0,0.0,0.0,0.0,0.0,0.0
gran-canaria,35027,Teror,publishable,,1298,1298,1298,1298,0,0,0,1,1298.0,3.2,10.2,757,58.32,58.32,370,28.51,28.51,168,12.94,12.94,3,0.23,0.23,0,0.0,0.0,0,0.0,0.0,0.0,0.0,0.0
gran-canaria,35031,Valsequillo de Gran Canaria,publishable,,1125,1125,1125,1125,0,0,0,1,1125.0,5.6,9.0,470,41.78,41.78,574,51.02,51.02,81,7.2,7.2,0,0.0,0.0,0,0.0,0.0,0,0.0,0.0,0.0,0.0,0.0
gran-canaria,35032,Valleseco,publishable,,307,307,307,307,0,0,0,0,,10.1,13.5,0,0.0,0.0,145,47.23,47.23,149,48.53,48.53,13,4.23,4.23,0,0.0,0.0,0,0.0,0.0,0.0,0.0,0.0
gran-canaria,35033,Vega de San Mateo,publishable,,735,735,735,735,0,0,0,1,735.0,2.1,12.2,457,62.18,62.18,184,25.03,25.03,62,8.44,8.44,27,3.67,3.67,5,0.68,0.68,0,0.0,0.0,0.0,0.0,0.0
la-gomera,38002,Agulo,not_publishable,population_below_100,63,63,63,63,0,0,0,0,,26.2,26.7,0,0.0,0.0,0,0.0,0.0,0,0.0,0.0,2,3.17,3.17,61,96.83,96.83,0,0.0,0.0,0.0,0.0,0.0
la-gomera,38003,Alajeró,publishable,,175,175,175,175,0,0,0,0,,20.8,21.3,0,0.0,0.0,0,0.0,0.0,67,38.29,38.29,3,1.71,1.71,105,60.0,60.0,0,0.0,0.0,0.0,0.0,0.0
la-gomera,38021,Hermigua,publishable,,122,122,122,122,0,0,0,1,122.0,19.0,21.3,5,4.1,4.1,0,0.0,0.0,7,5.74,5.74,75,61.48,61.48,35,28.69,28.69,0,0.0,0.0,0.0,0.0,0.0
la-gomera,38036,San Sebastián de La Gomera,publishable,,1104,1104,1104,1104,0,0,0,0,,25.8,29.3,0,0.0,0.0,0,0.0,0.0,10,0.91,0.91,41,3.71,3.71,960,86.96,86.96,93,8.42,8.42,0.0,0.0,0.0
la-gomera,38049,Valle Gran Rey,publishable,,376,376,376,376,0,0,0,0,,35.5,36.6,0,0.0,0.0,0,0.0,0.0,6,1.6,1.6,4,1.06,1.06,42,11.17,11.17,324,86.17,86.17,0.0,0.0,0.0
la-gomera,38050,Vallehermoso,publishable,,169,169,169,169,0,0,0,0,,29.6,34.7,0,0.0,0.0,0,0.0,0.0,22,13.02,13.02,9,5.33,5.33,94,55.62,55.62,44,26.04,26.04,0.0,0.0,0.0
la-palma,38007,Barlovento,publishable,,180,180,180,180,0,0,0,0,,36.9,41.7,0,0.0,0.0,0,0.0,0.0,0,0.0,0.0,0,0.0,0.0,12,6.67,6.67,168,93.33,93.33,0.0,0.0,0.0
la-palma,38008,Breña Alta,publishable,,931,931,931,931,0,0,0,1,931.0,2.7,7.5,652,70.03,70.03,279,29.97,29.97,0,0.0,0.0,0,0.0,0.0,0,0.0,0.0,0,0.0,0.0,0.0,0.0,0.0
la-palma,38009,Breña Baja,publishable,,750,750,750,750,0,0,0,0,,5.3,8.7,247,32.93,32.93,498,66.4,66.4,5,0.67,0.67,0,0.0,0.0,0,0.0,0.0,0,0.0,0.0,0.0,0.0,0.0
la-palma,38014,Fuencaliente de La Palma,publishable,,191,191,191,191,0,0,0,0,,26.8,32.0,0,0.0,0.0,0,0.0,0.0,0,0.0,0.0,0,0.0,0.0,143,74.87,74.87,48,25.13,25.13,0.0,0.0,0.0
la-palma,38016,Garafía,publishable,,179,179,179,179,0,0,0,0,,32.1,40.0,0,0.0,0.0,0,0.0,0.0,0,0.0,0.0,7,3.91,3.91,20,11.17,11.17,152,84.92,84.92,0.0,0.0,0.0
la-palma,38024,Los Llanos de Aridane,publishable,,2345,2345,2345,2345,0,0,0,0,,9.6,12.8,0,0.0,0.0,1235,52.67,52.67,1011,43.11,43.11,87,3.71,3.71,12,0.51,0.51,0,0.0,0.0,0.0,0.0,0.0
la-palma,38027,El Paso,publishable,,882,882,882,882,0,0,0,0,,15.2,16.8,0,0.0,0.0,3,0.34,0.34,370,41.95,41.95,507,57.48,57.48,1,0.11,0.11,1,0.11,0.11,0.0,0.0,0.0
la-palma,38029,Puntagorda,publishable,,247,247,247,247,0,0,0,0,,17.1,19.8,0,0.0,0.0,0,0.0,0.0,36,14.57,14.57,201,81.38,81.38,10,4.05,4.05,0,0.0,0.0,0.0,0.0,0.0
la-palma,38030,Puntallana,publishable,,303,303,303,303,0,0,0,0,,12.7,16.2,0,0.0,0.0,41,13.53,13.53,210,69.31,69.31,52,17.16,17.16,0,0.0,0.0,0,0.0,0.0,0.0,0.0,0.0
la-palma,38033,San Andrés y Sauces,publishable,,374,374,374,374,0,0,0,0,,24.4,26.5,0,0.0,0.0,0,0.0,0.0,0,0.0,0.0,9,2.41,2.41,365,97.59,97.59,0,0.0,0.0,0.0,0.0,0.0
la-palma,38037,Santa Cruz de La Palma,publishable,,1331,1331,1331,1331,0,0,0,1,1331.0,5.4,7.0,423,31.78,31.78,908,68.22,68.22,0,0.0,0.0,0,0.0,0.0,0,0.0,0.0,0,0.0,0.0,0.0,0.0,0.0
la-palma,38045,Tazacorte,publishable,,376,376,376,376,0,0,0,1,376.0,4.2,8.6,233,61.97,61.97,122,32.45,32.45,7,1.86,1.86,14,3.72,3.72,0,0.0,0.0,0,0.0,0.0,0.0,0.0,0.0
la-palma,38047,Tijarafe,publishable,,223,223,223,223,0,0,0,1,223.0,6.3,10.7,89,39.91,39.91,99,44.39,44.39,34,15.25,15.25,1,0.45,0.45,0,0.0,0.0,0,0.0,0.0,0.0,0.0,0.0
la-palma,38053,Villa de Mazo,publishable,,511,511,511,511,0,0,0,0,,10.6,17.8,0,0.0,0.0,226,44.23,44.23,187,36.59,36.59,77,15.07,15.07,21,4.11,4.11,0,0.0,0.0,0.0,0.0,0.0
lanzarote,35004,Arrecife,publishable,,9363,9363,9363,9363,0,0,0,3,3121.0,2.0,2.9,9356,99.93,99.93,7,0.07,0.07,0,0.0,0.0,0,0.0,0.0,0,0.0,0.0,0,0.0,0.0,0.0,0.0,0.0
lanzarote,35010,Haría,publishable,,542,542,504,504,38,0,0,1,542.0,8.7,13.1,40,7.38,7.94,293,54.06,58.13,158,29.15,31.35,13,2.4,2.58,0,0.0,0.0,0,0.0,0.0,7.01,0.0,0.0
lanzarote,35018,San Bartolomé,publishable,,2532,2532,2532,2532,0,0,0,3,844.0,1.5,5.0,2274,89.81,89.81,258,10.19,10.19,0,0.0,0.0,0,0.0,0.0,0,0.0,0.0,0,0.0,0.0,0.0,0.0,0.0
lanzarote,35024,Teguise,publishable,,2971,2971,2918,2918,53,0,0,1,2971.0,8.2,11.1,391,13.16,13.4,1967,66.21,67.41,368,12.39,12.61,163,5.49,5.59,29,0.98,0.99,0,0.0,0.0,1.78,0.0,0.0
lanzarote,35028,Tías,publishable,,2584,2584,2584,2584,0,0,0,2,1292.0,3.2,6.6,1945,75.27,75.27,631,24.42,24.42,8,0.31,0.31,0,0.0,0.0,0,0.0,0.0,0,0.0,0.0,0.0,0.0,0.0
lanzarote,35029,Tinajo,publishable,,942,942,942,942,0,0,0,0,,16.3,20.0,0,0.0,0.0,2,0.21,0.21,291,30.89,30.89,545,57.86,57.86,104,11.04,11.04,0,0.0,0.0,0.0,0.0,0.0
lanzarote,35034,Yaiza,publishable,,2499,2499,2499,2499,0,0,0,2,1249.5,20.7,24.2,71,2.84,2.84,338,13.53,13.53,96,3.84,3.84,524,20.97,20.97,1470,58.82,58.82,0,0.0,0.0,0.0,0.0,0.0
tenerife,38001,Adeje,publishable,,6516,6516,6516,6516,0,0,0,2,3258.0,5.0,7.7,3269,50.17,50.17,3062,46.99,46.99,185,2.84,2.84,0,0.0,0.0,0,0.0,0.0,0,0.0,0.0,0.0,0.0,0.0
tenerife,38004,Arafo,publishable,,694,694,694,694,0,0,0,1,694.0,2.6,5.5,618,89.05,89.05,76,10.95,10.95,0,0.0,0.0,0,0.0,0.0,0,0.0,0.0,0,0.0,0.0,0.0,0.0,0.0
tenerife,38005,Arico,publishable,,1042,1042,1042,1042,0,0,0,1,1042.0,9.6,12.0,127,12.19,12.19,494,47.41,47.41,421,40.4,40.4,0,0.0,0.0,0,0.0,0.0,0,0.0,0.0,0.0,0.0,0.0
tenerife,38006,Arona,publishable,,10456,10456,10456,10456,0,0,0,7,1493.7,4.1,6.9,6996,66.91,66.91,3455,33.04,33.04,5,0.05,0.05,0,0.0,0.0,0,0.0,0.0,0,0.0,0.0,0.0,0.0,0.0
tenerife,38010,Buenavista del Norte,publishable,,426,426,426,426,0,0,0,2,213.0,2.3,9.3,362,84.98,84.98,33,7.75,7.75,29,6.81,6.81,0,0.0,0.0,2,0.47,0.47,0,0.0,0.0,0.0,0.0,0.0
tenerife,38011,Candelaria,publishable,,3580,3580,3580,3580,0,0,0,1,3580.0,4.4,7.4,2249,62.82,62.82,1312,36.65,36.65,19,0.53,0.53,0,0.0,0.0,0,0.0,0.0,0,0.0,0.0,0.0,0.0,0.0
tenerife,38012,Fasnia,publishable,,270,270,270,270,0,0,0,2,135.0,3.8,10.7,166,61.48,61.48,75,27.78,27.78,29,10.74,10.74,0,0.0,0.0,0,0.0,0.0,0,0.0,0.0,0.0,0.0,0.0
tenerife,38015,Garachico,publishable,,518,518,518,518,0,0,0,3,172.7,2.8,5.2,466,89.96,89.96,52,10.04,10.04,0,0.0,0.0,0,0.0,0.0,0,0.0,0.0,0,0.0,0.0,0.0,0.0,0.0
tenerife,38017,Granadilla de Abona,publishable,,7867,7867,7867,7867,0,0,0,3,2622.3,3.8,7.3,5725,72.77,72.77,2066,26.26,26.26,76,0.97,0.97,0,0.0,0.0,0,0.0,0.0,0,0.0,0.0,0.0,0.0,0.0
tenerife,38018,La Guancha,publishable,,657,657,657,657,0,0,0,1,657.0,2.8,5.4,575,87.52,87.52,82,12.48,12.48,0,0.0,0.0,0,0.0,0.0,0,0.0,0.0,0,0.0,0.0,0.0,0.0,0.0
tenerife,38019,Guía de Isora,publishable,,2833,2833,2833,2833,0,0,0,4,708.2,1.7,5.3,2457,86.73,86.73,352,12.42,12.42,24,0.85,0.85,0,0.0,0.0,0,0.0,0.0,0,0.0,0.0,0.0,0.0,0.0
tenerife,38020,Güímar,publishable,,2648,2648,2648,2648,0,0,0,3,882.7,3.0,5.6,2236,84.44,84.44,412,15.56,15.56,0,0.0,0.0,0,0.0,0.0,0,0.0,0.0,0,0.0,0.0,0.0,0.0,0.0
tenerife,38022,Icod de los Vinos,publishable,,2685,2685,2685,2685,0,0,0,1,2685.0,3.8,7.4,1800,67.04,67.04,826,30.76,30.76,59,2.2,2.2,0,0.0,0.0,0,0.0,0.0,0,0.0,0.0,0.0,0.0,0.0
tenerife,38023,San Cristóbal de La Laguna,publishable,,17011,17011,17011,17011,0,0,0,11,1546.5,3.0,5.3,14913,87.67,87.67,1893,11.13,11.13,194,1.14,1.14,10,0.06,0.06,1,0.01,0.01,0,0.0,0.0,0.0,0.0,0.0
tenerife,38025,La Matanza de Acentejo,publishable,,1137,1137,1137,1137,0,0,0,2,568.5,2.4,4.4,1057,92.96,92.96,80,7.04,7.04,0,0.0,0.0,0,0.0,0.0,0,0.0,0.0,0,0.0,0.0,0.0,0.0,0.0
tenerife,38026,La Orotava,publishable,,5008,5008,5008,5008,0,0,0,5,1001.6,3.4,5.1,4429,88.44,88.44,579,11.56,11.56,0,0.0,0.0,0,0.0,0.0,0,0.0,0.0,0,0.0,0.0,0.0,0.0,0.0
tenerife,38028,Puerto de la Cruz,publishable,,2947,2947,2947,2947,0,0,0,2,1473.5,3.2,5.2,2506,85.04,85.04,441,14.96,14.96,0,0.0,0.0,0,0.0,0.0,0,0.0,0.0,0,0.0,0.0,0.0,0.0,0.0
tenerife,38031,Los Realejos,publishable,,4368,4368,4368,4368,0,0,0,4,1092.0,2.4,4.3,4150,95.01,95.01,218,4.99,4.99,0,0.0,0.0,0,0.0,0.0,0,0.0,0.0,0,0.0,0.0,0.0,0.0,0.0
tenerife,38032,El Rosario,publishable,,2090,2090,2090,2090,0,0,0,2,1045.0,4.7,8.6,1099,52.58,52.58,960,45.93,45.93,31,1.48,1.48,0,0.0,0.0,0,0.0,0.0,0,0.0,0.0,0.0,0.0,0.0
tenerife,38034,San Juan de la Rambla,publishable,,579,579,579,579,0,0,0,3,193.0,3.6,5.7,469,81.0,81.0,110,19.0,19.0,0,0.0,0.0,0,0.0,0.0,0,0.0,0.0,0,0.0,0.0,0.0,0.0,0.0
tenerife,38035,San Miguel de Abona,publishable,,3331,3331,3331,3331,0,0,0,3,1110.3,4.3,6.6,2143,64.34,64.34,1157,34.73,34.73,31,0.93,0.93,0,0.0,0.0,0,0.0,0.0,0,0.0,0.0,0.0,0.0,0.0
tenerife,38038,Santa Cruz de Tenerife,publishable,,22573,22573,22573,22573,0,0,0,10,2257.3,2.3,4.7,20874,92.47,92.47,1620,7.18,7.18,29,0.13,0.13,22,0.1,0.1,28,0.12,0.12,0,0.0,0.0,0.0,0.0,0.0
tenerife,38039,Santa Úrsula,publishable,,1883,1883,1883,1883,0,0,0,2,941.5,2.9,3.8,1828,97.08,97.08,55,2.92,2.92,0,0.0,0.0,0,0.0,0.0,0,0.0,0.0,0,0.0,0.0,0.0,0.0,0.0
tenerife,38040,Santiago del Teide,publishable,,1617,1617,1617,1617,0,0,0,3,539.0,2.0,4.3,1611,99.63,99.63,6,0.37,0.37,0,0.0,0.0,0,0.0,0.0,0,0.0,0.0,0,0.0,0.0,0.0,0.0,0.0
tenerife,38041,El Sauzal,publishable,,1119,1119,1119,1119,0,0,0,1,1119.0,3.5,5.4,971,86.77,86.77,148,13.23,13.23,0,0.0,0.0,0,0.0,0.0,0,0.0,0.0,0,0.0,0.0,0.0,0.0,0.0
tenerife,38042,Los Silos,publishable,,455,455,455,455,0,0,0,1,455.0,3.6,6.1,331,72.75,72.75,124,27.25,27.25,0,0.0,0.0,0,0.0,0.0,0,0.0,0.0,0,0.0,0.0,0.0,0.0,0.0
tenerife,38043,Tacoronte,publishable,,3007,3007,3007,3007,0,0,0,3,1002.3,3.1,5.7,2368,78.75,78.75,639,21.25,21.25,0,0.0,0.0,0,0.0,0.0,0,0.0,0.0,0,0.0,0.0,0.0,0.0,0.0
tenerife,38044,El Tanque,publishable,,327,327,327,327,0,0,0,2,163.5,2.5,5.3,293,89.6,89.6,34,10.4,10.4,0,0.0,0.0,0,0.0,0.0,0,0.0,0.0,0,0.0,0.0,0.0,0.0,0.0
tenerife,38046,Tegueste,publishable,,1333,1333,1333,1333,0,0,0,1,1333.0,2.7,5.4,1084,81.32,81.32,249,18.68,18.68,0,0.0,0.0,0,0.0,0.0,0,0.0,0.0,0,0.0,0.0,0.0,0.0,0.0
tenerife,38051,La Victoria de Acentejo,publishable,,1035,1035,1035,1035,0,0,0,0,,4.5,6.3,637,61.55,61.55,398,38.45,38.45,0,0.0,0.0,0,0.0,0.0,0,0.0,0.0,0,0.0,0.0,0.0,0.0,0.0
tenerife,38052,Vilaflor de Chasna,publishable,,170,170,170,170,0,0,0,0,,9.9,15.4,0,0.0,0.0,86,50.59,50.59,52,30.59,30.59,32,18.82,18.82,0,0.0,0.0,0,0.0,0.0,0.0,0.0,0.0
