source_url,dataset_version,checksum,retrieved_at,license_url,source_id,parser_version,indicator_id,indicator_label,value,unit,reference_period,geography_level,geography_id,age_group_original,universe,n_valid_published,denominator,ci_lower,ci_upper,weighting,value_status,comparability_status,method_id,source_page,publication_date,last_update
https://www.sanidad.gob.es/areas/promocionPrevencion/entornosSaludables/escuela/estudioHBSC/2022/docs/HBSC2022_Canarias.pdf,2022_report_citation_2025_nipo_2026,2bd8bc694536cc0a2dc477e3c5b5a0d358a45bbd6a63596f5e73391882b5d052,2026-09-28T10:43:46.919532+00:00,https://www.sanidad.gob.es/avisoLegal/home.htm,hbsc,phase6-v1,breakfast_weekdays,Desayuna cinco días entre semana,51.5,percent,2022,autonomous_community,canarias,11–18 años,Adolescentes escolarizados; 17–18 solo quienes permanecen en educación,1293,,,,Pesos muestrales de la estimación publicada; N redondeado,SURVEY_ESTIMATE,ADMIT_WITH_LIMITATIONS,hbsc2022_published_weighted_v1,25,2025 (cita); NIPO 133-26-004-4,
https://www.sanidad.gob.es/areas/promocionPrevencion/entornosSaludables/escuela/estudioHBSC/2022/docs/HBSC2022_Canarias.pdf,2022_report_citation_2025_nipo_2026,2bd8bc694536cc0a2dc477e3c5b5a0d358a45bbd6a63596f5e73391882b5d052,2026-09-28T10:43:46.919532+00:00,https://www.sanidad.gob.es/avisoLegal/home.htm,hbsc,phase6-v1,breakfast_weekdays,Desayuna cinco días entre semana,57.9,percent,2022,autonomous_community,canarias,11–12 años,Adolescentes escolarizados; 17–18 solo quienes permanecen en educación,329,,,,Pesos muestrales de la estimación publicada; N redondeado,SURVEY_ESTIMATE,ADMIT_WITH_LIMITATIONS,hbsc2022_published_weighted_v1,25,2025 (cita); NIPO 133-26-004-4,
https://www.sanidad.gob.es/areas/promocionPrevencion/entornosSaludables/escuela/estudioHBSC/2022/docs/HBSC2022_Canarias.pdf,2022_report_citation_2025_nipo_2026,2bd8bc694536cc0a2dc477e3c5b5a0d358a45bbd6a63596f5e73391882b5d052,2026-09-28T10:43:46.919532+00:00,https://www.sanidad.gob.es/avisoLegal/home.htm,hbsc,phase6-v1,breakfast_weekdays,Desayuna cinco días entre semana,50.0,percent,2022,autonomous_community,canarias,13–14 años,Adolescentes escolarizados; 17–18 solo quienes permanecen en educación,315,,,,Pesos muestrales de la estimación publicada; N redondeado,SURVEY_ESTIMATE,ADMIT_WITH_LIMITATIONS,hbsc2022_published_weighted_v1,25,2025 (cita); NIPO 133-26-004-4,
https://www.sanidad.gob.es/areas/promocionPrevencion/entornosSaludables/escuela/estudioHBSC/2022/docs/HBSC2022_Canarias.pdf,2022_report_citation_2025_nipo_2026,2bd8bc694536cc0a2dc477e3c5b5a0d358a45bbd6a63596f5e73391882b5d052,2026-09-28T10:43:46.919532+00:00,https://www.sanidad.gob.es/avisoLegal/home.htm,hbsc,phase6-v1,breakfast_weekdays,Desayuna cinco días entre semana,47.7,percent,2022,autonomous_community,canarias,15–16 años,Adolescentes escolarizados; 17–18 solo quienes permanecen en educación,323,,,,Pesos muestrales de la estimación publicada; N redondeado,SURVEY_ESTIMATE,ADMIT_WITH_LIMITATIONS,hbsc2022_published_weighted_v1,25,2025 (cita); NIPO 133-26-004-4,
https://www.sanidad.gob.es/areas/promocionPrevencion/entornosSaludables/escuela/estudioHBSC/2022/docs/HBSC2022_Canarias.pdf,2022_report_citation_2025_nipo_2026,2bd8bc694536cc0a2dc477e3c5b5a0d358a45bbd6a63596f5e73391882b5d052,2026-09-28T10:43:46.919532+00:00,https://www.sanidad.gob.es/avisoLegal/home.htm,hbsc,phase6-v1,breakfast_weekdays,Desayuna cinco días entre semana,50.3,percent,2022,autonomous_community,canarias,17–18 años,Adolescentes escolarizados; 17–18 solo quienes permanecen en educación,326,,,,Pesos muestrales de la estimación publicada; N redondeado,SURVEY_ESTIMATE,ADMIT_WITH_LIMITATIONS,hbsc2022_published_weighted_v1,25,2025 (cita); NIPO 133-26-004-4,
https://www.sanidad.gob.es/areas/promocionPrevencion/entornosSaludables/escuela/estudioHBSC/2022/docs/HBSC2022_Canarias.pdf,2022_report_citation_2025_nipo_2026,2bd8bc694536cc0a2dc477e3c5b5a0d358a45bbd6a63596f5e73391882b5d052,2026-09-28T10:43:46.919532+00:00,https://www.sanidad.gob.es/avisoLegal/home.htm,hbsc,phase6-v1,sleep_weekdays,Duerme cinco horas o menos entre semana,10.2,percent,2022,autonomous_community,canarias,11–18 años,Adolescentes escolarizados; 17–18 solo quienes permanecen en educación,1281,,,,Pesos muestrales de la estimación publicada; N redondeado,SURVEY_ESTIMATE,ADMIT_WITH_LIMITATIONS,hbsc2022_published_weighted_v1,34,2025 (cita); NIPO 133-26-004-4,
https://www.sanidad.gob.es/areas/promocionPrevencion/entornosSaludables/escuela/estudioHBSC/2022/docs/HBSC2022_Canarias.pdf,2022_report_citation_2025_nipo_2026,2bd8bc694536cc0a2dc477e3c5b5a0d358a45bbd6a63596f5e73391882b5d052,2026-09-28T10:43:46.919532+00:00,https://www.sanidad.gob.es/avisoLegal/home.htm,hbsc,phase6-v1,sleep_weekdays,Duerme cinco horas o menos entre semana,8.0,percent,2022,autonomous_community,canarias,11–12 años,Adolescentes escolarizados; 17–18 solo quienes permanecen en educación,325,,,,Pesos muestrales de la estimación publicada; N redondeado,SURVEY_ESTIMATE,ADMIT_WITH_LIMITATIONS,hbsc2022_published_weighted_v1,34,2025 (cita); NIPO 133-26-004-4,
https://www.sanidad.gob.es/areas/promocionPrevencion/entornosSaludables/escuela/estudioHBSC/2022/docs/HBSC2022_Canarias.pdf,2022_report_citation_2025_nipo_2026,2bd8bc694536cc0a2dc477e3c5b5a0d358a45bbd6a63596f5e73391882b5d052,2026-09-28T10:43:46.919532+00:00,https://www.sanidad.gob.es/avisoLegal/home.htm,hbsc,phase6-v1,sleep_weekdays,Duerme cinco horas o menos entre semana,7.4,percent,2022,autonomous_community,canarias,13–14 años,Adolescentes escolarizados; 17–18 solo quienes permanecen en educación,311,,,,Pesos muestrales de la estimación publicada; N redondeado,SURVEY_ESTIMATE,ADMIT_WITH_LIMITATIONS,hbsc2022_published_weighted_v1,34,2025 (cita); NIPO 133-26-004-4,
https://www.sanidad.gob.es/areas/promocionPrevencion/entornosSaludables/escuela/estudioHBSC/2022/docs/HBSC2022_Canarias.pdf,2022_report_citation_2025_nipo_2026,2bd8bc694536cc0a2dc477e3c5b5a0d358a45bbd6a63596f5e73391882b5d052,2026-09-28T10:43:46.919532+00:00,https://www.sanidad.gob.es/avisoLegal/home.htm,hbsc,phase6-v1,sleep_weekdays,Duerme cinco horas o menos entre semana,12.5,percent,2022,autonomous_community,canarias,15–16 años,Adolescentes escolarizados; 17–18 solo quienes permanecen en educación,319,,,,Pesos muestrales de la estimación publicada; N redondeado,SURVEY_ESTIMATE,ADMIT_WITH_LIMITATIONS,hbsc2022_published_weighted_v1,34,2025 (cita); NIPO 133-26-004-4,
https://www.sanidad.gob.es/areas/promocionPrevencion/entornosSaludables/escuela/estudioHBSC/2022/docs/HBSC2022_Canarias.pdf,2022_report_citation_2025_nipo_2026,2bd8bc694536cc0a2dc477e3c5b5a0d358a45bbd6a63596f5e73391882b5d052,2026-09-28T10:43:46.919532+00:00,https://www.sanidad.gob.es/avisoLegal/home.htm,hbsc,phase6-v1,sleep_weekdays,Duerme cinco horas o menos entre semana,12.6,percent,2022,autonomous_community,canarias,17–18 años,Adolescentes escolarizados; 17–18 solo quienes permanecen en educación,326,,,,Pesos muestrales de la estimación publicada; N redondeado,SURVEY_ESTIMATE,ADMIT_WITH_LIMITATIONS,hbsc2022_published_weighted_v1,34,2025 (cita); NIPO 133-26-004-4,
https://www.sanidad.gob.es/areas/promocionPrevencion/entornosSaludables/escuela/estudioHBSC/2022/docs/HBSC2022_Canarias.pdf,2022_report_citation_2025_nipo_2026,2bd8bc694536cc0a2dc477e3c5b5a0d358a45bbd6a63596f5e73391882b5d052,2026-09-28T10:43:46.919532+00:00,https://www.sanidad.gob.es/avisoLegal/home.htm,hbsc,phase6-v1,physical_activity,Actividad física: siete días en la última semana,19.8,percent,2022,autonomous_community,canarias,11–18 años,Adolescentes escolarizados; 17–18 solo quienes permanecen en educación,1876,,,,Pesos muestrales de la estimación publicada; N redondeado,SURVEY_ESTIMATE,ADMIT_WITH_LIMITATIONS,hbsc2022_published_weighted_v1,49,2025 (cita); NIPO 133-26-004-4,
https://www.sanidad.gob.es/areas/promocionPrevencion/entornosSaludables/escuela/estudioHBSC/2022/docs/HBSC2022_Canarias.pdf,2022_report_citation_2025_nipo_2026,2bd8bc694536cc0a2dc477e3c5b5a0d358a45bbd6a63596f5e73391882b5d052,2026-09-28T10:43:46.919532+00:00,https://www.sanidad.gob.es/avisoLegal/home.htm,hbsc,phase6-v1,physical_activity,Actividad física: siete días en la última semana,25.5,percent,2022,autonomous_community,canarias,11–12 años,Adolescentes escolarizados; 17–18 solo quienes permanecen en educación,452,,,,Pesos muestrales de la estimación publicada; N redondeado,SURVEY_ESTIMATE,ADMIT_WITH_LIMITATIONS,hbsc2022_published_weighted_v1,49,2025 (cita); NIPO 133-26-004-4,
https://www.sanidad.gob.es/areas/promocionPrevencion/entornosSaludables/escuela/estudioHBSC/2022/docs/HBSC2022_Canarias.pdf,2022_report_citation_2025_nipo_2026,2bd8bc694536cc0a2dc477e3c5b5a0d358a45bbd6a63596f5e73391882b5d052,2026-09-28T10:43:46.919532+00:00,https://www.sanidad.gob.es/avisoLegal/home.htm,hbsc,phase6-v1,physical_activity,Actividad física: siete días en la última semana,20.6,percent,2022,autonomous_community,canarias,13–14 años,Adolescentes escolarizados; 17–18 solo quienes permanecen en educación,473,,,,Pesos muestrales de la estimación publicada; N redondeado,SURVEY_ESTIMATE,ADMIT_WITH_LIMITATIONS,hbsc2022_published_weighted_v1,49,2025 (cita); NIPO 133-26-004-4,
https://www.sanidad.gob.es/areas/promocionPrevencion/entornosSaludables/escuela/estudioHBSC/2022/docs/HBSC2022_Canarias.pdf,2022_report_citation_2025_nipo_2026,2bd8bc694536cc0a2dc477e3c5b5a0d358a45bbd6a63596f5e73391882b5d052,2026-09-28T10:43:46.919532+00:00,https://www.sanidad.gob.es/avisoLegal/home.htm,hbsc,phase6-v1,physical_activity,Actividad física: siete días en la última semana,17.8,percent,2022,autonomous_community,canarias,15–16 años,Adolescentes escolarizados; 17–18 solo quienes permanecen en educación,476,,,,Pesos muestrales de la estimación publicada; N redondeado,SURVEY_ESTIMATE,ADMIT_WITH_LIMITATIONS,hbsc2022_published_weighted_v1,49,2025 (cita); NIPO 133-26-004-4,
https://www.sanidad.gob.es/areas/promocionPrevencion/entornosSaludables/escuela/estudioHBSC/2022/docs/HBSC2022_Canarias.pdf,2022_report_citation_2025_nipo_2026,2bd8bc694536cc0a2dc477e3c5b5a0d358a45bbd6a63596f5e73391882b5d052,2026-09-28T10:43:46.919532+00:00,https://www.sanidad.gob.es/avisoLegal/home.htm,hbsc,phase6-v1,physical_activity,Actividad física: siete días en la última semana,15.6,percent,2022,autonomous_community,canarias,17–18 años,Adolescentes escolarizados; 17–18 solo quienes permanecen en educación,475,,,,Pesos muestrales de la estimación publicada; N redondeado,SURVEY_ESTIMATE,ADMIT_WITH_LIMITATIONS,hbsc2022_published_weighted_v1,49,2025 (cita); NIPO 133-26-004-4,
https://www.sanidad.gob.es/areas/promocionPrevencion/entornosSaludables/escuela/estudioHBSC/2022/docs/HBSC2022_Canarias.pdf,2022_report_citation_2025_nipo_2026,2bd8bc694536cc0a2dc477e3c5b5a0d358a45bbd6a63596f5e73391882b5d052,2026-09-28T10:43:46.919532+00:00,https://www.sanidad.gob.es/avisoLegal/home.htm,hbsc,phase6-v1,perceived_health,Salud percibida excelente,25.4,percent,2022,autonomous_community,canarias,11–18 años,Adolescentes escolarizados; 17–18 solo quienes permanecen en educación,1259,,,,Pesos muestrales de la estimación publicada; N redondeado,SURVEY_ESTIMATE,ADMIT_WITH_LIMITATIONS,hbsc2022_published_weighted_v1,128,2025 (cita); NIPO 133-26-004-4,
https://www.sanidad.gob.es/areas/promocionPrevencion/entornosSaludables/escuela/estudioHBSC/2022/docs/HBSC2022_Canarias.pdf,2022_report_citation_2025_nipo_2026,2bd8bc694536cc0a2dc477e3c5b5a0d358a45bbd6a63596f5e73391882b5d052,2026-09-28T10:43:46.919532+00:00,https://www.sanidad.gob.es/avisoLegal/home.htm,hbsc,phase6-v1,perceived_health,Salud percibida excelente,32.4,percent,2022,autonomous_community,canarias,11–12 años,Adolescentes escolarizados; 17–18 solo quienes permanecen en educación,327,,,,Pesos muestrales de la estimación publicada; N redondeado,SURVEY_ESTIMATE,ADMIT_WITH_LIMITATIONS,hbsc2022_published_weighted_v1,128,2025 (cita); NIPO 133-26-004-4,
https://www.sanidad.gob.es/areas/promocionPrevencion/entornosSaludables/escuela/estudioHBSC/2022/docs/HBSC2022_Canarias.pdf,2022_report_citation_2025_nipo_2026,2bd8bc694536cc0a2dc477e3c5b5a0d358a45bbd6a63596f5e73391882b5d052,2026-09-28T10:43:46.919532+00:00,https://www.sanidad.gob.es/avisoLegal/home.htm,hbsc,phase6-v1,perceived_health,Salud percibida excelente,27.9,percent,2022,autonomous_community,canarias,13–14 años,Adolescentes escolarizados; 17–18 solo quienes permanecen en educación,292,,,,Pesos muestrales de la estimación publicada; N redondeado,SURVEY_ESTIMATE,ADMIT_WITH_LIMITATIONS,hbsc2022_published_weighted_v1,128,2025 (cita); NIPO 133-26-004-4,
https://www.sanidad.gob.es/areas/promocionPrevencion/entornosSaludables/escuela/estudioHBSC/2022/docs/HBSC2022_Canarias.pdf,2022_report_citation_2025_nipo_2026,2bd8bc694536cc0a2dc477e3c5b5a0d358a45bbd6a63596f5e73391882b5d052,2026-09-28T10:43:46.919532+00:00,https://www.sanidad.gob.es/avisoLegal/home.htm,hbsc,phase6-v1,perceived_health,Salud percibida excelente,24.1,percent,2022,autonomous_community,canarias,15–16 años,Adolescentes escolarizados; 17–18 solo quienes permanecen en educación,318,,,,Pesos muestrales de la estimación publicada; N redondeado,SURVEY_ESTIMATE,ADMIT_WITH_LIMITATIONS,hbsc2022_published_weighted_v1,128,2025 (cita); NIPO 133-26-004-4,
https://www.sanidad.gob.es/areas/promocionPrevencion/entornosSaludables/escuela/estudioHBSC/2022/docs/HBSC2022_Canarias.pdf,2022_report_citation_2025_nipo_2026,2bd8bc694536cc0a2dc477e3c5b5a0d358a45bbd6a63596f5e73391882b5d052,2026-09-28T10:43:46.919532+00:00,https://www.sanidad.gob.es/avisoLegal/home.htm,hbsc,phase6-v1,perceived_health,Salud percibida excelente,17.4,percent,2022,autonomous_community,canarias,17–18 años,Adolescentes escolarizados; 17–18 solo quienes permanecen en educación,321,,,,Pesos muestrales de la estimación publicada; N redondeado,SURVEY_ESTIMATE,ADMIT_WITH_LIMITATIONS,hbsc2022_published_weighted_v1,128,2025 (cita); NIPO 133-26-004-4,
