source_id,source_url,dataset_version,checksum,retrieved_at,license_url,parser_version,survey_id,indicator_id,indicator_label,reference_period,geography_level,geography_id,age_group_original,sex,time_context,category,value,unit,universe,sample_size,weighting,value_status,comparability_status,method_id,source_page
esde_screen_time,https://www.ine.es/jaxi/files/tpx/es/csv_bdsc/72840.csv,ESdE_2023_table_72840_update_2025-05-27,3e1d851cd66f0758cd02cbdd8efce06e30cd148c2dd2680a42dc37cdd8eef069,2026-09-28T17:00:00+01:00,https://www.ine.es/dyngs/AYU/index.htm?cid=125,phase6b-v1,esde_2023,leisure_screen_time,Tiempo libre diario frente a una pantalla,2023,autonomous_community,canarias,1-14 años,total,weekday,none_or_almost_none,11.62,percent,Población de 1 a 14 años residente en viviendas familiares,,Estimación ESdE; N y error de celda no publicados en tabla 72840,SURVEY_ESTIMATE,ADMIT_WITH_LIMITATIONS,esde2023_table72840_v1,
esde_screen_time,https://www.ine.es/jaxi/files/tpx/es/csv_bdsc/72840.csv,ESdE_2023_table_72840_update_2025-05-27,3e1d851cd66f0758cd02cbdd8efce06e30cd148c2dd2680a42dc37cdd8eef069,2026-09-28T17:00:00+01:00,https://www.ine.es/dyngs/AYU/index.htm?cid=125,phase6b-v1,esde_2023,leisure_screen_time,Tiempo libre diario frente a una pantalla,2023,autonomous_community,canarias,1-14 años,total,weekday,under_one_hour,22.76,percent,Población de 1 a 14 años residente en viviendas familiares,,Estimación ESdE; N y error de celda no publicados en tabla 72840,SURVEY_ESTIMATE,ADMIT_WITH_LIMITATIONS,esde2023_table72840_v1,
esde_screen_time,https://www.ine.es/jaxi/files/tpx/es/csv_bdsc/72840.csv,ESdE_2023_table_72840_update_2025-05-27,3e1d851cd66f0758cd02cbdd8efce06e30cd148c2dd2680a42dc37cdd8eef069,2026-09-28T17:00:00+01:00,https://www.ine.es/dyngs/AYU/index.htm?cid=125,phase6b-v1,esde_2023,leisure_screen_time,Tiempo libre diario frente a una pantalla,2023,autonomous_community,canarias,1-14 años,total,weekday,one_hour_or_more,65.62,percent,Población de 1 a 14 años residente en viviendas familiares,,Estimación ESdE; N y error de celda no publicados en tabla 72840,SURVEY_ESTIMATE,ADMIT_WITH_LIMITATIONS,esde2023_table72840_v1,
esde_screen_time,https://www.ine.es/jaxi/files/tpx/es/csv_bdsc/72840.csv,ESdE_2023_table_72840_update_2025-05-27,3e1d851cd66f0758cd02cbdd8efce06e30cd148c2dd2680a42dc37cdd8eef069,2026-09-28T17:00:00+01:00,https://www.ine.es/dyngs/AYU/index.htm?cid=125,phase6b-v1,esde_2023,leisure_screen_time,Tiempo libre diario frente a una pantalla,2023,autonomous_community,canarias,1-14 años,total,weekend,none_or_almost_none,7.6,percent,Población de 1 a 14 años residente en viviendas familiares,,Estimación ESdE; N y error de celda no publicados en tabla 72840,SURVEY_ESTIMATE,ADMIT_WITH_LIMITATIONS,esde2023_table72840_v1,
esde_screen_time,https://www.ine.es/jaxi/files/tpx/es/csv_bdsc/72840.csv,ESdE_2023_table_72840_update_2025-05-27,3e1d851cd66f0758cd02cbdd8efce06e30cd148c2dd2680a42dc37cdd8eef069,2026-09-28T17:00:00+01:00,https://www.ine.es/dyngs/AYU/index.htm?cid=125,phase6b-v1,esde_2023,leisure_screen_time,Tiempo libre diario frente a una pantalla,2023,autonomous_community,canarias,1-14 años,total,weekend,under_one_hour,16.91,percent,Población de 1 a 14 años residente en viviendas familiares,,Estimación ESdE; N y error de celda no publicados en tabla 72840,SURVEY_ESTIMATE,ADMIT_WITH_LIMITATIONS,esde2023_table72840_v1,
esde_screen_time,https://www.ine.es/jaxi/files/tpx/es/csv_bdsc/72840.csv,ESdE_2023_table_72840_update_2025-05-27,3e1d851cd66f0758cd02cbdd8efce06e30cd148c2dd2680a42dc37cdd8eef069,2026-09-28T17:00:00+01:00,https://www.ine.es/dyngs/AYU/index.htm?cid=125,phase6b-v1,esde_2023,leisure_screen_time,Tiempo libre diario frente a una pantalla,2023,autonomous_community,canarias,1-14 años,total,weekend,one_hour_or_more,75.49,percent,Población de 1 a 14 años residente en viviendas familiares,,Estimación ESdE; N y error de celda no publicados en tabla 72840,SURVEY_ESTIMATE,ADMIT_WITH_LIMITATIONS,esde2023_table72840_v1,
esde_screen_time,https://www.ine.es/jaxi/files/tpx/es/csv_bdsc/72840.csv,ESdE_2023_table_72840_update_2025-05-27,3e1d851cd66f0758cd02cbdd8efce06e30cd148c2dd2680a42dc37cdd8eef069,2026-09-28T17:00:00+01:00,https://www.ine.es/dyngs/AYU/index.htm?cid=125,phase6b-v1,esde_2023,leisure_screen_time,Tiempo libre diario frente a una pantalla,2023,autonomous_community,canarias,1-14 años,male,weekday,none_or_almost_none,13.86,percent,Población de 1 a 14 años residente en viviendas familiares,,Estimación ESdE; N y error de celda no publicados en tabla 72840,SURVEY_ESTIMATE,ADMIT_WITH_LIMITATIONS,esde2023_table72840_v1,
esde_screen_time,https://www.ine.es/jaxi/files/tpx/es/csv_bdsc/72840.csv,ESdE_2023_table_72840_update_2025-05-27,3e1d851cd66f0758cd02cbdd8efce06e30cd148c2dd2680a42dc37cdd8eef069,2026-09-28T17:00:00+01:00,https://www.ine.es/dyngs/AYU/index.htm?cid=125,phase6b-v1,esde_2023,leisure_screen_time,Tiempo libre diario frente a una pantalla,2023,autonomous_community,canarias,1-14 años,male,weekday,under_one_hour,21.71,percent,Población de 1 a 14 años residente en viviendas familiares,,Estimación ESdE; N y error de celda no publicados en tabla 72840,SURVEY_ESTIMATE,ADMIT_WITH_LIMITATIONS,esde2023_table72840_v1,
esde_screen_time,https://www.ine.es/jaxi/files/tpx/es/csv_bdsc/72840.csv,ESdE_2023_table_72840_update_2025-05-27,3e1d851cd66f0758cd02cbdd8efce06e30cd148c2dd2680a42dc37cdd8eef069,2026-09-28T17:00:00+01:00,https://www.ine.es/dyngs/AYU/index.htm?cid=125,phase6b-v1,esde_2023,leisure_screen_time,Tiempo libre diario frente a una pantalla,2023,autonomous_community,canarias,1-14 años,male,weekday,one_hour_or_more,64.43,percent,Población de 1 a 14 años residente en viviendas familiares,,Estimación ESdE; N y error de celda no publicados en tabla 72840,SURVEY_ESTIMATE,ADMIT_WITH_LIMITATIONS,esde2023_table72840_v1,
esde_screen_time,https://www.ine.es/jaxi/files/tpx/es/csv_bdsc/72840.csv,ESdE_2023_table_72840_update_2025-05-27,3e1d851cd66f0758cd02cbdd8efce06e30cd148c2dd2680a42dc37cdd8eef069,2026-09-28T17:00:00+01:00,https://www.ine.es/dyngs/AYU/index.htm?cid=125,phase6b-v1,esde_2023,leisure_screen_time,Tiempo libre diario frente a una pantalla,2023,autonomous_community,canarias,1-14 años,male,weekend,none_or_almost_none,7.27,percent,Población de 1 a 14 años residente en viviendas familiares,,Estimación ESdE; N y error de celda no publicados en tabla 72840,SURVEY_ESTIMATE,ADMIT_WITH_LIMITATIONS,esde2023_table72840_v1,
esde_screen_time,https://www.ine.es/jaxi/files/tpx/es/csv_bdsc/72840.csv,ESdE_2023_table_72840_update_2025-05-27,3e1d851cd66f0758cd02cbdd8efce06e30cd148c2dd2680a42dc37cdd8eef069,2026-09-28T17:00:00+01:00,https://www.ine.es/dyngs/AYU/index.htm?cid=125,phase6b-v1,esde_2023,leisure_screen_time,Tiempo libre diario frente a una pantalla,2023,autonomous_community,canarias,1-14 años,male,weekend,under_one_hour,15.03,percent,Población de 1 a 14 años residente en viviendas familiares,,Estimación ESdE; N y error de celda no publicados en tabla 72840,SURVEY_ESTIMATE,ADMIT_WITH_LIMITATIONS,esde2023_table72840_v1,
esde_screen_time,https://www.ine.es/jaxi/files/tpx/es/csv_bdsc/72840.csv,ESdE_2023_table_72840_update_2025-05-27,3e1d851cd66f0758cd02cbdd8efce06e30cd148c2dd2680a42dc37cdd8eef069,2026-09-28T17:00:00+01:00,https://www.ine.es/dyngs/AYU/index.htm?cid=125,phase6b-v1,esde_2023,leisure_screen_time,Tiempo libre diario frente a una pantalla,2023,autonomous_community,canarias,1-14 años,male,weekend,one_hour_or_more,77.7,percent,Población de 1 a 14 años residente en viviendas familiares,,Estimación ESdE; N y error de celda no publicados en tabla 72840,SURVEY_ESTIMATE,ADMIT_WITH_LIMITATIONS,esde2023_table72840_v1,
esde_screen_time,https://www.ine.es/jaxi/files/tpx/es/csv_bdsc/72840.csv,ESdE_2023_table_72840_update_2025-05-27,3e1d851cd66f0758cd02cbdd8efce06e30cd148c2dd2680a42dc37cdd8eef069,2026-09-28T17:00:00+01:00,https://www.ine.es/dyngs/AYU/index.htm?cid=125,phase6b-v1,esde_2023,leisure_screen_time,Tiempo libre diario frente a una pantalla,2023,autonomous_community,canarias,1-14 años,female,weekday,none_or_almost_none,9.35,percent,Población de 1 a 14 años residente en viviendas familiares,,Estimación ESdE; N y error de celda no publicados en tabla 72840,SURVEY_ESTIMATE,ADMIT_WITH_LIMITATIONS,esde2023_table72840_v1,
esde_screen_time,https://www.ine.es/jaxi/files/tpx/es/csv_bdsc/72840.csv,ESdE_2023_table_72840_update_2025-05-27,3e1d851cd66f0758cd02cbdd8efce06e30cd148c2dd2680a42dc37cdd8eef069,2026-09-28T17:00:00+01:00,https://www.ine.es/dyngs/AYU/index.htm?cid=125,phase6b-v1,esde_2023,leisure_screen_time,Tiempo libre diario frente a una pantalla,2023,autonomous_community,canarias,1-14 años,female,weekday,under_one_hour,23.83,percent,Población de 1 a 14 años residente en viviendas familiares,,Estimación ESdE; N y error de celda no publicados en tabla 72840,SURVEY_ESTIMATE,ADMIT_WITH_LIMITATIONS,esde2023_table72840_v1,
esde_screen_time,https://www.ine.es/jaxi/files/tpx/es/csv_bdsc/72840.csv,ESdE_2023_table_72840_update_2025-05-27,3e1d851cd66f0758cd02cbdd8efce06e30cd148c2dd2680a42dc37cdd8eef069,2026-09-28T17:00:00+01:00,https://www.ine.es/dyngs/AYU/index.htm?cid=125,phase6b-v1,esde_2023,leisure_screen_time,Tiempo libre diario frente a una pantalla,2023,autonomous_community,canarias,1-14 años,female,weekday,one_hour_or_more,66.82,percent,Población de 1 a 14 años residente en viviendas familiares,,Estimación ESdE; N y error de celda no publicados en tabla 72840,SURVEY_ESTIMATE,ADMIT_WITH_LIMITATIONS,esde2023_table72840_v1,
esde_screen_time,https://www.ine.es/jaxi/files/tpx/es/csv_bdsc/72840.csv,ESdE_2023_table_72840_update_2025-05-27,3e1d851cd66f0758cd02cbdd8efce06e30cd148c2dd2680a42dc37cdd8eef069,2026-09-28T17:00:00+01:00,https://www.ine.es/dyngs/AYU/index.htm?cid=125,phase6b-v1,esde_2023,leisure_screen_time,Tiempo libre diario frente a una pantalla,2023,autonomous_community,canarias,1-14 años,female,weekend,none_or_almost_none,7.94,percent,Población de 1 a 14 años residente en viviendas familiares,,Estimación ESdE; N y error de celda no publicados en tabla 72840,SURVEY_ESTIMATE,ADMIT_WITH_LIMITATIONS,esde2023_table72840_v1,
esde_screen_time,https://www.ine.es/jaxi/files/tpx/es/csv_bdsc/72840.csv,ESdE_2023_table_72840_update_2025-05-27,3e1d851cd66f0758cd02cbdd8efce06e30cd148c2dd2680a42dc37cdd8eef069,2026-09-28T17:00:00+01:00,https://www.ine.es/dyngs/AYU/index.htm?cid=125,phase6b-v1,esde_2023,leisure_screen_time,Tiempo libre diario frente a una pantalla,2023,autonomous_community,canarias,1-14 años,female,weekend,under_one_hour,18.9,percent,Población de 1 a 14 años residente en viviendas familiares,,Estimación ESdE; N y error de celda no publicados en tabla 72840,SURVEY_ESTIMATE,ADMIT_WITH_LIMITATIONS,esde2023_table72840_v1,
esde_screen_time,https://www.ine.es/jaxi/files/tpx/es/csv_bdsc/72840.csv,ESdE_2023_table_72840_update_2025-05-27,3e1d851cd66f0758cd02cbdd8efce06e30cd148c2dd2680a42dc37cdd8eef069,2026-09-28T17:00:00+01:00,https://www.ine.es/dyngs/AYU/index.htm?cid=125,phase6b-v1,esde_2023,leisure_screen_time,Tiempo libre diario frente a una pantalla,2023,autonomous_community,canarias,1-14 años,female,weekend,one_hour_or_more,73.16,percent,Población de 1 a 14 años residente en viviendas familiares,,Estimación ESdE; N y error de celda no publicados en tabla 72840,SURVEY_ESTIMATE,ADMIT_WITH_LIMITATIONS,esde2023_table72840_v1,
estudes,https://www3.gobiernodecanarias.org/sanidad/scs/content/7a76643f-891d-11ee-95cc-155681044360/ESTUDES2023.pdf,ESTUDES_Canarias_2023,3a26b8bee6da9e219f24f6ae0c8eee13c52afd64e3469e96a52f21067d5f90b3,2026-09-28T17:15:00+01:00,https://www.gobiernodecanarias.org/sanidad/scs/aviso-legal.html,phase6b-v1,estudes_2023,alcohol_lifetime,"Alcohol, alguna vez",2023,autonomous_community,canarias,14-18 años,total,lifetime,yes,73.2,percent,Estudiantes de 14-18 años en enseñanzas secundarias incluidas,2488,"Ponderada por CCAA, titularidad y estudios; error Canarias ±2,0%",SURVEY_ESTIMATE,ADMIT_WITH_LIMITATIONS,estudes2023_canarias_report_v1,8
estudes,https://www3.gobiernodecanarias.org/sanidad/scs/content/7a76643f-891d-11ee-95cc-155681044360/ESTUDES2023.pdf,ESTUDES_Canarias_2023,3a26b8bee6da9e219f24f6ae0c8eee13c52afd64e3469e96a52f21067d5f90b3,2026-09-28T17:15:00+01:00,https://www.gobiernodecanarias.org/sanidad/scs/aviso-legal.html,phase6b-v1,estudes_2023,alcohol_last_12_months,"Alcohol, últimos 12 meses",2023,autonomous_community,canarias,14-18 años,total,last_12_months,yes,70.4,percent,Estudiantes de 14-18 años en enseñanzas secundarias incluidas,2488,"Ponderada por CCAA, titularidad y estudios; error Canarias ±2,0%",SURVEY_ESTIMATE,ADMIT_WITH_LIMITATIONS,estudes2023_canarias_report_v1,8
estudes,https://www3.gobiernodecanarias.org/sanidad/scs/content/7a76643f-891d-11ee-95cc-155681044360/ESTUDES2023.pdf,ESTUDES_Canarias_2023,3a26b8bee6da9e219f24f6ae0c8eee13c52afd64e3469e96a52f21067d5f90b3,2026-09-28T17:15:00+01:00,https://www.gobiernodecanarias.org/sanidad/scs/aviso-legal.html,phase6b-v1,estudes_2023,alcohol_last_30_days,"Alcohol, últimos 30 días",2023,autonomous_community,canarias,14-18 años,total,last_30_days,yes,51.3,percent,Estudiantes de 14-18 años en enseñanzas secundarias incluidas,2488,"Ponderada por CCAA, titularidad y estudios; error Canarias ±2,0%",SURVEY_ESTIMATE,ADMIT_WITH_LIMITATIONS,estudes2023_canarias_report_v1,8
estudes,https://www3.gobiernodecanarias.org/sanidad/scs/content/7a76643f-891d-11ee-95cc-155681044360/ESTUDES2023.pdf,ESTUDES_Canarias_2023,3a26b8bee6da9e219f24f6ae0c8eee13c52afd64e3469e96a52f21067d5f90b3,2026-09-28T17:15:00+01:00,https://www.gobiernodecanarias.org/sanidad/scs/aviso-legal.html,phase6b-v1,estudes_2023,tobacco_lifetime,"Tabaco, alguna vez",2023,autonomous_community,canarias,14-18 años,total,lifetime,yes,28.8,percent,Estudiantes de 14-18 años en enseñanzas secundarias incluidas,2488,"Ponderada por CCAA, titularidad y estudios; error Canarias ±2,0%",SURVEY_ESTIMATE,ADMIT_WITH_LIMITATIONS,estudes2023_canarias_report_v1,8
estudes,https://www3.gobiernodecanarias.org/sanidad/scs/content/7a76643f-891d-11ee-95cc-155681044360/ESTUDES2023.pdf,ESTUDES_Canarias_2023,3a26b8bee6da9e219f24f6ae0c8eee13c52afd64e3469e96a52f21067d5f90b3,2026-09-28T17:15:00+01:00,https://www.gobiernodecanarias.org/sanidad/scs/aviso-legal.html,phase6b-v1,estudes_2023,tobacco_last_30_days,"Tabaco, últimos 30 días",2023,autonomous_community,canarias,14-18 años,total,last_30_days,yes,16.5,percent,Estudiantes de 14-18 años en enseñanzas secundarias incluidas,2488,"Ponderada por CCAA, titularidad y estudios; error Canarias ±2,0%",SURVEY_ESTIMATE,ADMIT_WITH_LIMITATIONS,estudes2023_canarias_report_v1,8
estudes,https://www3.gobiernodecanarias.org/sanidad/scs/content/7a76643f-891d-11ee-95cc-155681044360/ESTUDES2023.pdf,ESTUDES_Canarias_2023,3a26b8bee6da9e219f24f6ae0c8eee13c52afd64e3469e96a52f21067d5f90b3,2026-09-28T17:15:00+01:00,https://www.gobiernodecanarias.org/sanidad/scs/aviso-legal.html,phase6b-v1,estudes_2023,cannabis_lifetime,"Cannabis, alguna vez",2023,autonomous_community,canarias,14-18 años,total,lifetime,yes,26.1,percent,Estudiantes de 14-18 años en enseñanzas secundarias incluidas,2488,"Ponderada por CCAA, titularidad y estudios; error Canarias ±2,0%",SURVEY_ESTIMATE,ADMIT_WITH_LIMITATIONS,estudes2023_canarias_report_v1,8
estudes,https://www3.gobiernodecanarias.org/sanidad/scs/content/7a76643f-891d-11ee-95cc-155681044360/ESTUDES2023.pdf,ESTUDES_Canarias_2023,3a26b8bee6da9e219f24f6ae0c8eee13c52afd64e3469e96a52f21067d5f90b3,2026-09-28T17:15:00+01:00,https://www.gobiernodecanarias.org/sanidad/scs/aviso-legal.html,phase6b-v1,estudes_2023,cannabis_last_12_months,"Cannabis, últimos 12 meses",2023,autonomous_community,canarias,14-18 años,total,last_12_months,yes,21.1,percent,Estudiantes de 14-18 años en enseñanzas secundarias incluidas,2488,"Ponderada por CCAA, titularidad y estudios; error Canarias ±2,0%",SURVEY_ESTIMATE,ADMIT_WITH_LIMITATIONS,estudes2023_canarias_report_v1,8
estudes,https://www3.gobiernodecanarias.org/sanidad/scs/content/7a76643f-891d-11ee-95cc-155681044360/ESTUDES2023.pdf,ESTUDES_Canarias_2023,3a26b8bee6da9e219f24f6ae0c8eee13c52afd64e3469e96a52f21067d5f90b3,2026-09-28T17:15:00+01:00,https://www.gobiernodecanarias.org/sanidad/scs/aviso-legal.html,phase6b-v1,estudes_2023,cannabis_last_30_days,"Cannabis, últimos 30 días",2023,autonomous_community,canarias,14-18 años,total,last_30_days,yes,15.9,percent,Estudiantes de 14-18 años en enseñanzas secundarias incluidas,2488,"Ponderada por CCAA, titularidad y estudios; error Canarias ±2,0%",SURVEY_ESTIMATE,ADMIT_WITH_LIMITATIONS,estudes2023_canarias_report_v1,8
estudes,https://www3.gobiernodecanarias.org/sanidad/scs/content/7a76643f-891d-11ee-95cc-155681044360/ESTUDES2023.pdf,ESTUDES_Canarias_2023,3a26b8bee6da9e219f24f6ae0c8eee13c52afd64e3469e96a52f21067d5f90b3,2026-09-28T17:15:00+01:00,https://www.gobiernodecanarias.org/sanidad/scs/aviso-legal.html,phase6b-v1,estudes_2023,binge_drinking_last_30_days,"Consumo en atracón, últimos 30 días",2023,autonomous_community,canarias,14-18 años,total,last_30_days,yes,23.5,percent,Estudiantes de 14-18 años en enseñanzas secundarias incluidas,2488,"Ponderada por CCAA, titularidad y estudios; error Canarias ±2,0%",SURVEY_ESTIMATE,ADMIT_WITH_LIMITATIONS,estudes2023_canarias_report_v1,11
