station_id,name,island_id,municipality_id,municipality_name,latitude,longitude,station_type,pollutants,status,source_id,dataset_version,period_start,period_end,retrieved_at
air-aguimes,Aguimes,gran-canaria,35002,Agüimes,27.897630555555555,-15.44495,monitoring_station,NO2|O3|PM10|PM2.5|SO2,VALIDATED,canarias-air-network,validated-daily-2025,2025-01-01,2025-12-31,2026-09-28T00:00:00+00:00
air-castillo-romeral,Castillo Romeral,gran-canaria,35019,San Bartolomé de Tirajana,27.801319444444445,-15.461152777777777,monitoring_station,NO2|O3|PM10|PM2.5|SO2,VALIDATED,canarias-air-network,validated-daily-2025,2025-01-01,2025-12-31,2026-09-28T00:00:00+00:00
air-itc,ITC,gran-canaria,35022,Santa Lucía de Tirajana,27.814533333333333,-15.424399999999999,monitoring_station,NO2|O3|PM10|PM2.5|SO2,VALIDATED,canarias-air-network,validated-daily-2025,2025-01-01,2025-12-31,2026-09-28T00:00:00+00:00
air-la-loma,La Loma,gran-canaria,35026,Telde,28.026191666666666,-15.41448888888889,monitoring_station,NO2|O3|PM10|PM2.5|SO2,VALIDATED,canarias-air-network,validated-daily-2025,2025-01-01,2025-12-31,2026-09-28T00:00:00+00:00
air-lezcano,Lezcano,gran-canaria,35026,Telde,28.029888888888888,-15.4161,monitoring_station,NO2|O3|PM10|PM2.5|SO2,VALIDATED,canarias-air-network,validated-daily-2025,2025-01-01,2025-12-31,2026-09-28T00:00:00+00:00
air-observatorio-temisas,Observatorio Temisas,gran-canaria,,,,,monitoring_station,NO2|O3|PM10|PM2.5|SO2,PARTIAL,canarias-air-network,validated-daily-2025,2025-01-01,2025-12-31,2026-09-28T00:00:00+00:00
air-parque-de-san-juan,Parque de San Juan,gran-canaria,35026,Telde,28.00351388888889,-15.411880555555555,monitoring_station,NO2|O3|PM10|PM2.5|SO2,VALIDATED,canarias-air-network,validated-daily-2025,2025-01-01,2025-12-31,2026-09-28T00:00:00+00:00
air-polideportivo-afonso,Polideportivo Afonso,gran-canaria,35006,Arucas,28.111286111111113,-15.521033333333333,monitoring_station,NO2|O3|PM10|PM2.5|SO2,VALIDATED,canarias-air-network,validated-daily-2025,2025-01-01,2025-12-31,2026-09-28T00:00:00+00:00
air-san-agustin,San Agustin,gran-canaria,35019,San Bartolomé de Tirajana,27.77259722222222,-15.54186111111111,monitoring_station,NO2|O3|PM10|PM2.5|SO2,VALIDATED,canarias-air-network,validated-daily-2025,2025-01-01,2025-12-31,2026-09-28T00:00:00+00:00
air-centro-de-visitantes,Centro de Visitantes,la-gomera,38036,San Sebastián de La Gomera,28.08925,-17.11273611111111,monitoring_station,SO2,VALIDATED,canarias-air-network,validated-daily-2025,2025-01-01,2025-12-31,2026-09-28T00:00:00+00:00
air-echedo,Echedo,el-hierro,38048,Valverde,27.831775,-17.921683333333334,monitoring_station,O3|PM10|PM2.5,VALIDATED,canarias-air-network,validated-daily-2025,2025-01-01,2025-12-31,2026-09-28T00:00:00+00:00
air-el-pilar,El Pilar,la-palma,38008,Breña Alta,28.665591666666664,-17.77416388888889,monitoring_station,NO2|O3|PM10|PM2.5|SO2,VALIDATED,canarias-air-network,validated-daily-2025,2025-01-01,2025-12-31,2026-09-28T00:00:00+00:00
air-la-grama,La Grama,la-palma,38008,Breña Alta,28.667708333333334,-17.775558333333333,monitoring_station,NO2|O3|PM10|PM2.5|SO2,VALIDATED,canarias-air-network,validated-daily-2025,2025-01-01,2025-12-31,2026-09-28T00:00:00+00:00
air-las-balsas,Las Balsas,la-palma,38033,San Andrés y Sauces,28.805083333333336,-17.782522222222223,monitoring_station,NO2|O3|PM10|SO2,VALIDATED,canarias-air-network,validated-daily-2025,2025-01-01,2025-12-31,2026-09-28T00:00:00+00:00
air-las-galanas,Las Galanas,la-gomera,38036,San Sebastián de La Gomera,28.090152777777778,-17.118069444444444,monitoring_station,NO2|O3|PM10|PM2.5|SO2,VALIDATED,canarias-air-network,validated-daily-2025,2025-01-01,2025-12-31,2026-09-28T00:00:00+00:00
air-residencia-escolar,Residencia Escolar,la-gomera,38036,San Sebastián de La Gomera,28.09902222222222,-17.120483333333333,monitoring_station,NO2|O3|PM10|SO2,VALIDATED,canarias-air-network,validated-daily-2025,2025-01-01,2025-12-31,2026-09-28T00:00:00+00:00
air-san-antonio,San Antonio,la-palma,38009,Breña Baja,28.645258333333334,-17.7715,monitoring_station,NO2|O3|PM10|PM2.5|SO2,VALIDATED,canarias-air-network,validated-daily-2025,2025-01-01,2025-12-31,2026-09-28T00:00:00+00:00
air-arrecife,Arrecife,lanzarote,35004,Arrecife,28.97702222222222,-13.547569444444445,monitoring_station,NO2|O3|PM10|PM2.5|SO2,VALIDATED,canarias-air-network,validated-daily-2025,2025-01-01,2025-12-31,2026-09-28T00:00:00+00:00
air-casa-palacio,Casa Palacio,fuerteventura,35017,Puerto del Rosario,28.49837777777778,-13.86083611111111,monitoring_station,NO2|O3|PM10|PM2.5|SO2,VALIDATED,canarias-air-network,validated-daily-2025,2025-01-01,2025-12-31,2026-09-28T00:00:00+00:00
air-centro-de-arte,Centro de Arte,fuerteventura,35017,Puerto del Rosario,28.50037222222222,-13.852363888888888,monitoring_station,NO2|O3|PM10|PM2.5|SO2,VALIDATED,canarias-air-network,validated-daily-2025,2025-01-01,2025-12-31,2026-09-28T00:00:00+00:00
air-ciudad-deportiva,Ciudad Deportiva,lanzarote,35004,Arrecife,28.96791111111111,-13.551975,monitoring_station,NO2|O3|PM10|PM2.5|SO2,VALIDATED,canarias-air-network,validated-daily-2025,2025-01-01,2025-12-31,2026-09-28T00:00:00+00:00
air-costa-teguise,Costa Teguise,lanzarote,35024,Teguise,28.99031111111111,-13.51655,monitoring_station,NO2|O3|PM10|PM2.5|SO2,VALIDATED,canarias-air-network,validated-daily-2025,2025-01-01,2025-12-31,2026-09-28T00:00:00+00:00
air-el-charco,El Charco,fuerteventura,35017,Puerto del Rosario,28.506327777777777,-13.849041666666666,monitoring_station,NO2|O3|PM10|PM2.5|SO2,VALIDATED,canarias-air-network,validated-daily-2025,2025-01-01,2025-12-31,2026-09-28T00:00:00+00:00
air-las-caletas,Las Caletas,lanzarote,35024,Teguise,28.982866666666666,-13.514038888888889,monitoring_station,NO2|O3|PM10|PM2.5|SO2,VALIDATED,canarias-air-network,validated-daily-2025,2025-01-01,2025-12-31,2026-09-28T00:00:00+00:00
air-parque-de-la-piedra,Parque de La Piedra,fuerteventura,35017,Puerto del Rosario,28.50283888888889,-13.853708333333334,monitoring_station,NO2|O3|PM10|PM2.5|SO2,VALIDATED,canarias-air-network,validated-daily-2025,2025-01-01,2025-12-31,2026-09-28T00:00:00+00:00
air-tefia,Tefia,fuerteventura,35017,Puerto del Rosario,28.527166666666666,-14.004205555555556,monitoring_station,O3|PM10|PM2.5,VALIDATED,canarias-air-network,validated-daily-2025,2025-01-01,2025-12-31,2026-09-28T00:00:00+00:00
air-jinamar-fase-3,Jinamar fase 3,gran-canaria,35016,Las Palmas de Gran Canaria,28.035122222222224,-15.416305555555557,monitoring_station,NO2|O3|PM10|PM2.5|SO2,VALIDATED,canarias-air-network,validated-daily-2025,2025-01-01,2025-12-31,2026-09-28T00:00:00+00:00
air-mercado-central,Mercado Central,gran-canaria,35016,Las Palmas de Gran Canaria,28.133755555555556,-15.432813888888889,monitoring_station,NO2|O3|PM10|PM2.5|SO2,VALIDATED,canarias-air-network,validated-daily-2025,2025-01-01,2025-12-31,2026-09-28T00:00:00+00:00
air-nestor-alamo,Nestor Alamo,gran-canaria,35016,Las Palmas de Gran Canaria,28.031552777777776,-15.40915,monitoring_station,NO2|O3|PM10|PM2.5|SO2,VALIDATED,canarias-air-network,validated-daily-2025,2025-01-01,2025-12-31,2026-09-28T00:00:00+00:00
air-san-nicolas,San Nicolas,gran-canaria,35016,Las Palmas de Gran Canaria,28.10291666666667,-15.421416666666666,monitoring_station,NO2|O3|PM10|PM2.5|SO2,VALIDATED,canarias-air-network,validated-daily-2025,2025-01-01,2025-12-31,2026-09-28T00:00:00+00:00
air-casa-cuna,Casa Cuna,tenerife,38038,Santa Cruz de Tenerife,28.451024999999998,-16.277694444444442,monitoring_station,NO2|O3|PM10|PM2.5|SO2,VALIDATED,canarias-air-network,validated-daily-2025,2025-01-01,2025-12-31,2026-09-28T00:00:00+00:00
air-deposito-tristan,Deposito Tristan,tenerife,38038,Santa Cruz de Tenerife,28.458163888888887,-16.278752777777775,monitoring_station,NO2|O3|PM10|PM2.5|SO2,VALIDATED,canarias-air-network,validated-daily-2025,2025-01-01,2025-12-31,2026-09-28T00:00:00+00:00
air-garcia-escamez,Garcia Escamez,tenerife,38038,Santa Cruz de Tenerife,28.45663888888889,-16.27185,monitoring_station,NO2|O3|PM10|PM2.5|SO2,VALIDATED,canarias-air-network,validated-daily-2025,2025-01-01,2025-12-31,2026-09-28T00:00:00+00:00
air-hacienda,Hacienda,tenerife,,,,,monitoring_station,NO2|SO2,PARTIAL,canarias-air-network,validated-daily-2025,2025-01-01,2025-12-31,2026-09-28T00:00:00+00:00
air-parque-la-granja,Parque La Granja,tenerife,38038,Santa Cruz de Tenerife,28.462994444444444,-16.264877777777777,monitoring_station,NO2|O3|PM10|PM2.5|SO2,VALIDATED,canarias-air-network,validated-daily-2025,2025-01-01,2025-12-31,2026-09-28T00:00:00+00:00
air-piscina-municipal,Piscina Municipal,tenerife,38038,Santa Cruz de Tenerife,28.457991666666665,-16.26329722222222,monitoring_station,NO2|O3|PM10|PM2.5|SO2,VALIDATED,canarias-air-network,validated-daily-2025,2025-01-01,2025-12-31,2026-09-28T00:00:00+00:00
air-tena-artigas,Tena Artigas,tenerife,38038,Santa Cruz de Tenerife,28.455275,-16.27679722222222,monitoring_station,NO2|O3|PM10|PM2.5|SO2,VALIDATED,canarias-air-network,validated-daily-2025,2025-01-01,2025-12-31,2026-09-28T00:00:00+00:00
air-tio-pino,Tio Pino,tenerife,38038,Santa Cruz de Tenerife,28.459325,-16.270238888888887,monitoring_station,O3|PM10|PM2.5|SO2,VALIDATED,canarias-air-network,validated-daily-2025,2025-01-01,2025-12-31,2026-09-28T00:00:00+00:00
air-tome-cano,Tome Cano,tenerife,38038,Santa Cruz de Tenerife,28.462183333333332,-16.261877777777777,monitoring_station,NO2|O3|PM10|PM2.5|SO2,VALIDATED,canarias-air-network,validated-daily-2025,2025-01-01,2025-12-31,2026-09-28T00:00:00+00:00
air-balsa-de-zamora,Balsa de Zamora,tenerife,38031,Los Realejos,28.383122222222223,-16.570727777777776,monitoring_station,NO2|O3|PM10|PM2.5|SO2,VALIDATED,canarias-air-network,validated-daily-2025,2025-01-01,2025-12-31,2026-09-28T00:00:00+00:00
air-barranco-hondo,Barranco Hondo,tenerife,38011,Candelaria,28.393413888888887,-16.35813611111111,monitoring_station,NO2|O3|PM10|PM2.5|SO2,VALIDATED,canarias-air-network,validated-daily-2025,2025-01-01,2025-12-31,2026-09-28T00:00:00+00:00
air-caletillas,Caletillas,tenerife,38011,Candelaria,28.37671388888889,-16.361941666666667,monitoring_station,NO2|O3|PM10|PM2.5|SO2,VALIDATED,canarias-air-network,validated-daily-2025,2025-01-01,2025-12-31,2026-09-28T00:00:00+00:00
air-deposito-la-guancha,Deposito La Guancha,tenerife,38011,Candelaria,28.380152777777777,-16.368333333333332,monitoring_station,NO2|O3|PM10|PM2.5|SO2,VALIDATED,canarias-air-network,validated-daily-2025,2025-01-01,2025-12-31,2026-09-28T00:00:00+00:00
air-el-rio,El Rio,tenerife,38005,Arico,28.145066666666665,-16.523711111111112,monitoring_station,NO2|O3|PM10|PM2.5|SO2,VALIDATED,canarias-air-network,validated-daily-2025,2025-01-01,2025-12-31,2026-09-28T00:00:00+00:00
air-galletas,Galletas,tenerife,38006,Arona,28.00778888888889,-16.655825,monitoring_station,NO2|O3|PM10|PM2.5|SO2,VALIDATED,canarias-air-network,validated-daily-2025,2025-01-01,2025-12-31,2026-09-28T00:00:00+00:00
air-granadilla,Granadilla,tenerife,38017,Granadilla de Abona,28.047311111111114,-16.536055555555556,monitoring_station,NO2|PM10|PM2.5|SO2,VALIDATED,canarias-air-network,validated-daily-2025,2025-01-01,2025-12-31,2026-09-28T00:00:00+00:00
air-igueste,Igueste,tenerife,38011,Candelaria,28.38053888888889,-16.371972222222222,monitoring_station,NO2|O3|PM10|PM2.5|SO2,VALIDATED,canarias-air-network,validated-daily-2025,2025-01-01,2025-12-31,2026-09-28T00:00:00+00:00
air-la-hidalga,La Hidalga,tenerife,38004,Arafo,28.337338888888887,-16.399916666666666,monitoring_station,NO2|O3|PM10|PM2.5|SO2,VALIDATED,canarias-air-network,validated-daily-2025,2025-01-01,2025-12-31,2026-09-28T00:00:00+00:00
air-medano,Medano,tenerife,38017,Granadilla de Abona,28.047311111111114,-16.536055555555556,monitoring_station,NO2|PM10|PM2.5|SO2,VALIDATED,canarias-air-network,validated-daily-2025,2025-01-01,2025-12-31,2026-09-28T00:00:00+00:00
air-san-isidro,San Isidro,tenerife,38017,Granadilla de Abona,28.080030555555556,-16.559844444444444,monitoring_station,NO2|O3|PM10|PM2.5|SO2,VALIDATED,canarias-air-network,validated-daily-2025,2025-01-01,2025-12-31,2026-09-28T00:00:00+00:00
air-tajao,Tajao,tenerife,38005,Arico,28.111386111111113,-16.471616666666666,monitoring_station,NO2|PM10|PM2.5|SO2,VALIDATED,canarias-air-network,validated-daily-2025,2025-01-01,2025-12-31,2026-09-28T00:00:00+00:00
