source_id,source_url,dataset_version,checksum,retrieved_at,license_url,parser_version,indicator_id,indicator_label,reference_period,geography_level,geography_id,age_group_original,universe,value,unit,weighted_cases,denominator,denominator_definition,weighting,value_status,comparability_status,method_id
bdcap_obesity,https://pestadistico.inteligenciadegestion.sanidad.gob.es/publicoSNS/S/base-de-datos-de-clinicos-de-atencion-primaria-bdcap,BDCAP_2024_export_2026-09-28,3e2c8edfe425fea5dcca6ee077db34532559f0fb0a1c4fb29a3f2df0fde7e5a3,2026-09-28T16:30:00+01:00,https://www.sanidad.gob.es/avisoLegal/home.htm,phase6b-v1,obesity_active_problem_registered,Obesidad registrada como problema activo,2011,autonomous_community,canarias,00-14 años,Población asignada a Atención Primaria incluida en la muestra BDCAP,15.41,persons_per_1000_assigned,4537.0,,Población asignada de 0-14 años; el export no publica su valor numérico,"Estimación BDCAP ponderada por CCAA, sexo, edad quinquenal y país de nacimiento",WEIGHTED_SAMPLE,ADMIT_WITH_LIMITATIONS,bdcap_registered_morbidity_v1
bdcap_obesity,https://pestadistico.inteligenciadegestion.sanidad.gob.es/publicoSNS/S/base-de-datos-de-clinicos-de-atencion-primaria-bdcap,BDCAP_2024_export_2026-09-28,3e2c8edfe425fea5dcca6ee077db34532559f0fb0a1c4fb29a3f2df0fde7e5a3,2026-09-28T16:30:00+01:00,https://www.sanidad.gob.es/avisoLegal/home.htm,phase6b-v1,obesity_active_problem_registered,Obesidad registrada como problema activo,2012,autonomous_community,canarias,00-14 años,Población asignada a Atención Primaria incluida en la muestra BDCAP,13.33,persons_per_1000_assigned,3958.0,,Población asignada de 0-14 años; el export no publica su valor numérico,"Estimación BDCAP ponderada por CCAA, sexo, edad quinquenal y país de nacimiento",WEIGHTED_SAMPLE,ADMIT_WITH_LIMITATIONS,bdcap_registered_morbidity_v1
bdcap_obesity,https://pestadistico.inteligenciadegestion.sanidad.gob.es/publicoSNS/S/base-de-datos-de-clinicos-de-atencion-primaria-bdcap,BDCAP_2024_export_2026-09-28,3e2c8edfe425fea5dcca6ee077db34532559f0fb0a1c4fb29a3f2df0fde7e5a3,2026-09-28T16:30:00+01:00,https://www.sanidad.gob.es/avisoLegal/home.htm,phase6b-v1,obesity_active_problem_registered,Obesidad registrada como problema activo,2013,autonomous_community,canarias,00-14 años,Población asignada a Atención Primaria incluida en la muestra BDCAP,11.4,persons_per_1000_assigned,3396.0,,Población asignada de 0-14 años; el export no publica su valor numérico,"Estimación BDCAP ponderada por CCAA, sexo, edad quinquenal y país de nacimiento",WEIGHTED_SAMPLE,ADMIT_WITH_LIMITATIONS,bdcap_registered_morbidity_v1
bdcap_obesity,https://pestadistico.inteligenciadegestion.sanidad.gob.es/publicoSNS/S/base-de-datos-de-clinicos-de-atencion-primaria-bdcap,BDCAP_2024_export_2026-09-28,3e2c8edfe425fea5dcca6ee077db34532559f0fb0a1c4fb29a3f2df0fde7e5a3,2026-09-28T16:30:00+01:00,https://www.sanidad.gob.es/avisoLegal/home.htm,phase6b-v1,obesity_active_problem_registered,Obesidad registrada como problema activo,2014,autonomous_community,canarias,00-14 años,Población asignada a Atención Primaria incluida en la muestra BDCAP,9.83,persons_per_1000_assigned,2931.0,,Población asignada de 0-14 años; el export no publica su valor numérico,"Estimación BDCAP ponderada por CCAA, sexo, edad quinquenal y país de nacimiento",WEIGHTED_SAMPLE,ADMIT_WITH_LIMITATIONS,bdcap_registered_morbidity_v1
bdcap_obesity,https://pestadistico.inteligenciadegestion.sanidad.gob.es/publicoSNS/S/base-de-datos-de-clinicos-de-atencion-primaria-bdcap,BDCAP_2024_export_2026-09-28,3e2c8edfe425fea5dcca6ee077db34532559f0fb0a1c4fb29a3f2df0fde7e5a3,2026-09-28T16:30:00+01:00,https://www.sanidad.gob.es/avisoLegal/home.htm,phase6b-v1,obesity_active_problem_registered,Obesidad registrada como problema activo,2015,autonomous_community,canarias,00-14 años,Población asignada a Atención Primaria incluida en la muestra BDCAP,23.89,persons_per_1000_assigned,7018.0,,Población asignada de 0-14 años; el export no publica su valor numérico,"Estimación BDCAP ponderada por CCAA, sexo, edad quinquenal y país de nacimiento",WEIGHTED_SAMPLE,ADMIT_WITH_LIMITATIONS,bdcap_registered_morbidity_v1
bdcap_obesity,https://pestadistico.inteligenciadegestion.sanidad.gob.es/publicoSNS/S/base-de-datos-de-clinicos-de-atencion-primaria-bdcap,BDCAP_2024_export_2026-09-28,3e2c8edfe425fea5dcca6ee077db34532559f0fb0a1c4fb29a3f2df0fde7e5a3,2026-09-28T16:30:00+01:00,https://www.sanidad.gob.es/avisoLegal/home.htm,phase6b-v1,obesity_active_problem_registered,Obesidad registrada como problema activo,2016,autonomous_community,canarias,00-14 años,Población asignada a Atención Primaria incluida en la muestra BDCAP,48.61,persons_per_1000_assigned,13934.0,,Población asignada de 0-14 años; el export no publica su valor numérico,"Estimación BDCAP ponderada por CCAA, sexo, edad quinquenal y país de nacimiento",WEIGHTED_SAMPLE,ADMIT_WITH_LIMITATIONS,bdcap_registered_morbidity_v1
bdcap_obesity,https://pestadistico.inteligenciadegestion.sanidad.gob.es/publicoSNS/S/base-de-datos-de-clinicos-de-atencion-primaria-bdcap,BDCAP_2024_export_2026-09-28,3e2c8edfe425fea5dcca6ee077db34532559f0fb0a1c4fb29a3f2df0fde7e5a3,2026-09-28T16:30:00+01:00,https://www.sanidad.gob.es/avisoLegal/home.htm,phase6b-v1,obesity_active_problem_registered,Obesidad registrada como problema activo,2017,autonomous_community,canarias,00-14 años,Población asignada a Atención Primaria incluida en la muestra BDCAP,58.62,persons_per_1000_assigned,16447.0,,Población asignada de 0-14 años; el export no publica su valor numérico,"Estimación BDCAP ponderada por CCAA, sexo, edad quinquenal y país de nacimiento",WEIGHTED_SAMPLE,ADMIT_WITH_LIMITATIONS,bdcap_registered_morbidity_v1
bdcap_obesity,https://pestadistico.inteligenciadegestion.sanidad.gob.es/publicoSNS/S/base-de-datos-de-clinicos-de-atencion-primaria-bdcap,BDCAP_2024_export_2026-09-28,3e2c8edfe425fea5dcca6ee077db34532559f0fb0a1c4fb29a3f2df0fde7e5a3,2026-09-28T16:30:00+01:00,https://www.sanidad.gob.es/avisoLegal/home.htm,phase6b-v1,obesity_active_problem_registered,Obesidad registrada como problema activo,2018,autonomous_community,canarias,00-14 años,Población asignada a Atención Primaria incluida en la muestra BDCAP,64.5,persons_per_1000_assigned,17908.0,,Población asignada de 0-14 años; el export no publica su valor numérico,"Estimación BDCAP ponderada por CCAA, sexo, edad quinquenal y país de nacimiento",WEIGHTED_SAMPLE,ADMIT_WITH_LIMITATIONS,bdcap_registered_morbidity_v1
bdcap_obesity,https://pestadistico.inteligenciadegestion.sanidad.gob.es/publicoSNS/S/base-de-datos-de-clinicos-de-atencion-primaria-bdcap,BDCAP_2024_export_2026-09-28,3e2c8edfe425fea5dcca6ee077db34532559f0fb0a1c4fb29a3f2df0fde7e5a3,2026-09-28T16:30:00+01:00,https://www.sanidad.gob.es/avisoLegal/home.htm,phase6b-v1,obesity_active_problem_registered,Obesidad registrada como problema activo,2019,autonomous_community,canarias,00-14 años,Población asignada a Atención Primaria incluida en la muestra BDCAP,71.75,persons_per_1000_assigned,19649.0,,Población asignada de 0-14 años; el export no publica su valor numérico,"Estimación BDCAP ponderada por CCAA, sexo, edad quinquenal y país de nacimiento",WEIGHTED_SAMPLE,ADMIT_WITH_LIMITATIONS,bdcap_registered_morbidity_v1
bdcap_obesity,https://pestadistico.inteligenciadegestion.sanidad.gob.es/publicoSNS/S/base-de-datos-de-clinicos-de-atencion-primaria-bdcap,BDCAP_2024_export_2026-09-28,3e2c8edfe425fea5dcca6ee077db34532559f0fb0a1c4fb29a3f2df0fde7e5a3,2026-09-28T16:30:00+01:00,https://www.sanidad.gob.es/avisoLegal/home.htm,phase6b-v1,obesity_active_problem_registered,Obesidad registrada como problema activo,2020,autonomous_community,canarias,00-14 años,Población asignada a Atención Primaria incluida en la muestra BDCAP,76.9,persons_per_1000_assigned,20481.0,,Población asignada de 0-14 años; el export no publica su valor numérico,"Estimación BDCAP ponderada por CCAA, sexo, edad quinquenal y país de nacimiento",WEIGHTED_SAMPLE,ADMIT_WITH_LIMITATIONS,bdcap_registered_morbidity_v1
bdcap_obesity,https://pestadistico.inteligenciadegestion.sanidad.gob.es/publicoSNS/S/base-de-datos-de-clinicos-de-atencion-primaria-bdcap,BDCAP_2024_export_2026-09-28,3e2c8edfe425fea5dcca6ee077db34532559f0fb0a1c4fb29a3f2df0fde7e5a3,2026-09-28T16:30:00+01:00,https://www.sanidad.gob.es/avisoLegal/home.htm,phase6b-v1,obesity_active_problem_registered,Obesidad registrada como problema activo,2021,autonomous_community,canarias,00-14 años,Población asignada a Atención Primaria incluida en la muestra BDCAP,85.53,persons_per_1000_assigned,22017.0,,Población asignada de 0-14 años; el export no publica su valor numérico,"Estimación BDCAP ponderada por CCAA, sexo, edad quinquenal y país de nacimiento",WEIGHTED_SAMPLE,ADMIT_WITH_LIMITATIONS,bdcap_registered_morbidity_v1
bdcap_obesity,https://pestadistico.inteligenciadegestion.sanidad.gob.es/publicoSNS/S/base-de-datos-de-clinicos-de-atencion-primaria-bdcap,BDCAP_2024_export_2026-09-28,3e2c8edfe425fea5dcca6ee077db34532559f0fb0a1c4fb29a3f2df0fde7e5a3,2026-09-28T16:30:00+01:00,https://www.sanidad.gob.es/avisoLegal/home.htm,phase6b-v1,obesity_active_problem_registered,Obesidad registrada como problema activo,2022,autonomous_community,canarias,00-14 años,Población asignada a Atención Primaria incluida en la muestra BDCAP,90.59,persons_per_1000_assigned,23297.0,,Población asignada de 0-14 años; el export no publica su valor numérico,"Estimación BDCAP ponderada por CCAA, sexo, edad quinquenal y país de nacimiento",WEIGHTED_SAMPLE,ADMIT_WITH_LIMITATIONS,bdcap_registered_morbidity_v1
bdcap_obesity,https://pestadistico.inteligenciadegestion.sanidad.gob.es/publicoSNS/S/base-de-datos-de-clinicos-de-atencion-primaria-bdcap,BDCAP_2024_export_2026-09-28,3e2c8edfe425fea5dcca6ee077db34532559f0fb0a1c4fb29a3f2df0fde7e5a3,2026-09-28T16:30:00+01:00,https://www.sanidad.gob.es/avisoLegal/home.htm,phase6b-v1,obesity_active_problem_registered,Obesidad registrada como problema activo,2023,autonomous_community,canarias,00-14 años,Población asignada a Atención Primaria incluida en la muestra BDCAP,84.92,persons_per_1000_assigned,21315.0,,Población asignada de 0-14 años; el export no publica su valor numérico,"Estimación BDCAP ponderada por CCAA, sexo, edad quinquenal y país de nacimiento",WEIGHTED_SAMPLE,ADMIT_WITH_LIMITATIONS,bdcap_registered_morbidity_v1
bdcap_obesity,https://pestadistico.inteligenciadegestion.sanidad.gob.es/publicoSNS/S/base-de-datos-de-clinicos-de-atencion-primaria-bdcap,BDCAP_2024_export_2026-09-28,3e2c8edfe425fea5dcca6ee077db34532559f0fb0a1c4fb29a3f2df0fde7e5a3,2026-09-28T16:30:00+01:00,https://www.sanidad.gob.es/avisoLegal/home.htm,phase6b-v1,obesity_active_problem_registered,Obesidad registrada como problema activo,2024,autonomous_community,canarias,00-14 años,Población asignada a Atención Primaria incluida en la muestra BDCAP,92.35,persons_per_1000_assigned,26213.0,,Población asignada de 0-14 años; el export no publica su valor numérico,"Estimación BDCAP ponderada por CCAA, sexo, edad quinquenal y país de nacimiento",WEIGHTED_SAMPLE,ADMIT_WITH_LIMITATIONS,bdcap_registered_morbidity_v1
