source_id,dataset_version,reference_period,geography_level,geography_id,age_group_original,sex,unit,value,numerator,denominator,value_status,comparability_status,method_id,source_url,publication_date,case_definition,indicator_id,indicator_name,geography_label
ISTAC:C00035A_000465,latest_audited_2026-09-28,2021,autonomous_community,canarias,Población menor de 16 años,total,percent,8.23,,,SURVEY_ESTIMATE,ADMIT_WITH_LIMITATIONS,esc2021_published_estimate_v1,https://datos.canarias.es/api/estadisticas/statistical-resources/v1.0/datasets/ISTAC/C00035A_000465/~latest.csv,2023-03-16,"Problema de salud padecido alguna vez, ESC 2021.",dolor_cabeza_jaquecas_migranias,"Dolor de cabeza frecuente, jaquecas, migrañas",Canarias
ISTAC:C00035A_000465,latest_audited_2026-09-28,2021,autonomous_community,canarias,Población menor de 16 años,total,percent,5,,,SURVEY_ESTIMATE,ADMIT_WITH_LIMITATIONS,esc2021_published_estimate_v1,https://datos.canarias.es/api/estadisticas/statistical-resources/v1.0/datasets/ISTAC/C00035A_000465/~latest.csv,2023-03-16,"Problema de salud padecido alguna vez, ESC 2021.",problema_salud_mental,Problemas de salud mental como ansiedad o depresión,Canarias
ISTAC:C00035A_000465,latest_audited_2026-09-28,2021,autonomous_community,canarias,Población menor de 16 años,total,percent,17.55,,,SURVEY_ESTIMATE,ADMIT_WITH_LIMITATIONS,esc2021_published_estimate_v1,https://datos.canarias.es/api/estadisticas/statistical-resources/v1.0/datasets/ISTAC/C00035A_000465/~latest.csv,2023-03-16,"Problema de salud padecido alguna vez, ESC 2021.",problema_enfermedad_cronica_o,Otros problemas o enfermedades crónicas,Canarias
ISTAC:C00035A_000465,latest_audited_2026-09-28,2021,autonomous_community,canarias,Población menor de 16 años,total,percent,4.9,,,SURVEY_ESTIMATE,ADMIT_WITH_LIMITATIONS,esc2021_published_estimate_v1,https://datos.canarias.es/api/estadisticas/statistical-resources/v1.0/datasets/ISTAC/C00035A_000465/~latest.csv,2023-03-16,"Problema de salud padecido alguna vez, ESC 2021.",eneuresis_nocturna,Eneuresis nocturna (hacerse pis en la cama),Canarias
ISTAC:C00035A_000465,latest_audited_2026-09-28,2021,autonomous_community,canarias,Población menor de 16 años,total,percent,17.69,,,SURVEY_ESTIMATE,ADMIT_WITH_LIMITATIONS,esc2021_published_estimate_v1,https://datos.canarias.es/api/estadisticas/statistical-resources/v1.0/datasets/ISTAC/C00035A_000465/~latest.csv,2023-03-16,"Problema de salud padecido alguna vez, ESC 2021.",problema_organos_sensoriales,Problemas en los órganos sensoriales,Canarias
ISTAC:C00035A_000465,latest_audited_2026-09-28,2021,autonomous_community,canarias,Población menor de 16 años,total,percent,4.24,,,SURVEY_ESTIMATE,ADMIT_WITH_LIMITATIONS,esc2021_published_estimate_v1,https://datos.canarias.es/api/estadisticas/statistical-resources/v1.0/datasets/ISTAC/C00035A_000465/~latest.csv,2023-03-16,"Problema de salud padecido alguna vez, ESC 2021.",alteraciones_suenio,Alteraciones del sueño,Canarias
ISTAC:C00035A_000465,latest_audited_2026-09-28,2021,autonomous_community,canarias,Población menor de 16 años,total,percent,15.41,,,SURVEY_ESTIMATE,ADMIT_WITH_LIMITATIONS,esc2021_published_estimate_v1,https://datos.canarias.es/api/estadisticas/statistical-resources/v1.0/datasets/ISTAC/C00035A_000465/~latest.csv,2023-03-16,"Problema de salud padecido alguna vez, ESC 2021.",alergia_cronica_asma,Alergias crónicas (incluida asma alérgica),Canarias
ISTAC:C00035A_000465,latest_audited_2026-09-28,2021,autonomous_community,canarias,Población menor de 16 años,total,percent,9.74,,,SURVEY_ESTIMATE,ADMIT_WITH_LIMITATIONS,esc2021_published_estimate_v1,https://datos.canarias.es/api/estadisticas/statistical-resources/v1.0/datasets/ISTAC/C00035A_000465/~latest.csv,2023-03-16,"Problema de salud padecido alguna vez, ESC 2021.",asma_bronquitis_cronica,"Asma, bronquitis crónica",Canarias
ISTAC:C00035A_000465,latest_audited_2026-09-28,2021,autonomous_community,canarias,Población menor de 16 años,total,percent,4.97,,,SURVEY_ESTIMATE,ADMIT_WITH_LIMITATIONS,esc2021_published_estimate_v1,https://datos.canarias.es/api/estadisticas/statistical-resources/v1.0/datasets/ISTAC/C00035A_000465/~latest.csv,2023-03-16,"Problema de salud padecido alguna vez, ESC 2021.",problema_columna,"Problemas de columna, escoliosis",Canarias
ISTAC:C00035A_000465,latest_audited_2026-09-28,2021,island_group,lanzarote-y-fuerteventura,Población menor de 16 años,total,percent,10.15,,,SURVEY_ESTIMATE,ADMIT_WITH_LIMITATIONS,esc2021_published_estimate_v1,https://datos.canarias.es/api/estadisticas/statistical-resources/v1.0/datasets/ISTAC/C00035A_000465/~latest.csv,2023-03-16,"Problema de salud padecido alguna vez, ESC 2021.",dolor_cabeza_jaquecas_migranias,"Dolor de cabeza frecuente, jaquecas, migrañas",Lanzarote y Fuerteventura
ISTAC:C00035A_000465,latest_audited_2026-09-28,2021,island_group,lanzarote-y-fuerteventura,Población menor de 16 años,total,percent,1.78,,,SURVEY_ESTIMATE,ADMIT_WITH_LIMITATIONS,esc2021_published_estimate_v1,https://datos.canarias.es/api/estadisticas/statistical-resources/v1.0/datasets/ISTAC/C00035A_000465/~latest.csv,2023-03-16,"Problema de salud padecido alguna vez, ESC 2021.",problema_salud_mental,Problemas de salud mental como ansiedad o depresión,Lanzarote y Fuerteventura
ISTAC:C00035A_000465,latest_audited_2026-09-28,2021,island_group,lanzarote-y-fuerteventura,Población menor de 16 años,total,percent,14.03,,,SURVEY_ESTIMATE,ADMIT_WITH_LIMITATIONS,esc2021_published_estimate_v1,https://datos.canarias.es/api/estadisticas/statistical-resources/v1.0/datasets/ISTAC/C00035A_000465/~latest.csv,2023-03-16,"Problema de salud padecido alguna vez, ESC 2021.",problema_enfermedad_cronica_o,Otros problemas o enfermedades crónicas,Lanzarote y Fuerteventura
ISTAC:C00035A_000465,latest_audited_2026-09-28,2021,island_group,lanzarote-y-fuerteventura,Población menor de 16 años,total,percent,1.82,,,SURVEY_ESTIMATE,ADMIT_WITH_LIMITATIONS,esc2021_published_estimate_v1,https://datos.canarias.es/api/estadisticas/statistical-resources/v1.0/datasets/ISTAC/C00035A_000465/~latest.csv,2023-03-16,"Problema de salud padecido alguna vez, ESC 2021.",eneuresis_nocturna,Eneuresis nocturna (hacerse pis en la cama),Lanzarote y Fuerteventura
ISTAC:C00035A_000465,latest_audited_2026-09-28,2021,island_group,lanzarote-y-fuerteventura,Población menor de 16 años,total,percent,20.73,,,SURVEY_ESTIMATE,ADMIT_WITH_LIMITATIONS,esc2021_published_estimate_v1,https://datos.canarias.es/api/estadisticas/statistical-resources/v1.0/datasets/ISTAC/C00035A_000465/~latest.csv,2023-03-16,"Problema de salud padecido alguna vez, ESC 2021.",problema_organos_sensoriales,Problemas en los órganos sensoriales,Lanzarote y Fuerteventura
ISTAC:C00035A_000465,latest_audited_2026-09-28,2021,island_group,lanzarote-y-fuerteventura,Población menor de 16 años,total,percent,1.41,,,SURVEY_ESTIMATE,ADMIT_WITH_LIMITATIONS,esc2021_published_estimate_v1,https://datos.canarias.es/api/estadisticas/statistical-resources/v1.0/datasets/ISTAC/C00035A_000465/~latest.csv,2023-03-16,"Problema de salud padecido alguna vez, ESC 2021.",alteraciones_suenio,Alteraciones del sueño,Lanzarote y Fuerteventura
ISTAC:C00035A_000465,latest_audited_2026-09-28,2021,island_group,lanzarote-y-fuerteventura,Población menor de 16 años,total,percent,11.72,,,SURVEY_ESTIMATE,ADMIT_WITH_LIMITATIONS,esc2021_published_estimate_v1,https://datos.canarias.es/api/estadisticas/statistical-resources/v1.0/datasets/ISTAC/C00035A_000465/~latest.csv,2023-03-16,"Problema de salud padecido alguna vez, ESC 2021.",alergia_cronica_asma,Alergias crónicas (incluida asma alérgica),Lanzarote y Fuerteventura
ISTAC:C00035A_000465,latest_audited_2026-09-28,2021,island_group,lanzarote-y-fuerteventura,Población menor de 16 años,total,percent,9.89,,,SURVEY_ESTIMATE,ADMIT_WITH_LIMITATIONS,esc2021_published_estimate_v1,https://datos.canarias.es/api/estadisticas/statistical-resources/v1.0/datasets/ISTAC/C00035A_000465/~latest.csv,2023-03-16,"Problema de salud padecido alguna vez, ESC 2021.",asma_bronquitis_cronica,"Asma, bronquitis crónica",Lanzarote y Fuerteventura
ISTAC:C00035A_000465,latest_audited_2026-09-28,2021,island_group,lanzarote-y-fuerteventura,Población menor de 16 años,total,percent,2.74,,,SURVEY_ESTIMATE,ADMIT_WITH_LIMITATIONS,esc2021_published_estimate_v1,https://datos.canarias.es/api/estadisticas/statistical-resources/v1.0/datasets/ISTAC/C00035A_000465/~latest.csv,2023-03-16,"Problema de salud padecido alguna vez, ESC 2021.",problema_columna,"Problemas de columna, escoliosis",Lanzarote y Fuerteventura
ISTAC:C00035A_000465,latest_audited_2026-09-28,2021,island,gran-canaria,Población menor de 16 años,total,percent,8.09,,,SURVEY_ESTIMATE,ADMIT_WITH_LIMITATIONS,esc2021_published_estimate_v1,https://datos.canarias.es/api/estadisticas/statistical-resources/v1.0/datasets/ISTAC/C00035A_000465/~latest.csv,2023-03-16,"Problema de salud padecido alguna vez, ESC 2021.",dolor_cabeza_jaquecas_migranias,"Dolor de cabeza frecuente, jaquecas, migrañas",Gran Canaria
ISTAC:C00035A_000465,latest_audited_2026-09-28,2021,island,gran-canaria,Población menor de 16 años,total,percent,6.02,,,SURVEY_ESTIMATE,ADMIT_WITH_LIMITATIONS,esc2021_published_estimate_v1,https://datos.canarias.es/api/estadisticas/statistical-resources/v1.0/datasets/ISTAC/C00035A_000465/~latest.csv,2023-03-16,"Problema de salud padecido alguna vez, ESC 2021.",problema_salud_mental,Problemas de salud mental como ansiedad o depresión,Gran Canaria
ISTAC:C00035A_000465,latest_audited_2026-09-28,2021,island,gran-canaria,Población menor de 16 años,total,percent,18.51,,,SURVEY_ESTIMATE,ADMIT_WITH_LIMITATIONS,esc2021_published_estimate_v1,https://datos.canarias.es/api/estadisticas/statistical-resources/v1.0/datasets/ISTAC/C00035A_000465/~latest.csv,2023-03-16,"Problema de salud padecido alguna vez, ESC 2021.",problema_enfermedad_cronica_o,Otros problemas o enfermedades crónicas,Gran Canaria
ISTAC:C00035A_000465,latest_audited_2026-09-28,2021,island,gran-canaria,Población menor de 16 años,total,percent,5.14,,,SURVEY_ESTIMATE,ADMIT_WITH_LIMITATIONS,esc2021_published_estimate_v1,https://datos.canarias.es/api/estadisticas/statistical-resources/v1.0/datasets/ISTAC/C00035A_000465/~latest.csv,2023-03-16,"Problema de salud padecido alguna vez, ESC 2021.",eneuresis_nocturna,Eneuresis nocturna (hacerse pis en la cama),Gran Canaria
ISTAC:C00035A_000465,latest_audited_2026-09-28,2021,island,gran-canaria,Población menor de 16 años,total,percent,17.44,,,SURVEY_ESTIMATE,ADMIT_WITH_LIMITATIONS,esc2021_published_estimate_v1,https://datos.canarias.es/api/estadisticas/statistical-resources/v1.0/datasets/ISTAC/C00035A_000465/~latest.csv,2023-03-16,"Problema de salud padecido alguna vez, ESC 2021.",problema_organos_sensoriales,Problemas en los órganos sensoriales,Gran Canaria
ISTAC:C00035A_000465,latest_audited_2026-09-28,2021,island,gran-canaria,Población menor de 16 años,total,percent,3.8,,,SURVEY_ESTIMATE,ADMIT_WITH_LIMITATIONS,esc2021_published_estimate_v1,https://datos.canarias.es/api/estadisticas/statistical-resources/v1.0/datasets/ISTAC/C00035A_000465/~latest.csv,2023-03-16,"Problema de salud padecido alguna vez, ESC 2021.",alteraciones_suenio,Alteraciones del sueño,Gran Canaria
ISTAC:C00035A_000465,latest_audited_2026-09-28,2021,island,gran-canaria,Población menor de 16 años,total,percent,19.08,,,SURVEY_ESTIMATE,ADMIT_WITH_LIMITATIONS,esc2021_published_estimate_v1,https://datos.canarias.es/api/estadisticas/statistical-resources/v1.0/datasets/ISTAC/C00035A_000465/~latest.csv,2023-03-16,"Problema de salud padecido alguna vez, ESC 2021.",alergia_cronica_asma,Alergias crónicas (incluida asma alérgica),Gran Canaria
ISTAC:C00035A_000465,latest_audited_2026-09-28,2021,island,gran-canaria,Población menor de 16 años,total,percent,12.78,,,SURVEY_ESTIMATE,ADMIT_WITH_LIMITATIONS,esc2021_published_estimate_v1,https://datos.canarias.es/api/estadisticas/statistical-resources/v1.0/datasets/ISTAC/C00035A_000465/~latest.csv,2023-03-16,"Problema de salud padecido alguna vez, ESC 2021.",asma_bronquitis_cronica,"Asma, bronquitis crónica",Gran Canaria
ISTAC:C00035A_000465,latest_audited_2026-09-28,2021,island,gran-canaria,Población menor de 16 años,total,percent,4.78,,,SURVEY_ESTIMATE,ADMIT_WITH_LIMITATIONS,esc2021_published_estimate_v1,https://datos.canarias.es/api/estadisticas/statistical-resources/v1.0/datasets/ISTAC/C00035A_000465/~latest.csv,2023-03-16,"Problema de salud padecido alguna vez, ESC 2021.",problema_columna,"Problemas de columna, escoliosis",Gran Canaria
ISTAC:C00035A_000465,latest_audited_2026-09-28,2021,island,tenerife,Población menor de 16 años,total,percent,8.29,,,SURVEY_ESTIMATE,ADMIT_WITH_LIMITATIONS,esc2021_published_estimate_v1,https://datos.canarias.es/api/estadisticas/statistical-resources/v1.0/datasets/ISTAC/C00035A_000465/~latest.csv,2023-03-16,"Problema de salud padecido alguna vez, ESC 2021.",dolor_cabeza_jaquecas_migranias,"Dolor de cabeza frecuente, jaquecas, migrañas",Tenerife
ISTAC:C00035A_000465,latest_audited_2026-09-28,2021,island,tenerife,Población menor de 16 años,total,percent,5.42,,,SURVEY_ESTIMATE,ADMIT_WITH_LIMITATIONS,esc2021_published_estimate_v1,https://datos.canarias.es/api/estadisticas/statistical-resources/v1.0/datasets/ISTAC/C00035A_000465/~latest.csv,2023-03-16,"Problema de salud padecido alguna vez, ESC 2021.",problema_salud_mental,Problemas de salud mental como ansiedad o depresión,Tenerife
ISTAC:C00035A_000465,latest_audited_2026-09-28,2021,island,tenerife,Población menor de 16 años,total,percent,17.13,,,SURVEY_ESTIMATE,ADMIT_WITH_LIMITATIONS,esc2021_published_estimate_v1,https://datos.canarias.es/api/estadisticas/statistical-resources/v1.0/datasets/ISTAC/C00035A_000465/~latest.csv,2023-03-16,"Problema de salud padecido alguna vez, ESC 2021.",problema_enfermedad_cronica_o,Otros problemas o enfermedades crónicas,Tenerife
ISTAC:C00035A_000465,latest_audited_2026-09-28,2021,island,tenerife,Población menor de 16 años,total,percent,5.81,,,SURVEY_ESTIMATE,ADMIT_WITH_LIMITATIONS,esc2021_published_estimate_v1,https://datos.canarias.es/api/estadisticas/statistical-resources/v1.0/datasets/ISTAC/C00035A_000465/~latest.csv,2023-03-16,"Problema de salud padecido alguna vez, ESC 2021.",eneuresis_nocturna,Eneuresis nocturna (hacerse pis en la cama),Tenerife
ISTAC:C00035A_000465,latest_audited_2026-09-28,2021,island,tenerife,Población menor de 16 años,total,percent,17.23,,,SURVEY_ESTIMATE,ADMIT_WITH_LIMITATIONS,esc2021_published_estimate_v1,https://datos.canarias.es/api/estadisticas/statistical-resources/v1.0/datasets/ISTAC/C00035A_000465/~latest.csv,2023-03-16,"Problema de salud padecido alguna vez, ESC 2021.",problema_organos_sensoriales,Problemas en los órganos sensoriales,Tenerife
ISTAC:C00035A_000465,latest_audited_2026-09-28,2021,island,tenerife,Población menor de 16 años,total,percent,5.82,,,SURVEY_ESTIMATE,ADMIT_WITH_LIMITATIONS,esc2021_published_estimate_v1,https://datos.canarias.es/api/estadisticas/statistical-resources/v1.0/datasets/ISTAC/C00035A_000465/~latest.csv,2023-03-16,"Problema de salud padecido alguna vez, ESC 2021.",alteraciones_suenio,Alteraciones del sueño,Tenerife
ISTAC:C00035A_000465,latest_audited_2026-09-28,2021,island,tenerife,Población menor de 16 años,total,percent,13.27,,,SURVEY_ESTIMATE,ADMIT_WITH_LIMITATIONS,esc2021_published_estimate_v1,https://datos.canarias.es/api/estadisticas/statistical-resources/v1.0/datasets/ISTAC/C00035A_000465/~latest.csv,2023-03-16,"Problema de salud padecido alguna vez, ESC 2021.",alergia_cronica_asma,Alergias crónicas (incluida asma alérgica),Tenerife
ISTAC:C00035A_000465,latest_audited_2026-09-28,2021,island,tenerife,Población menor de 16 años,total,percent,7.27,,,SURVEY_ESTIMATE,ADMIT_WITH_LIMITATIONS,esc2021_published_estimate_v1,https://datos.canarias.es/api/estadisticas/statistical-resources/v1.0/datasets/ISTAC/C00035A_000465/~latest.csv,2023-03-16,"Problema de salud padecido alguna vez, ESC 2021.",asma_bronquitis_cronica,"Asma, bronquitis crónica",Tenerife
ISTAC:C00035A_000465,latest_audited_2026-09-28,2021,island,tenerife,Población menor de 16 años,total,percent,5.1,,,SURVEY_ESTIMATE,ADMIT_WITH_LIMITATIONS,esc2021_published_estimate_v1,https://datos.canarias.es/api/estadisticas/statistical-resources/v1.0/datasets/ISTAC/C00035A_000465/~latest.csv,2023-03-16,"Problema de salud padecido alguna vez, ESC 2021.",problema_columna,"Problemas de columna, escoliosis",Tenerife
ISTAC:C00035A_000465,latest_audited_2026-09-28,2021,island_group,la-gomera-la-palma-y-el-hierro,Población menor de 16 años,total,percent,2.79,,,SURVEY_ESTIMATE,ADMIT_WITH_LIMITATIONS,esc2021_published_estimate_v1,https://datos.canarias.es/api/estadisticas/statistical-resources/v1.0/datasets/ISTAC/C00035A_000465/~latest.csv,2023-03-16,"Problema de salud padecido alguna vez, ESC 2021.",dolor_cabeza_jaquecas_migranias,"Dolor de cabeza frecuente, jaquecas, migrañas","La Gomera, La Palma y El Hierro"
ISTAC:C00035A_000465,latest_audited_2026-09-28,2021,island_group,la-gomera-la-palma-y-el-hierro,Población menor de 16 años,total,percent,3.02,,,SURVEY_ESTIMATE,ADMIT_WITH_LIMITATIONS,esc2021_published_estimate_v1,https://datos.canarias.es/api/estadisticas/statistical-resources/v1.0/datasets/ISTAC/C00035A_000465/~latest.csv,2023-03-16,"Problema de salud padecido alguna vez, ESC 2021.",problema_salud_mental,Problemas de salud mental como ansiedad o depresión,"La Gomera, La Palma y El Hierro"
ISTAC:C00035A_000465,latest_audited_2026-09-28,2021,island_group,la-gomera-la-palma-y-el-hierro,Población menor de 16 años,total,percent,24.69,,,SURVEY_ESTIMATE,ADMIT_WITH_LIMITATIONS,esc2021_published_estimate_v1,https://datos.canarias.es/api/estadisticas/statistical-resources/v1.0/datasets/ISTAC/C00035A_000465/~latest.csv,2023-03-16,"Problema de salud padecido alguna vez, ESC 2021.",problema_enfermedad_cronica_o,Otros problemas o enfermedades crónicas,"La Gomera, La Palma y El Hierro"
ISTAC:C00035A_000465,latest_audited_2026-09-28,2021,island_group,la-gomera-la-palma-y-el-hierro,Población menor de 16 años,total,percent,4.21,,,SURVEY_ESTIMATE,ADMIT_WITH_LIMITATIONS,esc2021_published_estimate_v1,https://datos.canarias.es/api/estadisticas/statistical-resources/v1.0/datasets/ISTAC/C00035A_000465/~latest.csv,2023-03-16,"Problema de salud padecido alguna vez, ESC 2021.",eneuresis_nocturna,Eneuresis nocturna (hacerse pis en la cama),"La Gomera, La Palma y El Hierro"
ISTAC:C00035A_000465,latest_audited_2026-09-28,2021,island_group,la-gomera-la-palma-y-el-hierro,Población menor de 16 años,total,percent,14.53,,,SURVEY_ESTIMATE,ADMIT_WITH_LIMITATIONS,esc2021_published_estimate_v1,https://datos.canarias.es/api/estadisticas/statistical-resources/v1.0/datasets/ISTAC/C00035A_000465/~latest.csv,2023-03-16,"Problema de salud padecido alguna vez, ESC 2021.",problema_organos_sensoriales,Problemas en los órganos sensoriales,"La Gomera, La Palma y El Hierro"
ISTAC:C00035A_000465,latest_audited_2026-09-28,2021,island_group,la-gomera-la-palma-y-el-hierro,Población menor de 16 años,total,percent,2.03,,,SURVEY_ESTIMATE,ADMIT_WITH_LIMITATIONS,esc2021_published_estimate_v1,https://datos.canarias.es/api/estadisticas/statistical-resources/v1.0/datasets/ISTAC/C00035A_000465/~latest.csv,2023-03-16,"Problema de salud padecido alguna vez, ESC 2021.",alteraciones_suenio,Alteraciones del sueño,"La Gomera, La Palma y El Hierro"
ISTAC:C00035A_000465,latest_audited_2026-09-28,2021,island_group,la-gomera-la-palma-y-el-hierro,Población menor de 16 años,total,percent,16.98,,,SURVEY_ESTIMATE,ADMIT_WITH_LIMITATIONS,esc2021_published_estimate_v1,https://datos.canarias.es/api/estadisticas/statistical-resources/v1.0/datasets/ISTAC/C00035A_000465/~latest.csv,2023-03-16,"Problema de salud padecido alguna vez, ESC 2021.",alergia_cronica_asma,Alergias crónicas (incluida asma alérgica),"La Gomera, La Palma y El Hierro"
ISTAC:C00035A_000465,latest_audited_2026-09-28,2021,island_group,la-gomera-la-palma-y-el-hierro,Población menor de 16 años,total,percent,7.44,,,SURVEY_ESTIMATE,ADMIT_WITH_LIMITATIONS,esc2021_published_estimate_v1,https://datos.canarias.es/api/estadisticas/statistical-resources/v1.0/datasets/ISTAC/C00035A_000465/~latest.csv,2023-03-16,"Problema de salud padecido alguna vez, ESC 2021.",asma_bronquitis_cronica,"Asma, bronquitis crónica","La Gomera, La Palma y El Hierro"
ISTAC:C00035A_000465,latest_audited_2026-09-28,2021,island_group,la-gomera-la-palma-y-el-hierro,Población menor de 16 años,total,percent,12.19,,,SURVEY_ESTIMATE,ADMIT_WITH_LIMITATIONS,esc2021_published_estimate_v1,https://datos.canarias.es/api/estadisticas/statistical-resources/v1.0/datasets/ISTAC/C00035A_000465/~latest.csv,2023-03-16,"Problema de salud padecido alguna vez, ESC 2021.",problema_columna,"Problemas de columna, escoliosis","La Gomera, La Palma y El Hierro"
