health_zone_id,official_code,name,island_id,health_area_id,valid_from,valid_to,geometry_status,source_url,source_date,verification_status,routing_eligible,notes
,,FRONTERA - VALLE DEL GOLFO,el-hierro,el-hierro,,,not_available,https://www.sanidad.gob.es/estadEstudios/estadisticas/docs/siap/2026_C_Catal_Centros_AP.xlsx,2025-12-31,NEEDS_VALIDATION,false,Nomenclatura vigente en Catálogo AP 2026; código estable y polígono no publicados.
,,VALVERDE,el-hierro,el-hierro,,,not_available,https://www.sanidad.gob.es/estadEstudios/estadisticas/docs/siap/2026_C_Catal_Centros_AP.xlsx,2025-12-31,NEEDS_VALIDATION,false,Nomenclatura vigente en Catálogo AP 2026; código estable y polígono no publicados.
,,ANTIGUA-BETANCURIA,fuerteventura,fuerteventura,,,not_available,https://www.sanidad.gob.es/estadEstudios/estadisticas/docs/siap/2026_C_Catal_Centros_AP.xlsx,2025-12-31,NEEDS_VALIDATION,false,Nomenclatura vigente en Catálogo AP 2026; código estable y polígono no publicados.
,,II PUERTO DEL ROSARIO (SUR),fuerteventura,fuerteventura,,,not_available,https://www.sanidad.gob.es/estadEstudios/estadisticas/docs/siap/2026_C_Catal_Centros_AP.xlsx,2025-12-31,NEEDS_VALIDATION,false,Nomenclatura vigente en Catálogo AP 2026; código estable y polígono no publicados.
,,LA OLIVA,fuerteventura,fuerteventura,,,not_available,https://www.sanidad.gob.es/estadEstudios/estadisticas/docs/siap/2026_C_Catal_Centros_AP.xlsx,2025-12-31,NEEDS_VALIDATION,false,Nomenclatura vigente en Catálogo AP 2026; código estable y polígono no publicados.
,,PENÍNSULA DE JANDÍA,fuerteventura,fuerteventura,,,not_available,https://www.sanidad.gob.es/estadEstudios/estadisticas/docs/siap/2026_C_Catal_Centros_AP.xlsx,2025-12-31,NEEDS_VALIDATION,false,Nomenclatura vigente en Catálogo AP 2026; código estable y polígono no publicados.
,,PUERTO DEL ROSARIO,fuerteventura,fuerteventura,,,not_available,https://www.sanidad.gob.es/estadEstudios/estadisticas/docs/siap/2026_C_Catal_Centros_AP.xlsx,2025-12-31,NEEDS_VALIDATION,false,Nomenclatura vigente en Catálogo AP 2026; código estable y polígono no publicados.
,,TUINEJE-PÁJARA,fuerteventura,fuerteventura,,,not_available,https://www.sanidad.gob.es/estadEstudios/estadisticas/docs/siap/2026_C_Catal_Centros_AP.xlsx,2025-12-31,NEEDS_VALIDATION,false,Nomenclatura vigente en Catálogo AP 2026; código estable y polígono no publicados.
,,AGAETE,gran-canaria,gran-canaria,,,not_available,https://www.sanidad.gob.es/estadEstudios/estadisticas/docs/siap/2026_C_Catal_Centros_AP.xlsx,2025-12-31,NEEDS_VALIDATION,false,Nomenclatura vigente en Catálogo AP 2026; código estable y polígono no publicados.
,,AGÜIMES,gran-canaria,gran-canaria,,,not_available,https://www.sanidad.gob.es/estadEstudios/estadisticas/docs/siap/2026_C_Catal_Centros_AP.xlsx,2025-12-31,NEEDS_VALIDATION,false,Nomenclatura vigente en Catálogo AP 2026; código estable y polígono no publicados.
,,ALCARAVANERAS,gran-canaria,gran-canaria,,,not_available,https://www.sanidad.gob.es/estadEstudios/estadisticas/docs/siap/2026_C_Catal_Centros_AP.xlsx,2025-12-31,NEEDS_VALIDATION,false,Nomenclatura vigente en Catálogo AP 2026; código estable y polígono no publicados.
,,ARUCAS,gran-canaria,gran-canaria,,,not_available,https://www.sanidad.gob.es/estadEstudios/estadisticas/docs/siap/2026_C_Catal_Centros_AP.xlsx,2025-12-31,NEEDS_VALIDATION,false,Nomenclatura vigente en Catálogo AP 2026; código estable y polígono no publicados.
,,BARRIO ATLÁNTICO,gran-canaria,gran-canaria,,,not_available,https://www.sanidad.gob.es/estadEstudios/estadisticas/docs/siap/2026_C_Catal_Centros_AP.xlsx,2025-12-31,NEEDS_VALIDATION,false,Nomenclatura vigente en Catálogo AP 2026; código estable y polígono no publicados.
,,CANALEJAS,gran-canaria,gran-canaria,,,not_available,https://www.sanidad.gob.es/estadEstudios/estadisticas/docs/siap/2026_C_Catal_Centros_AP.xlsx,2025-12-31,NEEDS_VALIDATION,false,Nomenclatura vigente en Catálogo AP 2026; código estable y polígono no publicados.
,,CONO SUR,gran-canaria,gran-canaria,,,not_available,https://www.sanidad.gob.es/estadEstudios/estadisticas/docs/siap/2026_C_Catal_Centros_AP.xlsx,2025-12-31,NEEDS_VALIDATION,false,Nomenclatura vigente en Catálogo AP 2026; código estable y polígono no publicados.
,,CUEVA TORRES,gran-canaria,gran-canaria,,,not_available,https://www.sanidad.gob.es/estadEstudios/estadisticas/docs/siap/2026_C_Catal_Centros_AP.xlsx,2025-12-31,NEEDS_VALIDATION,false,Nomenclatura vigente en Catálogo AP 2026; código estable y polígono no publicados.
,,ESCALERITAS,gran-canaria,gran-canaria,,,not_available,https://www.sanidad.gob.es/estadEstudios/estadisticas/docs/siap/2026_C_Catal_Centros_AP.xlsx,2025-12-31,NEEDS_VALIDATION,false,Nomenclatura vigente en Catálogo AP 2026; código estable y polígono no publicados.
,,FIRGAS,gran-canaria,gran-canaria,,,not_available,https://www.sanidad.gob.es/estadEstudios/estadisticas/docs/siap/2026_C_Catal_Centros_AP.xlsx,2025-12-31,NEEDS_VALIDATION,false,Nomenclatura vigente en Catálogo AP 2026; código estable y polígono no publicados.
,,GUANARTEME,gran-canaria,gran-canaria,,,not_available,https://www.sanidad.gob.es/estadEstudios/estadisticas/docs/siap/2026_C_Catal_Centros_AP.xlsx,2025-12-31,NEEDS_VALIDATION,false,Nomenclatura vigente en Catálogo AP 2026; código estable y polígono no publicados.
,,GÁLDAR,gran-canaria,gran-canaria,,,not_available,https://www.sanidad.gob.es/estadEstudios/estadisticas/docs/siap/2026_C_Catal_Centros_AP.xlsx,2025-12-31,NEEDS_VALIDATION,false,Nomenclatura vigente en Catálogo AP 2026; código estable y polígono no publicados.
,,INGENIO,gran-canaria,gran-canaria,,,not_available,https://www.sanidad.gob.es/estadEstudios/estadisticas/docs/siap/2026_C_Catal_Centros_AP.xlsx,2025-12-31,NEEDS_VALIDATION,false,Nomenclatura vigente en Catálogo AP 2026; código estable y polígono no publicados.
,,JINÁMAR,gran-canaria,gran-canaria,,,not_available,https://www.sanidad.gob.es/estadEstudios/estadisticas/docs/siap/2026_C_Catal_Centros_AP.xlsx,2025-12-31,NEEDS_VALIDATION,false,Nomenclatura vigente en Catálogo AP 2026; código estable y polígono no publicados.
,,LA ISLETA,gran-canaria,gran-canaria,,,not_available,https://www.sanidad.gob.es/estadEstudios/estadisticas/docs/siap/2026_C_Catal_Centros_AP.xlsx,2025-12-31,NEEDS_VALIDATION,false,Nomenclatura vigente en Catálogo AP 2026; código estable y polígono no publicados.
,,LAS REMUDAS,gran-canaria,gran-canaria,,,not_available,https://www.sanidad.gob.es/estadEstudios/estadisticas/docs/siap/2026_C_Catal_Centros_AP.xlsx,2025-12-31,NEEDS_VALIDATION,false,Nomenclatura vigente en Catálogo AP 2026; código estable y polígono no publicados.
,,MASPALOMAS,gran-canaria,gran-canaria,,,not_available,https://www.sanidad.gob.es/estadEstudios/estadisticas/docs/siap/2026_C_Catal_Centros_AP.xlsx,2025-12-31,NEEDS_VALIDATION,false,Nomenclatura vigente en Catálogo AP 2026; código estable y polígono no publicados.
,,MILLER BAJO,gran-canaria,gran-canaria,,,not_available,https://www.sanidad.gob.es/estadEstudios/estadisticas/docs/siap/2026_C_Catal_Centros_AP.xlsx,2025-12-31,NEEDS_VALIDATION,false,Nomenclatura vigente en Catálogo AP 2026; código estable y polígono no publicados.
,,MOGÁN,gran-canaria,gran-canaria,,,not_available,https://www.sanidad.gob.es/estadEstudios/estadisticas/docs/siap/2026_C_Catal_Centros_AP.xlsx,2025-12-31,NEEDS_VALIDATION,false,Nomenclatura vigente en Catálogo AP 2026; código estable y polígono no publicados.
,,MOYA,gran-canaria,gran-canaria,,,not_available,https://www.sanidad.gob.es/estadEstudios/estadisticas/docs/siap/2026_C_Catal_Centros_AP.xlsx,2025-12-31,NEEDS_VALIDATION,false,Nomenclatura vigente en Catálogo AP 2026; código estable y polígono no publicados.
,,SAN BARTOLOMÉ DE TIRAJANA,gran-canaria,gran-canaria,,,not_available,https://www.sanidad.gob.es/estadEstudios/estadisticas/docs/siap/2026_C_Catal_Centros_AP.xlsx,2025-12-31,NEEDS_VALIDATION,false,Nomenclatura vigente en Catálogo AP 2026; código estable y polígono no publicados.
,,SAN JOSÉ (SAN CRISTOBAL),gran-canaria,gran-canaria,,,not_available,https://www.sanidad.gob.es/estadEstudios/estadisticas/docs/siap/2026_C_Catal_Centros_AP.xlsx,2025-12-31,NEEDS_VALIDATION,false,Nomenclatura vigente en Catálogo AP 2026; código estable y polígono no publicados.
,,SAN MATEO,gran-canaria,gran-canaria,,,not_available,https://www.sanidad.gob.es/estadEstudios/estadisticas/docs/siap/2026_C_Catal_Centros_AP.xlsx,2025-12-31,NEEDS_VALIDATION,false,Nomenclatura vigente en Catálogo AP 2026; código estable y polígono no publicados.
,,SAN NICOLÁS DE TOLENTINO,gran-canaria,gran-canaria,,,not_available,https://www.sanidad.gob.es/estadEstudios/estadisticas/docs/siap/2026_C_Catal_Centros_AP.xlsx,2025-12-31,NEEDS_VALIDATION,false,Nomenclatura vigente en Catálogo AP 2026; código estable y polígono no publicados.
,,SAN ROQUE,gran-canaria,gran-canaria,,,not_available,https://www.sanidad.gob.es/estadEstudios/estadisticas/docs/siap/2026_C_Catal_Centros_AP.xlsx,2025-12-31,NEEDS_VALIDATION,false,Nomenclatura vigente en Catálogo AP 2026; código estable y polígono no publicados.
,,SANTA BRÍGIDA,gran-canaria,gran-canaria,,,not_available,https://www.sanidad.gob.es/estadEstudios/estadisticas/docs/siap/2026_C_Catal_Centros_AP.xlsx,2025-12-31,NEEDS_VALIDATION,false,Nomenclatura vigente en Catálogo AP 2026; código estable y polígono no publicados.
,,SCHAMANN,gran-canaria,gran-canaria,,,not_available,https://www.sanidad.gob.es/estadEstudios/estadisticas/docs/siap/2026_C_Catal_Centros_AP.xlsx,2025-12-31,NEEDS_VALIDATION,false,Nomenclatura vigente en Catálogo AP 2026; código estable y polígono no publicados.
,,STA Mª DE GUÍA,gran-canaria,gran-canaria,,,not_available,https://www.sanidad.gob.es/estadEstudios/estadisticas/docs/siap/2026_C_Catal_Centros_AP.xlsx,2025-12-31,NEEDS_VALIDATION,false,Nomenclatura vigente en Catálogo AP 2026; código estable y polígono no publicados.
,,TAFIRA / LOMO BLANCO,gran-canaria,gran-canaria,,,not_available,https://www.sanidad.gob.es/estadEstudios/estadisticas/docs/siap/2026_C_Catal_Centros_AP.xlsx,2025-12-31,NEEDS_VALIDATION,false,Nomenclatura vigente en Catálogo AP 2026; código estable y polígono no publicados.
,,TAMARACEITE,gran-canaria,gran-canaria,,,not_available,https://www.sanidad.gob.es/estadEstudios/estadisticas/docs/siap/2026_C_Catal_Centros_AP.xlsx,2025-12-31,NEEDS_VALIDATION,false,Nomenclatura vigente en Catálogo AP 2026; código estable y polígono no publicados.
,,TEJEDA,gran-canaria,gran-canaria,,,not_available,https://www.sanidad.gob.es/estadEstudios/estadisticas/docs/siap/2026_C_Catal_Centros_AP.xlsx,2025-12-31,NEEDS_VALIDATION,false,Nomenclatura vigente en Catálogo AP 2026; código estable y polígono no publicados.
,,TELDE-CALERO,gran-canaria,gran-canaria,,,not_available,https://www.sanidad.gob.es/estadEstudios/estadisticas/docs/siap/2026_C_Catal_Centros_AP.xlsx,2025-12-31,NEEDS_VALIDATION,false,Nomenclatura vigente en Catálogo AP 2026; código estable y polígono no publicados.
,,TELDE-SAN GREGORIO,gran-canaria,gran-canaria,,,not_available,https://www.sanidad.gob.es/estadEstudios/estadisticas/docs/siap/2026_C_Catal_Centros_AP.xlsx,2025-12-31,NEEDS_VALIDATION,false,Nomenclatura vigente en Catálogo AP 2026; código estable y polígono no publicados.
,,TELDE-SAN JUAN,gran-canaria,gran-canaria,,,not_available,https://www.sanidad.gob.es/estadEstudios/estadisticas/docs/siap/2026_C_Catal_Centros_AP.xlsx,2025-12-31,NEEDS_VALIDATION,false,Nomenclatura vigente en Catálogo AP 2026; código estable y polígono no publicados.
,,TEROR,gran-canaria,gran-canaria,,,not_available,https://www.sanidad.gob.es/estadEstudios/estadisticas/docs/siap/2026_C_Catal_Centros_AP.xlsx,2025-12-31,NEEDS_VALIDATION,false,Nomenclatura vigente en Catálogo AP 2026; código estable y polígono no publicados.
,,TRIANA,gran-canaria,gran-canaria,,,not_available,https://www.sanidad.gob.es/estadEstudios/estadisticas/docs/siap/2026_C_Catal_Centros_AP.xlsx,2025-12-31,NEEDS_VALIDATION,false,Nomenclatura vigente en Catálogo AP 2026; código estable y polígono no publicados.
,,VALLESECO,gran-canaria,gran-canaria,,,not_available,https://www.sanidad.gob.es/estadEstudios/estadisticas/docs/siap/2026_C_Catal_Centros_AP.xlsx,2025-12-31,NEEDS_VALIDATION,false,Nomenclatura vigente en Catálogo AP 2026; código estable y polígono no publicados.
,,VALSEQUILLO,gran-canaria,gran-canaria,,,not_available,https://www.sanidad.gob.es/estadEstudios/estadisticas/docs/siap/2026_C_Catal_Centros_AP.xlsx,2025-12-31,NEEDS_VALIDATION,false,Nomenclatura vigente en Catálogo AP 2026; código estable y polígono no publicados.
,,VECINDARIO,gran-canaria,gran-canaria,,,not_available,https://www.sanidad.gob.es/estadEstudios/estadisticas/docs/siap/2026_C_Catal_Centros_AP.xlsx,2025-12-31,NEEDS_VALIDATION,false,Nomenclatura vigente en Catálogo AP 2026; código estable y polígono no publicados.
,,ALAJERÓ,la-gomera,la-gomera,,,not_available,https://www.sanidad.gob.es/estadEstudios/estadisticas/docs/siap/2026_C_Catal_Centros_AP.xlsx,2025-12-31,NEEDS_VALIDATION,false,Nomenclatura vigente en Catálogo AP 2026; código estable y polígono no publicados.
,,MULAGUA,la-gomera,la-gomera,,,not_available,https://www.sanidad.gob.es/estadEstudios/estadisticas/docs/siap/2026_C_Catal_Centros_AP.xlsx,2025-12-31,NEEDS_VALIDATION,false,Nomenclatura vigente en Catálogo AP 2026; código estable y polígono no publicados.
,,SAN SEBASTIÁN DE LA GOMERA,la-gomera,la-gomera,,,not_available,https://www.sanidad.gob.es/estadEstudios/estadisticas/docs/siap/2026_C_Catal_Centros_AP.xlsx,2025-12-31,NEEDS_VALIDATION,false,Nomenclatura vigente en Catálogo AP 2026; código estable y polígono no publicados.
,,VALLE GRAN REY,la-gomera,la-gomera,,,not_available,https://www.sanidad.gob.es/estadEstudios/estadisticas/docs/siap/2026_C_Catal_Centros_AP.xlsx,2025-12-31,NEEDS_VALIDATION,false,Nomenclatura vigente en Catálogo AP 2026; código estable y polígono no publicados.
,,VALLEHERMOSO,la-gomera,la-gomera,,,not_available,https://www.sanidad.gob.es/estadEstudios/estadisticas/docs/siap/2026_C_Catal_Centros_AP.xlsx,2025-12-31,NEEDS_VALIDATION,false,Nomenclatura vigente en Catálogo AP 2026; código estable y polígono no publicados.
,,EL PASO,la-palma,la-palma,,,not_available,https://www.sanidad.gob.es/estadEstudios/estadisticas/docs/siap/2026_C_Catal_Centros_AP.xlsx,2025-12-31,NEEDS_VALIDATION,false,Nomenclatura vigente en Catálogo AP 2026; código estable y polígono no publicados.
,,GARAFÍA,la-palma,la-palma,,,not_available,https://www.sanidad.gob.es/estadEstudios/estadisticas/docs/siap/2026_C_Catal_Centros_AP.xlsx,2025-12-31,NEEDS_VALIDATION,false,Nomenclatura vigente en Catálogo AP 2026; código estable y polígono no publicados.
,,LAS BREÑAS,la-palma,la-palma,,,not_available,https://www.sanidad.gob.es/estadEstudios/estadisticas/docs/siap/2026_C_Catal_Centros_AP.xlsx,2025-12-31,NEEDS_VALIDATION,false,Nomenclatura vigente en Catálogo AP 2026; código estable y polígono no publicados.
,,LOS LLANOS DE ARIDANE,la-palma,la-palma,,,not_available,https://www.sanidad.gob.es/estadEstudios/estadisticas/docs/siap/2026_C_Catal_Centros_AP.xlsx,2025-12-31,NEEDS_VALIDATION,false,Nomenclatura vigente en Catálogo AP 2026; código estable y polígono no publicados.
,,MAZO,la-palma,la-palma,,,not_available,https://www.sanidad.gob.es/estadEstudios/estadisticas/docs/siap/2026_C_Catal_Centros_AP.xlsx,2025-12-31,NEEDS_VALIDATION,false,Nomenclatura vigente en Catálogo AP 2026; código estable y polígono no publicados.
,,SAN ANDRÉS Y SAUCES,la-palma,la-palma,,,not_available,https://www.sanidad.gob.es/estadEstudios/estadisticas/docs/siap/2026_C_Catal_Centros_AP.xlsx,2025-12-31,NEEDS_VALIDATION,false,Nomenclatura vigente en Catálogo AP 2026; código estable y polígono no publicados.
,,SANTA CRUZ DE LA PALMA,la-palma,la-palma,,,not_available,https://www.sanidad.gob.es/estadEstudios/estadisticas/docs/siap/2026_C_Catal_Centros_AP.xlsx,2025-12-31,NEEDS_VALIDATION,false,Nomenclatura vigente en Catálogo AP 2026; código estable y polígono no publicados.
,,TAZACORTE,la-palma,la-palma,,,not_available,https://www.sanidad.gob.es/estadEstudios/estadisticas/docs/siap/2026_C_Catal_Centros_AP.xlsx,2025-12-31,NEEDS_VALIDATION,false,Nomenclatura vigente en Catálogo AP 2026; código estable y polígono no publicados.
,,TIJARAFE,la-palma,la-palma,,,not_available,https://www.sanidad.gob.es/estadEstudios/estadisticas/docs/siap/2026_C_Catal_Centros_AP.xlsx,2025-12-31,NEEDS_VALIDATION,false,Nomenclatura vigente en Catálogo AP 2026; código estable y polígono no publicados.
,,ARRECIFE I,lanzarote,lanzarote,,,not_available,https://www.sanidad.gob.es/estadEstudios/estadisticas/docs/siap/2026_C_Catal_Centros_AP.xlsx,2025-12-31,NEEDS_VALIDATION,false,Nomenclatura vigente en Catálogo AP 2026; código estable y polígono no publicados.
,,ARRECIFE II,lanzarote,lanzarote,,,not_available,https://www.sanidad.gob.es/estadEstudios/estadisticas/docs/siap/2026_C_Catal_Centros_AP.xlsx,2025-12-31,NEEDS_VALIDATION,false,Nomenclatura vigente en Catálogo AP 2026; código estable y polígono no publicados.
,,MALA,lanzarote,lanzarote,,,not_available,https://www.sanidad.gob.es/estadEstudios/estadisticas/docs/siap/2026_C_Catal_Centros_AP.xlsx,2025-12-31,NEEDS_VALIDATION,false,Nomenclatura vigente en Catálogo AP 2026; código estable y polígono no publicados.
,,PLAYA BLANCA / YAIZA,lanzarote,lanzarote,,,not_available,https://www.sanidad.gob.es/estadEstudios/estadisticas/docs/siap/2026_C_Catal_Centros_AP.xlsx,2025-12-31,NEEDS_VALIDATION,false,Nomenclatura vigente en Catálogo AP 2026; código estable y polígono no publicados.
,,SAN BARTOLOMÉ LANZAROTE,lanzarote,lanzarote,,,not_available,https://www.sanidad.gob.es/estadEstudios/estadisticas/docs/siap/2026_C_Catal_Centros_AP.xlsx,2025-12-31,NEEDS_VALIDATION,false,Nomenclatura vigente en Catálogo AP 2026; código estable y polígono no publicados.
,,TEGUISE,lanzarote,lanzarote,,,not_available,https://www.sanidad.gob.es/estadEstudios/estadisticas/docs/siap/2026_C_Catal_Centros_AP.xlsx,2025-12-31,NEEDS_VALIDATION,false,Nomenclatura vigente en Catálogo AP 2026; código estable y polígono no publicados.
,,TÍAS,lanzarote,lanzarote,,,not_available,https://www.sanidad.gob.es/estadEstudios/estadisticas/docs/siap/2026_C_Catal_Centros_AP.xlsx,2025-12-31,NEEDS_VALIDATION,false,Nomenclatura vigente en Catálogo AP 2026; código estable y polígono no publicados.
,,ADEJE,tenerife,tenerife,,,not_available,https://www.sanidad.gob.es/estadEstudios/estadisticas/docs/siap/2026_C_Catal_Centros_AP.xlsx,2025-12-31,NEEDS_VALIDATION,false,Nomenclatura vigente en Catálogo AP 2026; código estable y polígono no publicados.
,,ANAGA,tenerife,tenerife,,,not_available,https://www.sanidad.gob.es/estadEstudios/estadisticas/docs/siap/2026_C_Catal_Centros_AP.xlsx,2025-12-31,NEEDS_VALIDATION,false,Nomenclatura vigente en Catálogo AP 2026; código estable y polígono no publicados.
,,ARICO,tenerife,tenerife,,,not_available,https://www.sanidad.gob.es/estadEstudios/estadisticas/docs/siap/2026_C_Catal_Centros_AP.xlsx,2025-12-31,NEEDS_VALIDATION,false,Nomenclatura vigente en Catálogo AP 2026; código estable y polígono no publicados.
,,ARONA - VILAFLOR,tenerife,tenerife,,,not_available,https://www.sanidad.gob.es/estadEstudios/estadisticas/docs/siap/2026_C_Catal_Centros_AP.xlsx,2025-12-31,NEEDS_VALIDATION,false,Nomenclatura vigente en Catálogo AP 2026; código estable y polígono no publicados.
,,ARONA COSTA I,tenerife,tenerife,,,not_available,https://www.sanidad.gob.es/estadEstudios/estadisticas/docs/siap/2026_C_Catal_Centros_AP.xlsx,2025-12-31,NEEDS_VALIDATION,false,Nomenclatura vigente en Catálogo AP 2026; código estable y polígono no publicados.
,,ARONA COSTA II,tenerife,tenerife,,,not_available,https://www.sanidad.gob.es/estadEstudios/estadisticas/docs/siap/2026_C_Catal_Centros_AP.xlsx,2025-12-31,NEEDS_VALIDATION,false,Nomenclatura vigente en Catálogo AP 2026; código estable y polígono no publicados.
,,AÑAZA,tenerife,tenerife,,,not_available,https://www.sanidad.gob.es/estadEstudios/estadisticas/docs/siap/2026_C_Catal_Centros_AP.xlsx,2025-12-31,NEEDS_VALIDATION,false,Nomenclatura vigente en Catálogo AP 2026; código estable y polígono no publicados.
,,BARRANCO GRANDE,tenerife,tenerife,,,not_available,https://www.sanidad.gob.es/estadEstudios/estadisticas/docs/siap/2026_C_Catal_Centros_AP.xlsx,2025-12-31,NEEDS_VALIDATION,false,Nomenclatura vigente en Catálogo AP 2026; código estable y polígono no publicados.
,,BARRIO DE LA SALUD - SALAMANCA,tenerife,tenerife,,,not_available,https://www.sanidad.gob.es/estadEstudios/estadisticas/docs/siap/2026_C_Catal_Centros_AP.xlsx,2025-12-31,NEEDS_VALIDATION,false,Nomenclatura vigente en Catálogo AP 2026; código estable y polígono no publicados.
,,CANDELARIA,tenerife,tenerife,,,not_available,https://www.sanidad.gob.es/estadEstudios/estadisticas/docs/siap/2026_C_Catal_Centros_AP.xlsx,2025-12-31,NEEDS_VALIDATION,false,Nomenclatura vigente en Catálogo AP 2026; código estable y polígono no publicados.
,,DUGGI - CENTRO - PARQUE MARÍTIMO,tenerife,tenerife,,,not_available,https://www.sanidad.gob.es/estadEstudios/estadisticas/docs/siap/2026_C_Catal_Centros_AP.xlsx,2025-12-31,NEEDS_VALIDATION,false,Nomenclatura vigente en Catálogo AP 2026; código estable y polígono no publicados.
,,EL ROSARIO - SAN ISIDRO,tenerife,tenerife,,,not_available,https://www.sanidad.gob.es/estadEstudios/estadisticas/docs/siap/2026_C_Catal_Centros_AP.xlsx,2025-12-31,NEEDS_VALIDATION,false,Nomenclatura vigente en Catálogo AP 2026; código estable y polígono no publicados.
,,GRANADILLA,tenerife,tenerife,,,not_available,https://www.sanidad.gob.es/estadEstudios/estadisticas/docs/siap/2026_C_Catal_Centros_AP.xlsx,2025-12-31,NEEDS_VALIDATION,false,Nomenclatura vigente en Catálogo AP 2026; código estable y polígono no publicados.
,,GUÍA DE ISORA,tenerife,tenerife,,,not_available,https://www.sanidad.gob.es/estadEstudios/estadisticas/docs/siap/2026_C_Catal_Centros_AP.xlsx,2025-12-31,NEEDS_VALIDATION,false,Nomenclatura vigente en Catálogo AP 2026; código estable y polígono no publicados.
,,GÜÍMAR,tenerife,tenerife,,,not_available,https://www.sanidad.gob.es/estadEstudios/estadisticas/docs/siap/2026_C_Catal_Centros_AP.xlsx,2025-12-31,NEEDS_VALIDATION,false,Nomenclatura vigente en Catálogo AP 2026; código estable y polígono no publicados.
,,ICOD,tenerife,tenerife,,,not_available,https://www.sanidad.gob.es/estadEstudios/estadisticas/docs/siap/2026_C_Catal_Centros_AP.xlsx,2025-12-31,NEEDS_VALIDATION,false,Nomenclatura vigente en Catálogo AP 2026; código estable y polígono no publicados.
,,LA CUESTA,tenerife,tenerife,,,not_available,https://www.sanidad.gob.es/estadEstudios/estadisticas/docs/siap/2026_C_Catal_Centros_AP.xlsx,2025-12-31,NEEDS_VALIDATION,false,Nomenclatura vigente en Catálogo AP 2026; código estable y polígono no publicados.
,,LA GUANCHA,tenerife,tenerife,,,not_available,https://www.sanidad.gob.es/estadEstudios/estadisticas/docs/siap/2026_C_Catal_Centros_AP.xlsx,2025-12-31,NEEDS_VALIDATION,false,Nomenclatura vigente en Catálogo AP 2026; código estable y polígono no publicados.
,,LA MATANZA,tenerife,tenerife,,,not_available,https://www.sanidad.gob.es/estadEstudios/estadisticas/docs/siap/2026_C_Catal_Centros_AP.xlsx,2025-12-31,NEEDS_VALIDATION,false,Nomenclatura vigente en Catálogo AP 2026; código estable y polígono no publicados.
,,LA VERA,tenerife,tenerife,,,not_available,https://www.sanidad.gob.es/estadEstudios/estadisticas/docs/siap/2026_C_Catal_Centros_AP.xlsx,2025-12-31,NEEDS_VALIDATION,false,Nomenclatura vigente en Catálogo AP 2026; código estable y polígono no publicados.
,,LA VICTORIA,tenerife,tenerife,,,not_available,https://www.sanidad.gob.es/estadEstudios/estadisticas/docs/siap/2026_C_Catal_Centros_AP.xlsx,2025-12-31,NEEDS_VALIDATION,false,Nomenclatura vigente en Catálogo AP 2026; código estable y polígono no publicados.
,,LAGUNA FINCA-ESPAÑA,tenerife,tenerife,,,not_available,https://www.sanidad.gob.es/estadEstudios/estadisticas/docs/siap/2026_C_Catal_Centros_AP.xlsx,2025-12-31,NEEDS_VALIDATION,false,Nomenclatura vigente en Catálogo AP 2026; código estable y polígono no publicados.
,,LAS MERCEDES,tenerife,tenerife,,,not_available,https://www.sanidad.gob.es/estadEstudios/estadisticas/docs/siap/2026_C_Catal_Centros_AP.xlsx,2025-12-31,NEEDS_VALIDATION,false,Nomenclatura vigente en Catálogo AP 2026; código estable y polígono no publicados.
,,LOS GLADIOLOS,tenerife,tenerife,,,not_available,https://www.sanidad.gob.es/estadEstudios/estadisticas/docs/siap/2026_C_Catal_Centros_AP.xlsx,2025-12-31,NEEDS_VALIDATION,false,Nomenclatura vigente en Catálogo AP 2026; código estable y polígono no publicados.
,,LOS REALEJOS,tenerife,tenerife,,,not_available,https://www.sanidad.gob.es/estadEstudios/estadisticas/docs/siap/2026_C_Catal_Centros_AP.xlsx,2025-12-31,NEEDS_VALIDATION,false,Nomenclatura vigente en Catálogo AP 2026; código estable y polígono no publicados.
,,LOS SILOS,tenerife,tenerife,,,not_available,https://www.sanidad.gob.es/estadEstudios/estadisticas/docs/siap/2026_C_Catal_Centros_AP.xlsx,2025-12-31,NEEDS_VALIDATION,false,Nomenclatura vigente en Catálogo AP 2026; código estable y polígono no publicados.
,,OFRA - DELICIAS,tenerife,tenerife,,,not_available,https://www.sanidad.gob.es/estadEstudios/estadisticas/docs/siap/2026_C_Catal_Centros_AP.xlsx,2025-12-31,NEEDS_VALIDATION,false,Nomenclatura vigente en Catálogo AP 2026; código estable y polígono no publicados.
,,OFRA - MIRAMAR,tenerife,tenerife,,,not_available,https://www.sanidad.gob.es/estadEstudios/estadisticas/docs/siap/2026_C_Catal_Centros_AP.xlsx,2025-12-31,NEEDS_VALIDATION,false,Nomenclatura vigente en Catálogo AP 2026; código estable y polígono no publicados.
,,OROTAVA II - DEHESA,tenerife,tenerife,,,not_available,https://www.sanidad.gob.es/estadEstudios/estadisticas/docs/siap/2026_C_Catal_Centros_AP.xlsx,2025-12-31,NEEDS_VALIDATION,false,Nomenclatura vigente en Catálogo AP 2026; código estable y polígono no publicados.
,,PUERTO II - BOTÁNICO,tenerife,tenerife,,,not_available,https://www.sanidad.gob.es/estadEstudios/estadisticas/docs/siap/2026_C_Catal_Centros_AP.xlsx,2025-12-31,NEEDS_VALIDATION,false,Nomenclatura vigente en Catálogo AP 2026; código estable y polígono no publicados.
,,ROSARIO - GENETO,tenerife,tenerife,,,not_available,https://www.sanidad.gob.es/estadEstudios/estadisticas/docs/siap/2026_C_Catal_Centros_AP.xlsx,2025-12-31,NEEDS_VALIDATION,false,Nomenclatura vigente en Catálogo AP 2026; código estable y polígono no publicados.
,,SAN ANTONIO,tenerife,tenerife,,,not_available,https://www.sanidad.gob.es/estadEstudios/estadisticas/docs/siap/2026_C_Catal_Centros_AP.xlsx,2025-12-31,NEEDS_VALIDATION,false,Nomenclatura vigente en Catálogo AP 2026; código estable y polígono no publicados.
,,SANTA ÚRSULA,tenerife,tenerife,,,not_available,https://www.sanidad.gob.es/estadEstudios/estadisticas/docs/siap/2026_C_Catal_Centros_AP.xlsx,2025-12-31,NEEDS_VALIDATION,false,Nomenclatura vigente en Catálogo AP 2026; código estable y polígono no publicados.
,,SANTIAGO DEL TEIDE,tenerife,tenerife,,,not_available,https://www.sanidad.gob.es/estadEstudios/estadisticas/docs/siap/2026_C_Catal_Centros_AP.xlsx,2025-12-31,NEEDS_VALIDATION,false,Nomenclatura vigente en Catálogo AP 2026; código estable y polígono no publicados.
,,TACO,tenerife,tenerife,,,not_available,https://www.sanidad.gob.es/estadEstudios/estadisticas/docs/siap/2026_C_Catal_Centros_AP.xlsx,2025-12-31,NEEDS_VALIDATION,false,Nomenclatura vigente en Catálogo AP 2026; código estable y polígono no publicados.
,,TACORONTE,tenerife,tenerife,,,not_available,https://www.sanidad.gob.es/estadEstudios/estadisticas/docs/siap/2026_C_Catal_Centros_AP.xlsx,2025-12-31,NEEDS_VALIDATION,false,Nomenclatura vigente en Catálogo AP 2026; código estable y polígono no publicados.
,,TEJINA - TEGUESTE,tenerife,tenerife,,,not_available,https://www.sanidad.gob.es/estadEstudios/estadisticas/docs/siap/2026_C_Catal_Centros_AP.xlsx,2025-12-31,NEEDS_VALIDATION,false,Nomenclatura vigente en Catálogo AP 2026; código estable y polígono no publicados.
,,TOSCAL - CENTRO,tenerife,tenerife,,,not_available,https://www.sanidad.gob.es/estadEstudios/estadisticas/docs/siap/2026_C_Catal_Centros_AP.xlsx,2025-12-31,NEEDS_VALIDATION,false,Nomenclatura vigente en Catálogo AP 2026; código estable y polígono no publicados.
