case_id,island_id,case_type,engine,executed_at,request_sent,route_status,duration_seconds,distance_metres,origin_snap_metres,destination_snap_metres,http_status,latency_ms,engine_code,error
el-hierro-urban,el-hierro,urban,osrm-local-5.27.1,2026-09-27T15:33:35.949220+00:00,true,routed,48.3,499,11.7,5.7,200,18,Ok,
el-hierro-rural,el-hierro,rural,osrm-local-5.27.1,2026-09-27T15:33:35.968115+00:00,true,routed,2472.9,35604,7.1,4.1,200,12,Ok,
el-hierro-extreme,el-hierro,extreme,osrm-local-5.27.1,2026-09-27T15:33:35.979889+00:00,true,routed,2421.1,35389,17.9,4.1,200,8,Ok,
el-hierro-reverse,el-hierro,reverse,osrm-local-5.27.1,2026-09-27T15:33:35.988320+00:00,true,routed,2354.3,34136,4.1,17.9,200,8,Ok,
el-hierro-no_route,el-hierro,no_route,osrm-local-5.27.1,2026-09-27T15:33:35.996774+00:00,false,no_route,,,,,,,preflight_guard,cross_island_topology_guard
la-gomera-urban,la-gomera,urban,osrm-local-5.27.1,2026-09-27T15:33:35.996790+00:00,true,routed,1546.8,19075,13.7,12.0,200,9,Ok,
la-gomera-rural,la-gomera,rural,osrm-local-5.27.1,2026-09-27T15:33:36.006002+00:00,true,routed,2009.6,26664,55.5,12.0,200,9,Ok,
la-gomera-extreme,la-gomera,extreme,osrm-local-5.27.1,2026-09-27T15:33:36.014771+00:00,true,routed,2176.1,27935,17.1,12.0,200,8,Ok,
la-gomera-reverse,la-gomera,reverse,osrm-local-5.27.1,2026-09-27T15:33:36.022876+00:00,true,routed,2166.9,27916,12.0,17.1,200,8,Ok,
la-gomera-no_route,la-gomera,no_route,osrm-local-5.27.1,2026-09-27T15:33:36.031092+00:00,false,no_route,,,,,,,preflight_guard,cross_island_topology_guard
la-palma-urban,la-palma,urban,osrm-local-5.27.1,2026-09-27T15:33:36.031114+00:00,true,routed,419.9,2564,46.0,14.5,200,9,Ok,
la-palma-rural,la-palma,rural,osrm-local-5.27.1,2026-09-27T15:33:36.040592+00:00,true,routed,1741.9,26285,78.6,6.0,200,11,Ok,
la-palma-extreme,la-palma,extreme,osrm-local-5.27.1,2026-09-27T15:33:36.051258+00:00,true,routed,2505.1,29676,149.3,6.8,200,10,Ok,
la-palma-reverse,la-palma,reverse,osrm-local-5.27.1,2026-09-27T15:33:36.061365+00:00,true,routed,2429.4,29286,6.8,149.3,200,9,Ok,
la-palma-no_route,la-palma,no_route,osrm-local-5.27.1,2026-09-27T15:33:36.070180+00:00,false,no_route,,,,,,,preflight_guard,cross_island_topology_guard
tenerife-urban,tenerife,urban,osrm-local-5.27.1,2026-09-27T15:33:36.070200+00:00,true,routed,37.9,189,11.6,0.1,200,8,Ok,
tenerife-rural,tenerife,rural,osrm-local-5.27.1,2026-09-27T15:33:36.078241+00:00,true,routed,1237.6,19028,19.2,3.2,200,9,Ok,
tenerife-extreme,tenerife,extreme,osrm-local-5.27.1,2026-09-27T15:33:36.087247+00:00,true,routed,1170.6,19128,57.3,3.2,200,8,Ok,
tenerife-reverse,tenerife,reverse,osrm-local-5.27.1,2026-09-27T15:33:36.095350+00:00,true,routed,1171.6,19128,3.2,57.3,200,8,Ok,
tenerife-no_route,tenerife,no_route,osrm-local-5.27.1,2026-09-27T15:33:36.103685+00:00,false,no_route,,,,,,,preflight_guard,cross_island_topology_guard
gran-canaria-urban,gran-canaria,urban,osrm-local-5.27.1,2026-09-27T15:33:36.103706+00:00,true,routed,88.7,451,27.8,2.5,200,8,Ok,
gran-canaria-rural,gran-canaria,rural,osrm-local-5.27.1,2026-09-27T15:33:36.111554+00:00,true,routed,2372.8,25705,4.0,26.8,200,9,Ok,
gran-canaria-extreme,gran-canaria,extreme,osrm-local-5.27.1,2026-09-27T15:33:36.120783+00:00,true,routed,2681.8,28520,19.3,26.8,200,9,Ok,
gran-canaria-reverse,gran-canaria,reverse,osrm-local-5.27.1,2026-09-27T15:33:36.129618+00:00,true,routed,2704.3,28630,26.8,19.3,200,8,Ok,
gran-canaria-no_route,gran-canaria,no_route,osrm-local-5.27.1,2026-09-27T15:33:36.137934+00:00,false,no_route,,,,,,,preflight_guard,cross_island_topology_guard
fuerteventura-urban,fuerteventura,urban,osrm-local-5.27.1,2026-09-27T15:33:36.137955+00:00,true,routed,245.8,4067,5.6,19.3,200,8,Ok,
fuerteventura-rural,fuerteventura,rural,osrm-local-5.27.1,2026-09-27T15:33:36.146438+00:00,true,routed,2088.2,31794,34.9,19.3,200,9,Ok,
fuerteventura-extreme,fuerteventura,extreme,osrm-local-5.27.1,2026-09-27T15:33:36.155342+00:00,true,routed,2072.1,34148,65.0,3.1,200,9,Ok,
fuerteventura-reverse,fuerteventura,reverse,osrm-local-5.27.1,2026-09-27T15:33:36.164614+00:00,true,routed,2048,34201,3.1,65.0,200,8,Ok,
fuerteventura-no_route,fuerteventura,no_route,osrm-local-5.27.1,2026-09-27T15:33:36.173120+00:00,false,no_route,,,,,,,preflight_guard,cross_island_topology_guard
lanzarote-urban,lanzarote,urban,osrm-local-5.27.1,2026-09-27T15:33:36.173137+00:00,true,routed,105.7,1237,3.5,2.3,200,8,Ok,
lanzarote-rural,lanzarote,rural,osrm-local-5.27.1,2026-09-27T15:33:36.181636+00:00,true,routed,1588.9,20176,1.0,169.2,200,8,Ok,
lanzarote-extreme,lanzarote,extreme,osrm-local-5.27.1,2026-09-27T15:33:36.190012+00:00,true,routed,1564.6,20090,39.1,169.2,200,8,Ok,
lanzarote-reverse,lanzarote,reverse,osrm-local-5.27.1,2026-09-27T15:33:36.197891+00:00,true,routed,1556.8,20016,169.2,39.1,200,8,Ok,
lanzarote-no_route,lanzarote,no_route,osrm-local-5.27.1,2026-09-27T15:33:36.205528+00:00,false,requires_interisland_transfer,,,,,,,preflight_guard,la_graciosa_sea_crossing
