source_id,source_url,dataset_version,checksum,retrieved_at,license_url,parser_version,indicator_id,indicator_label,reference_period,geography_level,geography_id,age_group_original,universe,value,unit,numerator,denominator,value_status,comparability_status,method_id,source_page
metabolic_screening,https://vsf-iwsold-pro-portal.sanidad.gob.es/areas/promocionPrevencion/cribado/cribadoNeonatal/enfermedadesEndocrinoMetabolicas/docs/informes/informeDeEvaluacionSICN_2024.pdf,SICN_PCNPT_2024,23902b0076921d3efc74ebf5ed228daba7228e8d30f994bb9a8d2bd84a297674,2026-09-28T16:45:00+01:00,https://www.sanidad.gob.es/avisoLegal/home.htm,phase6b-v1,newborns_in_ccaa,Recién nacidos registrados en la CCAA,2024,autonomous_community,canarias,Recién nacidos incluidos en el programa durante 2024,Programa de cribado neonatal en prueba de talón,11671,newborns,,,OBSERVED,ADMIT_WITH_LIMITATIONS,sicn_process_indicator_v1,21
metabolic_screening,https://vsf-iwsold-pro-portal.sanidad.gob.es/areas/promocionPrevencion/cribado/cribadoNeonatal/enfermedadesEndocrinoMetabolicas/docs/informes/informeDeEvaluacionSICN_2024.pdf,SICN_PCNPT_2024,23902b0076921d3efc74ebf5ed228daba7228e8d30f994bb9a8d2bd84a297674,2026-09-28T16:45:00+01:00,https://www.sanidad.gob.es/avisoLegal/home.htm,phase6b-v1,newborns_sampled,Recién nacidos con toma de muestra,2024,autonomous_community,canarias,Recién nacidos incluidos en el programa durante 2024,Programa de cribado neonatal en prueba de talón,11536,newborns,11536,11671,OBSERVED,ADMIT_WITH_LIMITATIONS,sicn_process_indicator_v1,21
metabolic_screening,https://vsf-iwsold-pro-portal.sanidad.gob.es/areas/promocionPrevencion/cribado/cribadoNeonatal/enfermedadesEndocrinoMetabolicas/docs/informes/informeDeEvaluacionSICN_2024.pdf,SICN_PCNPT_2024,23902b0076921d3efc74ebf5ed228daba7228e8d30f994bb9a8d2bd84a297674,2026-09-28T16:45:00+01:00,https://www.sanidad.gob.es/avisoLegal/home.htm,phase6b-v1,newborns_analyzed,Recién nacidos analizados,2024,autonomous_community,canarias,Recién nacidos incluidos en el programa durante 2024,Programa de cribado neonatal en prueba de talón,11536,newborns,11536,11671,OBSERVED,ADMIT_WITH_LIMITATIONS,sicn_process_indicator_v1,21
metabolic_screening,https://vsf-iwsold-pro-portal.sanidad.gob.es/areas/promocionPrevencion/cribado/cribadoNeonatal/enfermedadesEndocrinoMetabolicas/docs/informes/informeDeEvaluacionSICN_2024.pdf,SICN_PCNPT_2024,23902b0076921d3efc74ebf5ed228daba7228e8d30f994bb9a8d2bd84a297674,2026-09-28T16:45:00+01:00,https://www.sanidad.gob.es/avisoLegal/home.htm,phase6b-v1,participation,Participación en el cribado,2024,autonomous_community,canarias,Recién nacidos incluidos en el programa durante 2024,Programa de cribado neonatal en prueba de talón,98.8,percent,11536,11671,OBSERVED,ADMIT_WITH_LIMITATIONS,sicn_process_indicator_v1,21
metabolic_screening,https://vsf-iwsold-pro-portal.sanidad.gob.es/areas/promocionPrevencion/cribado/cribadoNeonatal/enfermedadesEndocrinoMetabolicas/docs/informes/informeDeEvaluacionSICN_2024.pdf,SICN_PCNPT_2024,23902b0076921d3efc74ebf5ed228daba7228e8d30f994bb9a8d2bd84a297674,2026-09-28T16:45:00+01:00,https://www.sanidad.gob.es/avisoLegal/home.htm,phase6b-v1,sample_collection_p50,Tiempo nacimiento-toma de muestra P50,2024,autonomous_community,canarias,Recién nacidos incluidos en el programa durante 2024,Programa de cribado neonatal en prueba de talón,48,hours,,,OBSERVED,ADMIT_WITH_LIMITATIONS,sicn_process_indicator_v1,21
metabolic_screening,https://vsf-iwsold-pro-portal.sanidad.gob.es/areas/promocionPrevencion/cribado/cribadoNeonatal/enfermedadesEndocrinoMetabolicas/docs/informes/informeDeEvaluacionSICN_2024.pdf,SICN_PCNPT_2024,23902b0076921d3efc74ebf5ed228daba7228e8d30f994bb9a8d2bd84a297674,2026-09-28T16:45:00+01:00,https://www.sanidad.gob.es/avisoLegal/home.htm,phase6b-v1,sample_collection_p95,Tiempo nacimiento-toma de muestra P95,2024,autonomous_community,canarias,Recién nacidos incluidos en el programa durante 2024,Programa de cribado neonatal en prueba de talón,48,hours,,,OBSERVED,ADMIT_WITH_LIMITATIONS,sicn_process_indicator_v1,21
metabolic_screening,https://vsf-iwsold-pro-portal.sanidad.gob.es/areas/promocionPrevencion/cribado/cribadoNeonatal/enfermedadesEndocrinoMetabolicas/docs/informes/informeDeEvaluacionSICN_2024.pdf,SICN_PCNPT_2024,23902b0076921d3efc74ebf5ed228daba7228e8d30f994bb9a8d2bd84a297674,2026-09-28T16:45:00+01:00,https://www.sanidad.gob.es/avisoLegal/home.htm,phase6b-v1,sample_collection_p99,Tiempo nacimiento-toma de muestra P99,2024,autonomous_community,canarias,Recién nacidos incluidos en el programa durante 2024,Programa de cribado neonatal en prueba de talón,72,hours,,,OBSERVED,ADMIT_WITH_LIMITATIONS,sicn_process_indicator_v1,21
metabolic_screening,https://vsf-iwsold-pro-portal.sanidad.gob.es/areas/promocionPrevencion/cribado/cribadoNeonatal/enfermedadesEndocrinoMetabolicas/docs/informes/informeDeEvaluacionSICN_2024.pdf,SICN_PCNPT_2024,23902b0076921d3efc74ebf5ed228daba7228e8d30f994bb9a8d2bd84a297674,2026-09-28T16:45:00+01:00,https://www.sanidad.gob.es/avisoLegal/home.htm,phase6b-v1,first_invalid_sample,Primeras muestras no válidas,2024,autonomous_community,canarias,Recién nacidos incluidos en el programa durante 2024,Programa de cribado neonatal en prueba de talón,1.3,percent,,11536,OBSERVED,ADMIT_WITH_LIMITATIONS,sicn_process_indicator_v1,21
metabolic_screening,https://vsf-iwsold-pro-portal.sanidad.gob.es/areas/promocionPrevencion/cribado/cribadoNeonatal/enfermedadesEndocrinoMetabolicas/docs/informes/informeDeEvaluacionSICN_2024.pdf,SICN_PCNPT_2024,23902b0076921d3efc74ebf5ed228daba7228e8d30f994bb9a8d2bd84a297674,2026-09-28T16:45:00+01:00,https://www.sanidad.gob.es/avisoLegal/home.htm,phase6b-v1,traceability,Trazabilidad del proceso,2024,autonomous_community,canarias,Recién nacidos incluidos en el programa durante 2024,Programa de cribado neonatal en prueba de talón,99.8,percent,,11536,OBSERVED,ADMIT_WITH_LIMITATIONS,sicn_process_indicator_v1,21
metabolic_screening,https://vsf-iwsold-pro-portal.sanidad.gob.es/areas/promocionPrevencion/cribado/cribadoNeonatal/enfermedadesEndocrinoMetabolicas/docs/informes/informeDeEvaluacionSICN_2024.pdf,SICN_PCNPT_2024,23902b0076921d3efc74ebf5ed228daba7228e8d30f994bb9a8d2bd84a297674,2026-09-28T16:45:00+01:00,https://www.sanidad.gob.es/avisoLegal/home.htm,phase6b-v1,sample_transport_p50,Tiempo toma-recepción en laboratorio P50,2024,autonomous_community,canarias,Recién nacidos incluidos en el programa durante 2024,Programa de cribado neonatal en prueba de talón,2,days,,,OBSERVED,ADMIT_WITH_LIMITATIONS,sicn_process_indicator_v1,29
metabolic_screening,https://vsf-iwsold-pro-portal.sanidad.gob.es/areas/promocionPrevencion/cribado/cribadoNeonatal/enfermedadesEndocrinoMetabolicas/docs/informes/informeDeEvaluacionSICN_2024.pdf,SICN_PCNPT_2024,23902b0076921d3efc74ebf5ed228daba7228e8d30f994bb9a8d2bd84a297674,2026-09-28T16:45:00+01:00,https://www.sanidad.gob.es/avisoLegal/home.htm,phase6b-v1,sample_transport_p95,Tiempo toma-recepción en laboratorio P95,2024,autonomous_community,canarias,Recién nacidos incluidos en el programa durante 2024,Programa de cribado neonatal en prueba de talón,4,days,,,OBSERVED,ADMIT_WITH_LIMITATIONS,sicn_process_indicator_v1,29
metabolic_screening,https://vsf-iwsold-pro-portal.sanidad.gob.es/areas/promocionPrevencion/cribado/cribadoNeonatal/enfermedadesEndocrinoMetabolicas/docs/informes/informeDeEvaluacionSICN_2024.pdf,SICN_PCNPT_2024,23902b0076921d3efc74ebf5ed228daba7228e8d30f994bb9a8d2bd84a297674,2026-09-28T16:45:00+01:00,https://www.sanidad.gob.es/avisoLegal/home.htm,phase6b-v1,sample_transport_p99,Tiempo toma-recepción en laboratorio P99,2024,autonomous_community,canarias,Recién nacidos incluidos en el programa durante 2024,Programa de cribado neonatal en prueba de talón,6,days,,,OBSERVED,ADMIT_WITH_LIMITATIONS,sicn_process_indicator_v1,29
