source_id,dataset_version,reference_period,geography_level,geography_id,age_group_original,sex,unit,value,numerator,denominator,value_status,comparability_status,method_id,source_url,publication_date,case_definition,indicator_id,cause_group_code,cause_group_name,window_start,window_end,suppressed,age_group_code
ISTAC:E30417A_000001,latest_audited_2026-09-28,2020-2024,island,el-hierro,1–4 años,total,deaths,0,0,,MULTIYEAR_AGGREGATE,ADMIT_WITH_LIMITATIONS,mortality_5y_small_numbers_v1,https://datos.canarias.es/api/estadisticas/statistical-resources/v1.0/datasets/ISTAC/E30417A_000001/~latest.csv,2026-09-24,Defunciones de residentes; grandes grupos CIE-10; ventana fija de cinco años.,deaths,I,I. Enfermedades infecciosas y parasitarias,2020,2024,false,Y1T4
ISTAC:E30417A_000001,latest_audited_2026-09-28,2020-2024,island,el-hierro,1–4 años,total,deaths,0,0,,MULTIYEAR_AGGREGATE,ADMIT_WITH_LIMITATIONS,mortality_5y_small_numbers_v1,https://datos.canarias.es/api/estadisticas/statistical-resources/v1.0/datasets/ISTAC/E30417A_000001/~latest.csv,2026-09-24,Defunciones de residentes; grandes grupos CIE-10; ventana fija de cinco años.,deaths,II,II. Tumores,2020,2024,false,Y1T4
ISTAC:E30417A_000001,latest_audited_2026-09-28,2020-2024,island,el-hierro,1–4 años,total,deaths,0,0,,MULTIYEAR_AGGREGATE,ADMIT_WITH_LIMITATIONS,mortality_5y_small_numbers_v1,https://datos.canarias.es/api/estadisticas/statistical-resources/v1.0/datasets/ISTAC/E30417A_000001/~latest.csv,2026-09-24,Defunciones de residentes; grandes grupos CIE-10; ventana fija de cinco años.,deaths,X,X. Enfermedades del sistema respiratorio,2020,2024,false,Y1T4
ISTAC:E30417A_000001,latest_audited_2026-09-28,2020-2024,island,el-hierro,1–4 años,total,deaths,0,0,,MULTIYEAR_AGGREGATE,ADMIT_WITH_LIMITATIONS,mortality_5y_small_numbers_v1,https://datos.canarias.es/api/estadisticas/statistical-resources/v1.0/datasets/ISTAC/E30417A_000001/~latest.csv,2026-09-24,Defunciones de residentes; grandes grupos CIE-10; ventana fija de cinco años.,deaths,XVI,XVI. Afecciones originadas en el periodo perinatal,2020,2024,false,Y1T4
ISTAC:E30417A_000001,latest_audited_2026-09-28,2020-2024,island,el-hierro,1–4 años,total,deaths,0,0,,MULTIYEAR_AGGREGATE,ADMIT_WITH_LIMITATIONS,mortality_5y_small_numbers_v1,https://datos.canarias.es/api/estadisticas/statistical-resources/v1.0/datasets/ISTAC/E30417A_000001/~latest.csv,2026-09-24,Defunciones de residentes; grandes grupos CIE-10; ventana fija de cinco años.,deaths,XVII,"XVII. Malformaciones congénitas, deformidades y anomalías cromosómicas",2020,2024,false,Y1T4
ISTAC:E30417A_000001,latest_audited_2026-09-28,2020-2024,island,el-hierro,1–4 años,total,deaths,0,0,,MULTIYEAR_AGGREGATE,ADMIT_WITH_LIMITATIONS,mortality_5y_small_numbers_v1,https://datos.canarias.es/api/estadisticas/statistical-resources/v1.0/datasets/ISTAC/E30417A_000001/~latest.csv,2026-09-24,Defunciones de residentes; grandes grupos CIE-10; ventana fija de cinco años.,deaths,XX,XX. Causas externas de mortalidad,2020,2024,false,Y1T4
ISTAC:E30417A_000001,latest_audited_2026-09-28,2020-2024,island,el-hierro,1–4 años,total,deaths,0,0,,MULTIYEAR_AGGREGATE,ADMIT_WITH_LIMITATIONS,mortality_5y_small_numbers_v1,https://datos.canarias.es/api/estadisticas/statistical-resources/v1.0/datasets/ISTAC/E30417A_000001/~latest.csv,2026-09-24,Defunciones de residentes; grandes grupos CIE-10; ventana fija de cinco años.,deaths,_T,Total,2020,2024,false,Y1T4
ISTAC:E30417A_000001,latest_audited_2026-09-28,2020-2024,island,el-hierro,5–14 años,total,deaths,0,0,,MULTIYEAR_AGGREGATE,ADMIT_WITH_LIMITATIONS,mortality_5y_small_numbers_v1,https://datos.canarias.es/api/estadisticas/statistical-resources/v1.0/datasets/ISTAC/E30417A_000001/~latest.csv,2026-09-24,Defunciones de residentes; grandes grupos CIE-10; ventana fija de cinco años.,deaths,I,I. Enfermedades infecciosas y parasitarias,2020,2024,false,Y5T14
ISTAC:E30417A_000001,latest_audited_2026-09-28,2020-2024,island,el-hierro,5–14 años,total,deaths,0,0,,MULTIYEAR_AGGREGATE,ADMIT_WITH_LIMITATIONS,mortality_5y_small_numbers_v1,https://datos.canarias.es/api/estadisticas/statistical-resources/v1.0/datasets/ISTAC/E30417A_000001/~latest.csv,2026-09-24,Defunciones de residentes; grandes grupos CIE-10; ventana fija de cinco años.,deaths,II,II. Tumores,2020,2024,false,Y5T14
ISTAC:E30417A_000001,latest_audited_2026-09-28,2020-2024,island,el-hierro,5–14 años,total,deaths,0,0,,MULTIYEAR_AGGREGATE,ADMIT_WITH_LIMITATIONS,mortality_5y_small_numbers_v1,https://datos.canarias.es/api/estadisticas/statistical-resources/v1.0/datasets/ISTAC/E30417A_000001/~latest.csv,2026-09-24,Defunciones de residentes; grandes grupos CIE-10; ventana fija de cinco años.,deaths,X,X. Enfermedades del sistema respiratorio,2020,2024,false,Y5T14
ISTAC:E30417A_000001,latest_audited_2026-09-28,2020-2024,island,el-hierro,5–14 años,total,deaths,0,0,,MULTIYEAR_AGGREGATE,ADMIT_WITH_LIMITATIONS,mortality_5y_small_numbers_v1,https://datos.canarias.es/api/estadisticas/statistical-resources/v1.0/datasets/ISTAC/E30417A_000001/~latest.csv,2026-09-24,Defunciones de residentes; grandes grupos CIE-10; ventana fija de cinco años.,deaths,XVI,XVI. Afecciones originadas en el periodo perinatal,2020,2024,false,Y5T14
ISTAC:E30417A_000001,latest_audited_2026-09-28,2020-2024,island,el-hierro,5–14 años,total,deaths,0,0,,MULTIYEAR_AGGREGATE,ADMIT_WITH_LIMITATIONS,mortality_5y_small_numbers_v1,https://datos.canarias.es/api/estadisticas/statistical-resources/v1.0/datasets/ISTAC/E30417A_000001/~latest.csv,2026-09-24,Defunciones de residentes; grandes grupos CIE-10; ventana fija de cinco años.,deaths,XVII,"XVII. Malformaciones congénitas, deformidades y anomalías cromosómicas",2020,2024,false,Y5T14
ISTAC:E30417A_000001,latest_audited_2026-09-28,2020-2024,island,el-hierro,5–14 años,total,deaths,0,0,,MULTIYEAR_AGGREGATE,ADMIT_WITH_LIMITATIONS,mortality_5y_small_numbers_v1,https://datos.canarias.es/api/estadisticas/statistical-resources/v1.0/datasets/ISTAC/E30417A_000001/~latest.csv,2026-09-24,Defunciones de residentes; grandes grupos CIE-10; ventana fija de cinco años.,deaths,XX,XX. Causas externas de mortalidad,2020,2024,false,Y5T14
ISTAC:E30417A_000001,latest_audited_2026-09-28,2020-2024,island,el-hierro,5–14 años,total,deaths,0,0,,MULTIYEAR_AGGREGATE,ADMIT_WITH_LIMITATIONS,mortality_5y_small_numbers_v1,https://datos.canarias.es/api/estadisticas/statistical-resources/v1.0/datasets/ISTAC/E30417A_000001/~latest.csv,2026-09-24,Defunciones de residentes; grandes grupos CIE-10; ventana fija de cinco años.,deaths,_T,Total,2020,2024,false,Y5T14
ISTAC:E30417A_000001,latest_audited_2026-09-28,2020-2024,island,el-hierro,<1 año,total,deaths,0,0,,MULTIYEAR_AGGREGATE,ADMIT_WITH_LIMITATIONS,mortality_5y_small_numbers_v1,https://datos.canarias.es/api/estadisticas/statistical-resources/v1.0/datasets/ISTAC/E30417A_000001/~latest.csv,2026-09-24,Defunciones de residentes; grandes grupos CIE-10; ventana fija de cinco años.,deaths,I,I. Enfermedades infecciosas y parasitarias,2020,2024,false,Y_LT1
ISTAC:E30417A_000001,latest_audited_2026-09-28,2020-2024,island,el-hierro,<1 año,total,deaths,0,0,,MULTIYEAR_AGGREGATE,ADMIT_WITH_LIMITATIONS,mortality_5y_small_numbers_v1,https://datos.canarias.es/api/estadisticas/statistical-resources/v1.0/datasets/ISTAC/E30417A_000001/~latest.csv,2026-09-24,Defunciones de residentes; grandes grupos CIE-10; ventana fija de cinco años.,deaths,II,II. Tumores,2020,2024,false,Y_LT1
ISTAC:E30417A_000001,latest_audited_2026-09-28,2020-2024,island,el-hierro,<1 año,total,deaths,0,0,,MULTIYEAR_AGGREGATE,ADMIT_WITH_LIMITATIONS,mortality_5y_small_numbers_v1,https://datos.canarias.es/api/estadisticas/statistical-resources/v1.0/datasets/ISTAC/E30417A_000001/~latest.csv,2026-09-24,Defunciones de residentes; grandes grupos CIE-10; ventana fija de cinco años.,deaths,X,X. Enfermedades del sistema respiratorio,2020,2024,false,Y_LT1
ISTAC:E30417A_000001,latest_audited_2026-09-28,2020-2024,island,el-hierro,<1 año,total,deaths,,,,MULTIYEAR_AGGREGATE,ADMIT_WITH_LIMITATIONS,mortality_5y_small_numbers_v1,https://datos.canarias.es/api/estadisticas/statistical-resources/v1.0/datasets/ISTAC/E30417A_000001/~latest.csv,2026-09-24,Defunciones de residentes; grandes grupos CIE-10; ventana fija de cinco años.,deaths,XVI,XVI. Afecciones originadas en el periodo perinatal,2020,2024,true,Y_LT1
ISTAC:E30417A_000001,latest_audited_2026-09-28,2020-2024,island,el-hierro,<1 año,total,deaths,0,0,,MULTIYEAR_AGGREGATE,ADMIT_WITH_LIMITATIONS,mortality_5y_small_numbers_v1,https://datos.canarias.es/api/estadisticas/statistical-resources/v1.0/datasets/ISTAC/E30417A_000001/~latest.csv,2026-09-24,Defunciones de residentes; grandes grupos CIE-10; ventana fija de cinco años.,deaths,XVII,"XVII. Malformaciones congénitas, deformidades y anomalías cromosómicas",2020,2024,false,Y_LT1
ISTAC:E30417A_000001,latest_audited_2026-09-28,2020-2024,island,el-hierro,<1 año,total,deaths,0,0,,MULTIYEAR_AGGREGATE,ADMIT_WITH_LIMITATIONS,mortality_5y_small_numbers_v1,https://datos.canarias.es/api/estadisticas/statistical-resources/v1.0/datasets/ISTAC/E30417A_000001/~latest.csv,2026-09-24,Defunciones de residentes; grandes grupos CIE-10; ventana fija de cinco años.,deaths,XX,XX. Causas externas de mortalidad,2020,2024,false,Y_LT1
ISTAC:E30417A_000001,latest_audited_2026-09-28,2020-2024,island,el-hierro,<1 año,total,deaths,,,,MULTIYEAR_AGGREGATE,ADMIT_WITH_LIMITATIONS,mortality_5y_small_numbers_v1,https://datos.canarias.es/api/estadisticas/statistical-resources/v1.0/datasets/ISTAC/E30417A_000001/~latest.csv,2026-09-24,Defunciones de residentes; grandes grupos CIE-10; ventana fija de cinco años.,deaths,_T,Total,2020,2024,true,Y_LT1
ISTAC:E30417A_000001,latest_audited_2026-09-28,2020-2024,island,fuerteventura,1–4 años,total,deaths,,,,MULTIYEAR_AGGREGATE,ADMIT_WITH_LIMITATIONS,mortality_5y_small_numbers_v1,https://datos.canarias.es/api/estadisticas/statistical-resources/v1.0/datasets/ISTAC/E30417A_000001/~latest.csv,2026-09-24,Defunciones de residentes; grandes grupos CIE-10; ventana fija de cinco años.,deaths,I,I. Enfermedades infecciosas y parasitarias,2020,2024,true,Y1T4
ISTAC:E30417A_000001,latest_audited_2026-09-28,2020-2024,island,fuerteventura,1–4 años,total,deaths,0,0,,MULTIYEAR_AGGREGATE,ADMIT_WITH_LIMITATIONS,mortality_5y_small_numbers_v1,https://datos.canarias.es/api/estadisticas/statistical-resources/v1.0/datasets/ISTAC/E30417A_000001/~latest.csv,2026-09-24,Defunciones de residentes; grandes grupos CIE-10; ventana fija de cinco años.,deaths,II,II. Tumores,2020,2024,false,Y1T4
ISTAC:E30417A_000001,latest_audited_2026-09-28,2020-2024,island,fuerteventura,1–4 años,total,deaths,0,0,,MULTIYEAR_AGGREGATE,ADMIT_WITH_LIMITATIONS,mortality_5y_small_numbers_v1,https://datos.canarias.es/api/estadisticas/statistical-resources/v1.0/datasets/ISTAC/E30417A_000001/~latest.csv,2026-09-24,Defunciones de residentes; grandes grupos CIE-10; ventana fija de cinco años.,deaths,X,X. Enfermedades del sistema respiratorio,2020,2024,false,Y1T4
ISTAC:E30417A_000001,latest_audited_2026-09-28,2020-2024,island,fuerteventura,1–4 años,total,deaths,0,0,,MULTIYEAR_AGGREGATE,ADMIT_WITH_LIMITATIONS,mortality_5y_small_numbers_v1,https://datos.canarias.es/api/estadisticas/statistical-resources/v1.0/datasets/ISTAC/E30417A_000001/~latest.csv,2026-09-24,Defunciones de residentes; grandes grupos CIE-10; ventana fija de cinco años.,deaths,XVI,XVI. Afecciones originadas en el periodo perinatal,2020,2024,false,Y1T4
ISTAC:E30417A_000001,latest_audited_2026-09-28,2020-2024,island,fuerteventura,1–4 años,total,deaths,0,0,,MULTIYEAR_AGGREGATE,ADMIT_WITH_LIMITATIONS,mortality_5y_small_numbers_v1,https://datos.canarias.es/api/estadisticas/statistical-resources/v1.0/datasets/ISTAC/E30417A_000001/~latest.csv,2026-09-24,Defunciones de residentes; grandes grupos CIE-10; ventana fija de cinco años.,deaths,XVII,"XVII. Malformaciones congénitas, deformidades y anomalías cromosómicas",2020,2024,false,Y1T4
ISTAC:E30417A_000001,latest_audited_2026-09-28,2020-2024,island,fuerteventura,1–4 años,total,deaths,,,,MULTIYEAR_AGGREGATE,ADMIT_WITH_LIMITATIONS,mortality_5y_small_numbers_v1,https://datos.canarias.es/api/estadisticas/statistical-resources/v1.0/datasets/ISTAC/E30417A_000001/~latest.csv,2026-09-24,Defunciones de residentes; grandes grupos CIE-10; ventana fija de cinco años.,deaths,XX,XX. Causas externas de mortalidad,2020,2024,true,Y1T4
ISTAC:E30417A_000001,latest_audited_2026-09-28,2020-2024,island,fuerteventura,1–4 años,total,deaths,5,5,,MULTIYEAR_AGGREGATE,ADMIT_WITH_LIMITATIONS,mortality_5y_small_numbers_v1,https://datos.canarias.es/api/estadisticas/statistical-resources/v1.0/datasets/ISTAC/E30417A_000001/~latest.csv,2026-09-24,Defunciones de residentes; grandes grupos CIE-10; ventana fija de cinco años.,deaths,_T,Total,2020,2024,false,Y1T4
ISTAC:E30417A_000001,latest_audited_2026-09-28,2020-2024,island,fuerteventura,5–14 años,total,deaths,0,0,,MULTIYEAR_AGGREGATE,ADMIT_WITH_LIMITATIONS,mortality_5y_small_numbers_v1,https://datos.canarias.es/api/estadisticas/statistical-resources/v1.0/datasets/ISTAC/E30417A_000001/~latest.csv,2026-09-24,Defunciones de residentes; grandes grupos CIE-10; ventana fija de cinco años.,deaths,I,I. Enfermedades infecciosas y parasitarias,2020,2024,false,Y5T14
ISTAC:E30417A_000001,latest_audited_2026-09-28,2020-2024,island,fuerteventura,5–14 años,total,deaths,,,,MULTIYEAR_AGGREGATE,ADMIT_WITH_LIMITATIONS,mortality_5y_small_numbers_v1,https://datos.canarias.es/api/estadisticas/statistical-resources/v1.0/datasets/ISTAC/E30417A_000001/~latest.csv,2026-09-24,Defunciones de residentes; grandes grupos CIE-10; ventana fija de cinco años.,deaths,II,II. Tumores,2020,2024,true,Y5T14
ISTAC:E30417A_000001,latest_audited_2026-09-28,2020-2024,island,fuerteventura,5–14 años,total,deaths,0,0,,MULTIYEAR_AGGREGATE,ADMIT_WITH_LIMITATIONS,mortality_5y_small_numbers_v1,https://datos.canarias.es/api/estadisticas/statistical-resources/v1.0/datasets/ISTAC/E30417A_000001/~latest.csv,2026-09-24,Defunciones de residentes; grandes grupos CIE-10; ventana fija de cinco años.,deaths,X,X. Enfermedades del sistema respiratorio,2020,2024,false,Y5T14
ISTAC:E30417A_000001,latest_audited_2026-09-28,2020-2024,island,fuerteventura,5–14 años,total,deaths,0,0,,MULTIYEAR_AGGREGATE,ADMIT_WITH_LIMITATIONS,mortality_5y_small_numbers_v1,https://datos.canarias.es/api/estadisticas/statistical-resources/v1.0/datasets/ISTAC/E30417A_000001/~latest.csv,2026-09-24,Defunciones de residentes; grandes grupos CIE-10; ventana fija de cinco años.,deaths,XVI,XVI. Afecciones originadas en el periodo perinatal,2020,2024,false,Y5T14
ISTAC:E30417A_000001,latest_audited_2026-09-28,2020-2024,island,fuerteventura,5–14 años,total,deaths,,,,MULTIYEAR_AGGREGATE,ADMIT_WITH_LIMITATIONS,mortality_5y_small_numbers_v1,https://datos.canarias.es/api/estadisticas/statistical-resources/v1.0/datasets/ISTAC/E30417A_000001/~latest.csv,2026-09-24,Defunciones de residentes; grandes grupos CIE-10; ventana fija de cinco años.,deaths,XVII,"XVII. Malformaciones congénitas, deformidades y anomalías cromosómicas",2020,2024,true,Y5T14
ISTAC:E30417A_000001,latest_audited_2026-09-28,2020-2024,island,fuerteventura,5–14 años,total,deaths,,,,MULTIYEAR_AGGREGATE,ADMIT_WITH_LIMITATIONS,mortality_5y_small_numbers_v1,https://datos.canarias.es/api/estadisticas/statistical-resources/v1.0/datasets/ISTAC/E30417A_000001/~latest.csv,2026-09-24,Defunciones de residentes; grandes grupos CIE-10; ventana fija de cinco años.,deaths,XX,XX. Causas externas de mortalidad,2020,2024,true,Y5T14
ISTAC:E30417A_000001,latest_audited_2026-09-28,2020-2024,island,fuerteventura,5–14 años,total,deaths,6,6,,MULTIYEAR_AGGREGATE,ADMIT_WITH_LIMITATIONS,mortality_5y_small_numbers_v1,https://datos.canarias.es/api/estadisticas/statistical-resources/v1.0/datasets/ISTAC/E30417A_000001/~latest.csv,2026-09-24,Defunciones de residentes; grandes grupos CIE-10; ventana fija de cinco años.,deaths,_T,Total,2020,2024,false,Y5T14
ISTAC:E30417A_000001,latest_audited_2026-09-28,2020-2024,island,fuerteventura,<1 año,total,deaths,0,0,,MULTIYEAR_AGGREGATE,ADMIT_WITH_LIMITATIONS,mortality_5y_small_numbers_v1,https://datos.canarias.es/api/estadisticas/statistical-resources/v1.0/datasets/ISTAC/E30417A_000001/~latest.csv,2026-09-24,Defunciones de residentes; grandes grupos CIE-10; ventana fija de cinco años.,deaths,I,I. Enfermedades infecciosas y parasitarias,2020,2024,false,Y_LT1
ISTAC:E30417A_000001,latest_audited_2026-09-28,2020-2024,island,fuerteventura,<1 año,total,deaths,0,0,,MULTIYEAR_AGGREGATE,ADMIT_WITH_LIMITATIONS,mortality_5y_small_numbers_v1,https://datos.canarias.es/api/estadisticas/statistical-resources/v1.0/datasets/ISTAC/E30417A_000001/~latest.csv,2026-09-24,Defunciones de residentes; grandes grupos CIE-10; ventana fija de cinco años.,deaths,II,II. Tumores,2020,2024,false,Y_LT1
ISTAC:E30417A_000001,latest_audited_2026-09-28,2020-2024,island,fuerteventura,<1 año,total,deaths,0,0,,MULTIYEAR_AGGREGATE,ADMIT_WITH_LIMITATIONS,mortality_5y_small_numbers_v1,https://datos.canarias.es/api/estadisticas/statistical-resources/v1.0/datasets/ISTAC/E30417A_000001/~latest.csv,2026-09-24,Defunciones de residentes; grandes grupos CIE-10; ventana fija de cinco años.,deaths,X,X. Enfermedades del sistema respiratorio,2020,2024,false,Y_LT1
ISTAC:E30417A_000001,latest_audited_2026-09-28,2020-2024,island,fuerteventura,<1 año,total,deaths,,,,MULTIYEAR_AGGREGATE,ADMIT_WITH_LIMITATIONS,mortality_5y_small_numbers_v1,https://datos.canarias.es/api/estadisticas/statistical-resources/v1.0/datasets/ISTAC/E30417A_000001/~latest.csv,2026-09-24,Defunciones de residentes; grandes grupos CIE-10; ventana fija de cinco años.,deaths,XVI,XVI. Afecciones originadas en el periodo perinatal,2020,2024,true,Y_LT1
ISTAC:E30417A_000001,latest_audited_2026-09-28,2020-2024,island,fuerteventura,<1 año,total,deaths,,,,MULTIYEAR_AGGREGATE,ADMIT_WITH_LIMITATIONS,mortality_5y_small_numbers_v1,https://datos.canarias.es/api/estadisticas/statistical-resources/v1.0/datasets/ISTAC/E30417A_000001/~latest.csv,2026-09-24,Defunciones de residentes; grandes grupos CIE-10; ventana fija de cinco años.,deaths,XVII,"XVII. Malformaciones congénitas, deformidades y anomalías cromosómicas",2020,2024,true,Y_LT1
ISTAC:E30417A_000001,latest_audited_2026-09-28,2020-2024,island,fuerteventura,<1 año,total,deaths,,,,MULTIYEAR_AGGREGATE,ADMIT_WITH_LIMITATIONS,mortality_5y_small_numbers_v1,https://datos.canarias.es/api/estadisticas/statistical-resources/v1.0/datasets/ISTAC/E30417A_000001/~latest.csv,2026-09-24,Defunciones de residentes; grandes grupos CIE-10; ventana fija de cinco años.,deaths,XX,XX. Causas externas de mortalidad,2020,2024,true,Y_LT1
ISTAC:E30417A_000001,latest_audited_2026-09-28,2020-2024,island,fuerteventura,<1 año,total,deaths,8,8,,MULTIYEAR_AGGREGATE,ADMIT_WITH_LIMITATIONS,mortality_5y_small_numbers_v1,https://datos.canarias.es/api/estadisticas/statistical-resources/v1.0/datasets/ISTAC/E30417A_000001/~latest.csv,2026-09-24,Defunciones de residentes; grandes grupos CIE-10; ventana fija de cinco años.,deaths,_T,Total,2020,2024,false,Y_LT1
ISTAC:E30417A_000001,latest_audited_2026-09-28,2020-2024,island,gran-canaria,1–4 años,total,deaths,,,,MULTIYEAR_AGGREGATE,ADMIT_WITH_LIMITATIONS,mortality_5y_small_numbers_v1,https://datos.canarias.es/api/estadisticas/statistical-resources/v1.0/datasets/ISTAC/E30417A_000001/~latest.csv,2026-09-24,Defunciones de residentes; grandes grupos CIE-10; ventana fija de cinco años.,deaths,I,I. Enfermedades infecciosas y parasitarias,2020,2024,true,Y1T4
ISTAC:E30417A_000001,latest_audited_2026-09-28,2020-2024,island,gran-canaria,1–4 años,total,deaths,,,,MULTIYEAR_AGGREGATE,ADMIT_WITH_LIMITATIONS,mortality_5y_small_numbers_v1,https://datos.canarias.es/api/estadisticas/statistical-resources/v1.0/datasets/ISTAC/E30417A_000001/~latest.csv,2026-09-24,Defunciones de residentes; grandes grupos CIE-10; ventana fija de cinco años.,deaths,II,II. Tumores,2020,2024,true,Y1T4
ISTAC:E30417A_000001,latest_audited_2026-09-28,2020-2024,island,gran-canaria,1–4 años,total,deaths,0,0,,MULTIYEAR_AGGREGATE,ADMIT_WITH_LIMITATIONS,mortality_5y_small_numbers_v1,https://datos.canarias.es/api/estadisticas/statistical-resources/v1.0/datasets/ISTAC/E30417A_000001/~latest.csv,2026-09-24,Defunciones de residentes; grandes grupos CIE-10; ventana fija de cinco años.,deaths,X,X. Enfermedades del sistema respiratorio,2020,2024,false,Y1T4
ISTAC:E30417A_000001,latest_audited_2026-09-28,2020-2024,island,gran-canaria,1–4 años,total,deaths,0,0,,MULTIYEAR_AGGREGATE,ADMIT_WITH_LIMITATIONS,mortality_5y_small_numbers_v1,https://datos.canarias.es/api/estadisticas/statistical-resources/v1.0/datasets/ISTAC/E30417A_000001/~latest.csv,2026-09-24,Defunciones de residentes; grandes grupos CIE-10; ventana fija de cinco años.,deaths,XVI,XVI. Afecciones originadas en el periodo perinatal,2020,2024,false,Y1T4
ISTAC:E30417A_000001,latest_audited_2026-09-28,2020-2024,island,gran-canaria,1–4 años,total,deaths,,,,MULTIYEAR_AGGREGATE,ADMIT_WITH_LIMITATIONS,mortality_5y_small_numbers_v1,https://datos.canarias.es/api/estadisticas/statistical-resources/v1.0/datasets/ISTAC/E30417A_000001/~latest.csv,2026-09-24,Defunciones de residentes; grandes grupos CIE-10; ventana fija de cinco años.,deaths,XVII,"XVII. Malformaciones congénitas, deformidades y anomalías cromosómicas",2020,2024,true,Y1T4
ISTAC:E30417A_000001,latest_audited_2026-09-28,2020-2024,island,gran-canaria,1–4 años,total,deaths,5,5,,MULTIYEAR_AGGREGATE,ADMIT_WITH_LIMITATIONS,mortality_5y_small_numbers_v1,https://datos.canarias.es/api/estadisticas/statistical-resources/v1.0/datasets/ISTAC/E30417A_000001/~latest.csv,2026-09-24,Defunciones de residentes; grandes grupos CIE-10; ventana fija de cinco años.,deaths,XX,XX. Causas externas de mortalidad,2020,2024,false,Y1T4
ISTAC:E30417A_000001,latest_audited_2026-09-28,2020-2024,island,gran-canaria,1–4 años,total,deaths,17,17,,MULTIYEAR_AGGREGATE,ADMIT_WITH_LIMITATIONS,mortality_5y_small_numbers_v1,https://datos.canarias.es/api/estadisticas/statistical-resources/v1.0/datasets/ISTAC/E30417A_000001/~latest.csv,2026-09-24,Defunciones de residentes; grandes grupos CIE-10; ventana fija de cinco años.,deaths,_T,Total,2020,2024,false,Y1T4
ISTAC:E30417A_000001,latest_audited_2026-09-28,2020-2024,island,gran-canaria,5–14 años,total,deaths,,,,MULTIYEAR_AGGREGATE,ADMIT_WITH_LIMITATIONS,mortality_5y_small_numbers_v1,https://datos.canarias.es/api/estadisticas/statistical-resources/v1.0/datasets/ISTAC/E30417A_000001/~latest.csv,2026-09-24,Defunciones de residentes; grandes grupos CIE-10; ventana fija de cinco años.,deaths,I,I. Enfermedades infecciosas y parasitarias,2020,2024,true,Y5T14
ISTAC:E30417A_000001,latest_audited_2026-09-28,2020-2024,island,gran-canaria,5–14 años,total,deaths,7,7,,MULTIYEAR_AGGREGATE,ADMIT_WITH_LIMITATIONS,mortality_5y_small_numbers_v1,https://datos.canarias.es/api/estadisticas/statistical-resources/v1.0/datasets/ISTAC/E30417A_000001/~latest.csv,2026-09-24,Defunciones de residentes; grandes grupos CIE-10; ventana fija de cinco años.,deaths,II,II. Tumores,2020,2024,false,Y5T14
ISTAC:E30417A_000001,latest_audited_2026-09-28,2020-2024,island,gran-canaria,5–14 años,total,deaths,,,,MULTIYEAR_AGGREGATE,ADMIT_WITH_LIMITATIONS,mortality_5y_small_numbers_v1,https://datos.canarias.es/api/estadisticas/statistical-resources/v1.0/datasets/ISTAC/E30417A_000001/~latest.csv,2026-09-24,Defunciones de residentes; grandes grupos CIE-10; ventana fija de cinco años.,deaths,X,X. Enfermedades del sistema respiratorio,2020,2024,true,Y5T14
ISTAC:E30417A_000001,latest_audited_2026-09-28,2020-2024,island,gran-canaria,5–14 años,total,deaths,0,0,,MULTIYEAR_AGGREGATE,ADMIT_WITH_LIMITATIONS,mortality_5y_small_numbers_v1,https://datos.canarias.es/api/estadisticas/statistical-resources/v1.0/datasets/ISTAC/E30417A_000001/~latest.csv,2026-09-24,Defunciones de residentes; grandes grupos CIE-10; ventana fija de cinco años.,deaths,XVI,XVI. Afecciones originadas en el periodo perinatal,2020,2024,false,Y5T14
ISTAC:E30417A_000001,latest_audited_2026-09-28,2020-2024,island,gran-canaria,5–14 años,total,deaths,,,,MULTIYEAR_AGGREGATE,ADMIT_WITH_LIMITATIONS,mortality_5y_small_numbers_v1,https://datos.canarias.es/api/estadisticas/statistical-resources/v1.0/datasets/ISTAC/E30417A_000001/~latest.csv,2026-09-24,Defunciones de residentes; grandes grupos CIE-10; ventana fija de cinco años.,deaths,XVII,"XVII. Malformaciones congénitas, deformidades y anomalías cromosómicas",2020,2024,true,Y5T14
ISTAC:E30417A_000001,latest_audited_2026-09-28,2020-2024,island,gran-canaria,5–14 años,total,deaths,9,9,,MULTIYEAR_AGGREGATE,ADMIT_WITH_LIMITATIONS,mortality_5y_small_numbers_v1,https://datos.canarias.es/api/estadisticas/statistical-resources/v1.0/datasets/ISTAC/E30417A_000001/~latest.csv,2026-09-24,Defunciones de residentes; grandes grupos CIE-10; ventana fija de cinco años.,deaths,XX,XX. Causas externas de mortalidad,2020,2024,false,Y5T14
ISTAC:E30417A_000001,latest_audited_2026-09-28,2020-2024,island,gran-canaria,5–14 años,total,deaths,27,27,,MULTIYEAR_AGGREGATE,ADMIT_WITH_LIMITATIONS,mortality_5y_small_numbers_v1,https://datos.canarias.es/api/estadisticas/statistical-resources/v1.0/datasets/ISTAC/E30417A_000001/~latest.csv,2026-09-24,Defunciones de residentes; grandes grupos CIE-10; ventana fija de cinco años.,deaths,_T,Total,2020,2024,false,Y5T14
ISTAC:E30417A_000001,latest_audited_2026-09-28,2020-2024,island,gran-canaria,<1 año,total,deaths,0,0,,MULTIYEAR_AGGREGATE,ADMIT_WITH_LIMITATIONS,mortality_5y_small_numbers_v1,https://datos.canarias.es/api/estadisticas/statistical-resources/v1.0/datasets/ISTAC/E30417A_000001/~latest.csv,2026-09-24,Defunciones de residentes; grandes grupos CIE-10; ventana fija de cinco años.,deaths,I,I. Enfermedades infecciosas y parasitarias,2020,2024,false,Y_LT1
ISTAC:E30417A_000001,latest_audited_2026-09-28,2020-2024,island,gran-canaria,<1 año,total,deaths,,,,MULTIYEAR_AGGREGATE,ADMIT_WITH_LIMITATIONS,mortality_5y_small_numbers_v1,https://datos.canarias.es/api/estadisticas/statistical-resources/v1.0/datasets/ISTAC/E30417A_000001/~latest.csv,2026-09-24,Defunciones de residentes; grandes grupos CIE-10; ventana fija de cinco años.,deaths,II,II. Tumores,2020,2024,true,Y_LT1
ISTAC:E30417A_000001,latest_audited_2026-09-28,2020-2024,island,gran-canaria,<1 año,total,deaths,,,,MULTIYEAR_AGGREGATE,ADMIT_WITH_LIMITATIONS,mortality_5y_small_numbers_v1,https://datos.canarias.es/api/estadisticas/statistical-resources/v1.0/datasets/ISTAC/E30417A_000001/~latest.csv,2026-09-24,Defunciones de residentes; grandes grupos CIE-10; ventana fija de cinco años.,deaths,X,X. Enfermedades del sistema respiratorio,2020,2024,true,Y_LT1
ISTAC:E30417A_000001,latest_audited_2026-09-28,2020-2024,island,gran-canaria,<1 año,total,deaths,39,39,,MULTIYEAR_AGGREGATE,ADMIT_WITH_LIMITATIONS,mortality_5y_small_numbers_v1,https://datos.canarias.es/api/estadisticas/statistical-resources/v1.0/datasets/ISTAC/E30417A_000001/~latest.csv,2026-09-24,Defunciones de residentes; grandes grupos CIE-10; ventana fija de cinco años.,deaths,XVI,XVI. Afecciones originadas en el periodo perinatal,2020,2024,false,Y_LT1
ISTAC:E30417A_000001,latest_audited_2026-09-28,2020-2024,island,gran-canaria,<1 año,total,deaths,18,18,,MULTIYEAR_AGGREGATE,ADMIT_WITH_LIMITATIONS,mortality_5y_small_numbers_v1,https://datos.canarias.es/api/estadisticas/statistical-resources/v1.0/datasets/ISTAC/E30417A_000001/~latest.csv,2026-09-24,Defunciones de residentes; grandes grupos CIE-10; ventana fija de cinco años.,deaths,XVII,"XVII. Malformaciones congénitas, deformidades y anomalías cromosómicas",2020,2024,false,Y_LT1
ISTAC:E30417A_000001,latest_audited_2026-09-28,2020-2024,island,gran-canaria,<1 año,total,deaths,,,,MULTIYEAR_AGGREGATE,ADMIT_WITH_LIMITATIONS,mortality_5y_small_numbers_v1,https://datos.canarias.es/api/estadisticas/statistical-resources/v1.0/datasets/ISTAC/E30417A_000001/~latest.csv,2026-09-24,Defunciones de residentes; grandes grupos CIE-10; ventana fija de cinco años.,deaths,XX,XX. Causas externas de mortalidad,2020,2024,true,Y_LT1
ISTAC:E30417A_000001,latest_audited_2026-09-28,2020-2024,island,gran-canaria,<1 año,total,deaths,70,70,,MULTIYEAR_AGGREGATE,ADMIT_WITH_LIMITATIONS,mortality_5y_small_numbers_v1,https://datos.canarias.es/api/estadisticas/statistical-resources/v1.0/datasets/ISTAC/E30417A_000001/~latest.csv,2026-09-24,Defunciones de residentes; grandes grupos CIE-10; ventana fija de cinco años.,deaths,_T,Total,2020,2024,false,Y_LT1
ISTAC:E30417A_000001,latest_audited_2026-09-28,2020-2024,island,la-gomera,1–4 años,total,deaths,0,0,,MULTIYEAR_AGGREGATE,ADMIT_WITH_LIMITATIONS,mortality_5y_small_numbers_v1,https://datos.canarias.es/api/estadisticas/statistical-resources/v1.0/datasets/ISTAC/E30417A_000001/~latest.csv,2026-09-24,Defunciones de residentes; grandes grupos CIE-10; ventana fija de cinco años.,deaths,I,I. Enfermedades infecciosas y parasitarias,2020,2024,false,Y1T4
ISTAC:E30417A_000001,latest_audited_2026-09-28,2020-2024,island,la-gomera,1–4 años,total,deaths,0,0,,MULTIYEAR_AGGREGATE,ADMIT_WITH_LIMITATIONS,mortality_5y_small_numbers_v1,https://datos.canarias.es/api/estadisticas/statistical-resources/v1.0/datasets/ISTAC/E30417A_000001/~latest.csv,2026-09-24,Defunciones de residentes; grandes grupos CIE-10; ventana fija de cinco años.,deaths,II,II. Tumores,2020,2024,false,Y1T4
ISTAC:E30417A_000001,latest_audited_2026-09-28,2020-2024,island,la-gomera,1–4 años,total,deaths,0,0,,MULTIYEAR_AGGREGATE,ADMIT_WITH_LIMITATIONS,mortality_5y_small_numbers_v1,https://datos.canarias.es/api/estadisticas/statistical-resources/v1.0/datasets/ISTAC/E30417A_000001/~latest.csv,2026-09-24,Defunciones de residentes; grandes grupos CIE-10; ventana fija de cinco años.,deaths,X,X. Enfermedades del sistema respiratorio,2020,2024,false,Y1T4
ISTAC:E30417A_000001,latest_audited_2026-09-28,2020-2024,island,la-gomera,1–4 años,total,deaths,0,0,,MULTIYEAR_AGGREGATE,ADMIT_WITH_LIMITATIONS,mortality_5y_small_numbers_v1,https://datos.canarias.es/api/estadisticas/statistical-resources/v1.0/datasets/ISTAC/E30417A_000001/~latest.csv,2026-09-24,Defunciones de residentes; grandes grupos CIE-10; ventana fija de cinco años.,deaths,XVI,XVI. Afecciones originadas en el periodo perinatal,2020,2024,false,Y1T4
ISTAC:E30417A_000001,latest_audited_2026-09-28,2020-2024,island,la-gomera,1–4 años,total,deaths,0,0,,MULTIYEAR_AGGREGATE,ADMIT_WITH_LIMITATIONS,mortality_5y_small_numbers_v1,https://datos.canarias.es/api/estadisticas/statistical-resources/v1.0/datasets/ISTAC/E30417A_000001/~latest.csv,2026-09-24,Defunciones de residentes; grandes grupos CIE-10; ventana fija de cinco años.,deaths,XVII,"XVII. Malformaciones congénitas, deformidades y anomalías cromosómicas",2020,2024,false,Y1T4
ISTAC:E30417A_000001,latest_audited_2026-09-28,2020-2024,island,la-gomera,1–4 años,total,deaths,0,0,,MULTIYEAR_AGGREGATE,ADMIT_WITH_LIMITATIONS,mortality_5y_small_numbers_v1,https://datos.canarias.es/api/estadisticas/statistical-resources/v1.0/datasets/ISTAC/E30417A_000001/~latest.csv,2026-09-24,Defunciones de residentes; grandes grupos CIE-10; ventana fija de cinco años.,deaths,XX,XX. Causas externas de mortalidad,2020,2024,false,Y1T4
ISTAC:E30417A_000001,latest_audited_2026-09-28,2020-2024,island,la-gomera,1–4 años,total,deaths,0,0,,MULTIYEAR_AGGREGATE,ADMIT_WITH_LIMITATIONS,mortality_5y_small_numbers_v1,https://datos.canarias.es/api/estadisticas/statistical-resources/v1.0/datasets/ISTAC/E30417A_000001/~latest.csv,2026-09-24,Defunciones de residentes; grandes grupos CIE-10; ventana fija de cinco años.,deaths,_T,Total,2020,2024,false,Y1T4
ISTAC:E30417A_000001,latest_audited_2026-09-28,2020-2024,island,la-gomera,5–14 años,total,deaths,0,0,,MULTIYEAR_AGGREGATE,ADMIT_WITH_LIMITATIONS,mortality_5y_small_numbers_v1,https://datos.canarias.es/api/estadisticas/statistical-resources/v1.0/datasets/ISTAC/E30417A_000001/~latest.csv,2026-09-24,Defunciones de residentes; grandes grupos CIE-10; ventana fija de cinco años.,deaths,I,I. Enfermedades infecciosas y parasitarias,2020,2024,false,Y5T14
ISTAC:E30417A_000001,latest_audited_2026-09-28,2020-2024,island,la-gomera,5–14 años,total,deaths,0,0,,MULTIYEAR_AGGREGATE,ADMIT_WITH_LIMITATIONS,mortality_5y_small_numbers_v1,https://datos.canarias.es/api/estadisticas/statistical-resources/v1.0/datasets/ISTAC/E30417A_000001/~latest.csv,2026-09-24,Defunciones de residentes; grandes grupos CIE-10; ventana fija de cinco años.,deaths,II,II. Tumores,2020,2024,false,Y5T14
ISTAC:E30417A_000001,latest_audited_2026-09-28,2020-2024,island,la-gomera,5–14 años,total,deaths,0,0,,MULTIYEAR_AGGREGATE,ADMIT_WITH_LIMITATIONS,mortality_5y_small_numbers_v1,https://datos.canarias.es/api/estadisticas/statistical-resources/v1.0/datasets/ISTAC/E30417A_000001/~latest.csv,2026-09-24,Defunciones de residentes; grandes grupos CIE-10; ventana fija de cinco años.,deaths,X,X. Enfermedades del sistema respiratorio,2020,2024,false,Y5T14
ISTAC:E30417A_000001,latest_audited_2026-09-28,2020-2024,island,la-gomera,5–14 años,total,deaths,0,0,,MULTIYEAR_AGGREGATE,ADMIT_WITH_LIMITATIONS,mortality_5y_small_numbers_v1,https://datos.canarias.es/api/estadisticas/statistical-resources/v1.0/datasets/ISTAC/E30417A_000001/~latest.csv,2026-09-24,Defunciones de residentes; grandes grupos CIE-10; ventana fija de cinco años.,deaths,XVI,XVI. Afecciones originadas en el periodo perinatal,2020,2024,false,Y5T14
ISTAC:E30417A_000001,latest_audited_2026-09-28,2020-2024,island,la-gomera,5–14 años,total,deaths,0,0,,MULTIYEAR_AGGREGATE,ADMIT_WITH_LIMITATIONS,mortality_5y_small_numbers_v1,https://datos.canarias.es/api/estadisticas/statistical-resources/v1.0/datasets/ISTAC/E30417A_000001/~latest.csv,2026-09-24,Defunciones de residentes; grandes grupos CIE-10; ventana fija de cinco años.,deaths,XVII,"XVII. Malformaciones congénitas, deformidades y anomalías cromosómicas",2020,2024,false,Y5T14
ISTAC:E30417A_000001,latest_audited_2026-09-28,2020-2024,island,la-gomera,5–14 años,total,deaths,0,0,,MULTIYEAR_AGGREGATE,ADMIT_WITH_LIMITATIONS,mortality_5y_small_numbers_v1,https://datos.canarias.es/api/estadisticas/statistical-resources/v1.0/datasets/ISTAC/E30417A_000001/~latest.csv,2026-09-24,Defunciones de residentes; grandes grupos CIE-10; ventana fija de cinco años.,deaths,XX,XX. Causas externas de mortalidad,2020,2024,false,Y5T14
ISTAC:E30417A_000001,latest_audited_2026-09-28,2020-2024,island,la-gomera,5–14 años,total,deaths,0,0,,MULTIYEAR_AGGREGATE,ADMIT_WITH_LIMITATIONS,mortality_5y_small_numbers_v1,https://datos.canarias.es/api/estadisticas/statistical-resources/v1.0/datasets/ISTAC/E30417A_000001/~latest.csv,2026-09-24,Defunciones de residentes; grandes grupos CIE-10; ventana fija de cinco años.,deaths,_T,Total,2020,2024,false,Y5T14
ISTAC:E30417A_000001,latest_audited_2026-09-28,2020-2024,island,la-gomera,<1 año,total,deaths,0,0,,MULTIYEAR_AGGREGATE,ADMIT_WITH_LIMITATIONS,mortality_5y_small_numbers_v1,https://datos.canarias.es/api/estadisticas/statistical-resources/v1.0/datasets/ISTAC/E30417A_000001/~latest.csv,2026-09-24,Defunciones de residentes; grandes grupos CIE-10; ventana fija de cinco años.,deaths,I,I. Enfermedades infecciosas y parasitarias,2020,2024,false,Y_LT1
ISTAC:E30417A_000001,latest_audited_2026-09-28,2020-2024,island,la-gomera,<1 año,total,deaths,0,0,,MULTIYEAR_AGGREGATE,ADMIT_WITH_LIMITATIONS,mortality_5y_small_numbers_v1,https://datos.canarias.es/api/estadisticas/statistical-resources/v1.0/datasets/ISTAC/E30417A_000001/~latest.csv,2026-09-24,Defunciones de residentes; grandes grupos CIE-10; ventana fija de cinco años.,deaths,II,II. Tumores,2020,2024,false,Y_LT1
ISTAC:E30417A_000001,latest_audited_2026-09-28,2020-2024,island,la-gomera,<1 año,total,deaths,0,0,,MULTIYEAR_AGGREGATE,ADMIT_WITH_LIMITATIONS,mortality_5y_small_numbers_v1,https://datos.canarias.es/api/estadisticas/statistical-resources/v1.0/datasets/ISTAC/E30417A_000001/~latest.csv,2026-09-24,Defunciones de residentes; grandes grupos CIE-10; ventana fija de cinco años.,deaths,X,X. Enfermedades del sistema respiratorio,2020,2024,false,Y_LT1
ISTAC:E30417A_000001,latest_audited_2026-09-28,2020-2024,island,la-gomera,<1 año,total,deaths,,,,MULTIYEAR_AGGREGATE,ADMIT_WITH_LIMITATIONS,mortality_5y_small_numbers_v1,https://datos.canarias.es/api/estadisticas/statistical-resources/v1.0/datasets/ISTAC/E30417A_000001/~latest.csv,2026-09-24,Defunciones de residentes; grandes grupos CIE-10; ventana fija de cinco años.,deaths,XVI,XVI. Afecciones originadas en el periodo perinatal,2020,2024,true,Y_LT1
ISTAC:E30417A_000001,latest_audited_2026-09-28,2020-2024,island,la-gomera,<1 año,total,deaths,0,0,,MULTIYEAR_AGGREGATE,ADMIT_WITH_LIMITATIONS,mortality_5y_small_numbers_v1,https://datos.canarias.es/api/estadisticas/statistical-resources/v1.0/datasets/ISTAC/E30417A_000001/~latest.csv,2026-09-24,Defunciones de residentes; grandes grupos CIE-10; ventana fija de cinco años.,deaths,XVII,"XVII. Malformaciones congénitas, deformidades y anomalías cromosómicas",2020,2024,false,Y_LT1
ISTAC:E30417A_000001,latest_audited_2026-09-28,2020-2024,island,la-gomera,<1 año,total,deaths,0,0,,MULTIYEAR_AGGREGATE,ADMIT_WITH_LIMITATIONS,mortality_5y_small_numbers_v1,https://datos.canarias.es/api/estadisticas/statistical-resources/v1.0/datasets/ISTAC/E30417A_000001/~latest.csv,2026-09-24,Defunciones de residentes; grandes grupos CIE-10; ventana fija de cinco años.,deaths,XX,XX. Causas externas de mortalidad,2020,2024,false,Y_LT1
ISTAC:E30417A_000001,latest_audited_2026-09-28,2020-2024,island,la-gomera,<1 año,total,deaths,,,,MULTIYEAR_AGGREGATE,ADMIT_WITH_LIMITATIONS,mortality_5y_small_numbers_v1,https://datos.canarias.es/api/estadisticas/statistical-resources/v1.0/datasets/ISTAC/E30417A_000001/~latest.csv,2026-09-24,Defunciones de residentes; grandes grupos CIE-10; ventana fija de cinco años.,deaths,_T,Total,2020,2024,true,Y_LT1
ISTAC:E30417A_000001,latest_audited_2026-09-28,2020-2024,island,la-palma,1–4 años,total,deaths,0,0,,MULTIYEAR_AGGREGATE,ADMIT_WITH_LIMITATIONS,mortality_5y_small_numbers_v1,https://datos.canarias.es/api/estadisticas/statistical-resources/v1.0/datasets/ISTAC/E30417A_000001/~latest.csv,2026-09-24,Defunciones de residentes; grandes grupos CIE-10; ventana fija de cinco años.,deaths,I,I. Enfermedades infecciosas y parasitarias,2020,2024,false,Y1T4
ISTAC:E30417A_000001,latest_audited_2026-09-28,2020-2024,island,la-palma,1–4 años,total,deaths,0,0,,MULTIYEAR_AGGREGATE,ADMIT_WITH_LIMITATIONS,mortality_5y_small_numbers_v1,https://datos.canarias.es/api/estadisticas/statistical-resources/v1.0/datasets/ISTAC/E30417A_000001/~latest.csv,2026-09-24,Defunciones de residentes; grandes grupos CIE-10; ventana fija de cinco años.,deaths,II,II. Tumores,2020,2024,false,Y1T4
ISTAC:E30417A_000001,latest_audited_2026-09-28,2020-2024,island,la-palma,1–4 años,total,deaths,0,0,,MULTIYEAR_AGGREGATE,ADMIT_WITH_LIMITATIONS,mortality_5y_small_numbers_v1,https://datos.canarias.es/api/estadisticas/statistical-resources/v1.0/datasets/ISTAC/E30417A_000001/~latest.csv,2026-09-24,Defunciones de residentes; grandes grupos CIE-10; ventana fija de cinco años.,deaths,X,X. Enfermedades del sistema respiratorio,2020,2024,false,Y1T4
ISTAC:E30417A_000001,latest_audited_2026-09-28,2020-2024,island,la-palma,1–4 años,total,deaths,0,0,,MULTIYEAR_AGGREGATE,ADMIT_WITH_LIMITATIONS,mortality_5y_small_numbers_v1,https://datos.canarias.es/api/estadisticas/statistical-resources/v1.0/datasets/ISTAC/E30417A_000001/~latest.csv,2026-09-24,Defunciones de residentes; grandes grupos CIE-10; ventana fija de cinco años.,deaths,XVI,XVI. Afecciones originadas en el periodo perinatal,2020,2024,false,Y1T4
ISTAC:E30417A_000001,latest_audited_2026-09-28,2020-2024,island,la-palma,1–4 años,total,deaths,,,,MULTIYEAR_AGGREGATE,ADMIT_WITH_LIMITATIONS,mortality_5y_small_numbers_v1,https://datos.canarias.es/api/estadisticas/statistical-resources/v1.0/datasets/ISTAC/E30417A_000001/~latest.csv,2026-09-24,Defunciones de residentes; grandes grupos CIE-10; ventana fija de cinco años.,deaths,XVII,"XVII. Malformaciones congénitas, deformidades y anomalías cromosómicas",2020,2024,true,Y1T4
ISTAC:E30417A_000001,latest_audited_2026-09-28,2020-2024,island,la-palma,1–4 años,total,deaths,,,,MULTIYEAR_AGGREGATE,ADMIT_WITH_LIMITATIONS,mortality_5y_small_numbers_v1,https://datos.canarias.es/api/estadisticas/statistical-resources/v1.0/datasets/ISTAC/E30417A_000001/~latest.csv,2026-09-24,Defunciones de residentes; grandes grupos CIE-10; ventana fija de cinco años.,deaths,XX,XX. Causas externas de mortalidad,2020,2024,true,Y1T4
ISTAC:E30417A_000001,latest_audited_2026-09-28,2020-2024,island,la-palma,1–4 años,total,deaths,,,,MULTIYEAR_AGGREGATE,ADMIT_WITH_LIMITATIONS,mortality_5y_small_numbers_v1,https://datos.canarias.es/api/estadisticas/statistical-resources/v1.0/datasets/ISTAC/E30417A_000001/~latest.csv,2026-09-24,Defunciones de residentes; grandes grupos CIE-10; ventana fija de cinco años.,deaths,_T,Total,2020,2024,true,Y1T4
ISTAC:E30417A_000001,latest_audited_2026-09-28,2020-2024,island,la-palma,5–14 años,total,deaths,0,0,,MULTIYEAR_AGGREGATE,ADMIT_WITH_LIMITATIONS,mortality_5y_small_numbers_v1,https://datos.canarias.es/api/estadisticas/statistical-resources/v1.0/datasets/ISTAC/E30417A_000001/~latest.csv,2026-09-24,Defunciones de residentes; grandes grupos CIE-10; ventana fija de cinco años.,deaths,I,I. Enfermedades infecciosas y parasitarias,2020,2024,false,Y5T14
ISTAC:E30417A_000001,latest_audited_2026-09-28,2020-2024,island,la-palma,5–14 años,total,deaths,0,0,,MULTIYEAR_AGGREGATE,ADMIT_WITH_LIMITATIONS,mortality_5y_small_numbers_v1,https://datos.canarias.es/api/estadisticas/statistical-resources/v1.0/datasets/ISTAC/E30417A_000001/~latest.csv,2026-09-24,Defunciones de residentes; grandes grupos CIE-10; ventana fija de cinco años.,deaths,II,II. Tumores,2020,2024,false,Y5T14
ISTAC:E30417A_000001,latest_audited_2026-09-28,2020-2024,island,la-palma,5–14 años,total,deaths,0,0,,MULTIYEAR_AGGREGATE,ADMIT_WITH_LIMITATIONS,mortality_5y_small_numbers_v1,https://datos.canarias.es/api/estadisticas/statistical-resources/v1.0/datasets/ISTAC/E30417A_000001/~latest.csv,2026-09-24,Defunciones de residentes; grandes grupos CIE-10; ventana fija de cinco años.,deaths,X,X. Enfermedades del sistema respiratorio,2020,2024,false,Y5T14
ISTAC:E30417A_000001,latest_audited_2026-09-28,2020-2024,island,la-palma,5–14 años,total,deaths,0,0,,MULTIYEAR_AGGREGATE,ADMIT_WITH_LIMITATIONS,mortality_5y_small_numbers_v1,https://datos.canarias.es/api/estadisticas/statistical-resources/v1.0/datasets/ISTAC/E30417A_000001/~latest.csv,2026-09-24,Defunciones de residentes; grandes grupos CIE-10; ventana fija de cinco años.,deaths,XVI,XVI. Afecciones originadas en el periodo perinatal,2020,2024,false,Y5T14
ISTAC:E30417A_000001,latest_audited_2026-09-28,2020-2024,island,la-palma,5–14 años,total,deaths,0,0,,MULTIYEAR_AGGREGATE,ADMIT_WITH_LIMITATIONS,mortality_5y_small_numbers_v1,https://datos.canarias.es/api/estadisticas/statistical-resources/v1.0/datasets/ISTAC/E30417A_000001/~latest.csv,2026-09-24,Defunciones de residentes; grandes grupos CIE-10; ventana fija de cinco años.,deaths,XVII,"XVII. Malformaciones congénitas, deformidades y anomalías cromosómicas",2020,2024,false,Y5T14
ISTAC:E30417A_000001,latest_audited_2026-09-28,2020-2024,island,la-palma,5–14 años,total,deaths,,,,MULTIYEAR_AGGREGATE,ADMIT_WITH_LIMITATIONS,mortality_5y_small_numbers_v1,https://datos.canarias.es/api/estadisticas/statistical-resources/v1.0/datasets/ISTAC/E30417A_000001/~latest.csv,2026-09-24,Defunciones de residentes; grandes grupos CIE-10; ventana fija de cinco años.,deaths,XX,XX. Causas externas de mortalidad,2020,2024,true,Y5T14
ISTAC:E30417A_000001,latest_audited_2026-09-28,2020-2024,island,la-palma,5–14 años,total,deaths,,,,MULTIYEAR_AGGREGATE,ADMIT_WITH_LIMITATIONS,mortality_5y_small_numbers_v1,https://datos.canarias.es/api/estadisticas/statistical-resources/v1.0/datasets/ISTAC/E30417A_000001/~latest.csv,2026-09-24,Defunciones de residentes; grandes grupos CIE-10; ventana fija de cinco años.,deaths,_T,Total,2020,2024,true,Y5T14
ISTAC:E30417A_000001,latest_audited_2026-09-28,2020-2024,island,la-palma,<1 año,total,deaths,0,0,,MULTIYEAR_AGGREGATE,ADMIT_WITH_LIMITATIONS,mortality_5y_small_numbers_v1,https://datos.canarias.es/api/estadisticas/statistical-resources/v1.0/datasets/ISTAC/E30417A_000001/~latest.csv,2026-09-24,Defunciones de residentes; grandes grupos CIE-10; ventana fija de cinco años.,deaths,I,I. Enfermedades infecciosas y parasitarias,2020,2024,false,Y_LT1
ISTAC:E30417A_000001,latest_audited_2026-09-28,2020-2024,island,la-palma,<1 año,total,deaths,0,0,,MULTIYEAR_AGGREGATE,ADMIT_WITH_LIMITATIONS,mortality_5y_small_numbers_v1,https://datos.canarias.es/api/estadisticas/statistical-resources/v1.0/datasets/ISTAC/E30417A_000001/~latest.csv,2026-09-24,Defunciones de residentes; grandes grupos CIE-10; ventana fija de cinco años.,deaths,II,II. Tumores,2020,2024,false,Y_LT1
ISTAC:E30417A_000001,latest_audited_2026-09-28,2020-2024,island,la-palma,<1 año,total,deaths,0,0,,MULTIYEAR_AGGREGATE,ADMIT_WITH_LIMITATIONS,mortality_5y_small_numbers_v1,https://datos.canarias.es/api/estadisticas/statistical-resources/v1.0/datasets/ISTAC/E30417A_000001/~latest.csv,2026-09-24,Defunciones de residentes; grandes grupos CIE-10; ventana fija de cinco años.,deaths,X,X. Enfermedades del sistema respiratorio,2020,2024,false,Y_LT1
ISTAC:E30417A_000001,latest_audited_2026-09-28,2020-2024,island,la-palma,<1 año,total,deaths,9,9,,MULTIYEAR_AGGREGATE,ADMIT_WITH_LIMITATIONS,mortality_5y_small_numbers_v1,https://datos.canarias.es/api/estadisticas/statistical-resources/v1.0/datasets/ISTAC/E30417A_000001/~latest.csv,2026-09-24,Defunciones de residentes; grandes grupos CIE-10; ventana fija de cinco años.,deaths,XVI,XVI. Afecciones originadas en el periodo perinatal,2020,2024,false,Y_LT1
ISTAC:E30417A_000001,latest_audited_2026-09-28,2020-2024,island,la-palma,<1 año,total,deaths,,,,MULTIYEAR_AGGREGATE,ADMIT_WITH_LIMITATIONS,mortality_5y_small_numbers_v1,https://datos.canarias.es/api/estadisticas/statistical-resources/v1.0/datasets/ISTAC/E30417A_000001/~latest.csv,2026-09-24,Defunciones de residentes; grandes grupos CIE-10; ventana fija de cinco años.,deaths,XVII,"XVII. Malformaciones congénitas, deformidades y anomalías cromosómicas",2020,2024,true,Y_LT1
ISTAC:E30417A_000001,latest_audited_2026-09-28,2020-2024,island,la-palma,<1 año,total,deaths,0,0,,MULTIYEAR_AGGREGATE,ADMIT_WITH_LIMITATIONS,mortality_5y_small_numbers_v1,https://datos.canarias.es/api/estadisticas/statistical-resources/v1.0/datasets/ISTAC/E30417A_000001/~latest.csv,2026-09-24,Defunciones de residentes; grandes grupos CIE-10; ventana fija de cinco años.,deaths,XX,XX. Causas externas de mortalidad,2020,2024,false,Y_LT1
ISTAC:E30417A_000001,latest_audited_2026-09-28,2020-2024,island,la-palma,<1 año,total,deaths,10,10,,MULTIYEAR_AGGREGATE,ADMIT_WITH_LIMITATIONS,mortality_5y_small_numbers_v1,https://datos.canarias.es/api/estadisticas/statistical-resources/v1.0/datasets/ISTAC/E30417A_000001/~latest.csv,2026-09-24,Defunciones de residentes; grandes grupos CIE-10; ventana fija de cinco años.,deaths,_T,Total,2020,2024,false,Y_LT1
ISTAC:E30417A_000001,latest_audited_2026-09-28,2020-2024,island,lanzarote,1–4 años,total,deaths,0,0,,MULTIYEAR_AGGREGATE,ADMIT_WITH_LIMITATIONS,mortality_5y_small_numbers_v1,https://datos.canarias.es/api/estadisticas/statistical-resources/v1.0/datasets/ISTAC/E30417A_000001/~latest.csv,2026-09-24,Defunciones de residentes; grandes grupos CIE-10; ventana fija de cinco años.,deaths,I,I. Enfermedades infecciosas y parasitarias,2020,2024,false,Y1T4
ISTAC:E30417A_000001,latest_audited_2026-09-28,2020-2024,island,lanzarote,1–4 años,total,deaths,0,0,,MULTIYEAR_AGGREGATE,ADMIT_WITH_LIMITATIONS,mortality_5y_small_numbers_v1,https://datos.canarias.es/api/estadisticas/statistical-resources/v1.0/datasets/ISTAC/E30417A_000001/~latest.csv,2026-09-24,Defunciones de residentes; grandes grupos CIE-10; ventana fija de cinco años.,deaths,II,II. Tumores,2020,2024,false,Y1T4
ISTAC:E30417A_000001,latest_audited_2026-09-28,2020-2024,island,lanzarote,1–4 años,total,deaths,0,0,,MULTIYEAR_AGGREGATE,ADMIT_WITH_LIMITATIONS,mortality_5y_small_numbers_v1,https://datos.canarias.es/api/estadisticas/statistical-resources/v1.0/datasets/ISTAC/E30417A_000001/~latest.csv,2026-09-24,Defunciones de residentes; grandes grupos CIE-10; ventana fija de cinco años.,deaths,X,X. Enfermedades del sistema respiratorio,2020,2024,false,Y1T4
ISTAC:E30417A_000001,latest_audited_2026-09-28,2020-2024,island,lanzarote,1–4 años,total,deaths,0,0,,MULTIYEAR_AGGREGATE,ADMIT_WITH_LIMITATIONS,mortality_5y_small_numbers_v1,https://datos.canarias.es/api/estadisticas/statistical-resources/v1.0/datasets/ISTAC/E30417A_000001/~latest.csv,2026-09-24,Defunciones de residentes; grandes grupos CIE-10; ventana fija de cinco años.,deaths,XVI,XVI. Afecciones originadas en el periodo perinatal,2020,2024,false,Y1T4
ISTAC:E30417A_000001,latest_audited_2026-09-28,2020-2024,island,lanzarote,1–4 años,total,deaths,,,,MULTIYEAR_AGGREGATE,ADMIT_WITH_LIMITATIONS,mortality_5y_small_numbers_v1,https://datos.canarias.es/api/estadisticas/statistical-resources/v1.0/datasets/ISTAC/E30417A_000001/~latest.csv,2026-09-24,Defunciones de residentes; grandes grupos CIE-10; ventana fija de cinco años.,deaths,XVII,"XVII. Malformaciones congénitas, deformidades y anomalías cromosómicas",2020,2024,true,Y1T4
ISTAC:E30417A_000001,latest_audited_2026-09-28,2020-2024,island,lanzarote,1–4 años,total,deaths,0,0,,MULTIYEAR_AGGREGATE,ADMIT_WITH_LIMITATIONS,mortality_5y_small_numbers_v1,https://datos.canarias.es/api/estadisticas/statistical-resources/v1.0/datasets/ISTAC/E30417A_000001/~latest.csv,2026-09-24,Defunciones de residentes; grandes grupos CIE-10; ventana fija de cinco años.,deaths,XX,XX. Causas externas de mortalidad,2020,2024,false,Y1T4
ISTAC:E30417A_000001,latest_audited_2026-09-28,2020-2024,island,lanzarote,1–4 años,total,deaths,,,,MULTIYEAR_AGGREGATE,ADMIT_WITH_LIMITATIONS,mortality_5y_small_numbers_v1,https://datos.canarias.es/api/estadisticas/statistical-resources/v1.0/datasets/ISTAC/E30417A_000001/~latest.csv,2026-09-24,Defunciones de residentes; grandes grupos CIE-10; ventana fija de cinco años.,deaths,_T,Total,2020,2024,true,Y1T4
ISTAC:E30417A_000001,latest_audited_2026-09-28,2020-2024,island,lanzarote,5–14 años,total,deaths,0,0,,MULTIYEAR_AGGREGATE,ADMIT_WITH_LIMITATIONS,mortality_5y_small_numbers_v1,https://datos.canarias.es/api/estadisticas/statistical-resources/v1.0/datasets/ISTAC/E30417A_000001/~latest.csv,2026-09-24,Defunciones de residentes; grandes grupos CIE-10; ventana fija de cinco años.,deaths,I,I. Enfermedades infecciosas y parasitarias,2020,2024,false,Y5T14
ISTAC:E30417A_000001,latest_audited_2026-09-28,2020-2024,island,lanzarote,5–14 años,total,deaths,,,,MULTIYEAR_AGGREGATE,ADMIT_WITH_LIMITATIONS,mortality_5y_small_numbers_v1,https://datos.canarias.es/api/estadisticas/statistical-resources/v1.0/datasets/ISTAC/E30417A_000001/~latest.csv,2026-09-24,Defunciones de residentes; grandes grupos CIE-10; ventana fija de cinco años.,deaths,II,II. Tumores,2020,2024,true,Y5T14
ISTAC:E30417A_000001,latest_audited_2026-09-28,2020-2024,island,lanzarote,5–14 años,total,deaths,,,,MULTIYEAR_AGGREGATE,ADMIT_WITH_LIMITATIONS,mortality_5y_small_numbers_v1,https://datos.canarias.es/api/estadisticas/statistical-resources/v1.0/datasets/ISTAC/E30417A_000001/~latest.csv,2026-09-24,Defunciones de residentes; grandes grupos CIE-10; ventana fija de cinco años.,deaths,X,X. Enfermedades del sistema respiratorio,2020,2024,true,Y5T14
ISTAC:E30417A_000001,latest_audited_2026-09-28,2020-2024,island,lanzarote,5–14 años,total,deaths,,,,MULTIYEAR_AGGREGATE,ADMIT_WITH_LIMITATIONS,mortality_5y_small_numbers_v1,https://datos.canarias.es/api/estadisticas/statistical-resources/v1.0/datasets/ISTAC/E30417A_000001/~latest.csv,2026-09-24,Defunciones de residentes; grandes grupos CIE-10; ventana fija de cinco años.,deaths,XVI,XVI. Afecciones originadas en el periodo perinatal,2020,2024,true,Y5T14
ISTAC:E30417A_000001,latest_audited_2026-09-28,2020-2024,island,lanzarote,5–14 años,total,deaths,,,,MULTIYEAR_AGGREGATE,ADMIT_WITH_LIMITATIONS,mortality_5y_small_numbers_v1,https://datos.canarias.es/api/estadisticas/statistical-resources/v1.0/datasets/ISTAC/E30417A_000001/~latest.csv,2026-09-24,Defunciones de residentes; grandes grupos CIE-10; ventana fija de cinco años.,deaths,XVII,"XVII. Malformaciones congénitas, deformidades y anomalías cromosómicas",2020,2024,true,Y5T14
ISTAC:E30417A_000001,latest_audited_2026-09-28,2020-2024,island,lanzarote,5–14 años,total,deaths,,,,MULTIYEAR_AGGREGATE,ADMIT_WITH_LIMITATIONS,mortality_5y_small_numbers_v1,https://datos.canarias.es/api/estadisticas/statistical-resources/v1.0/datasets/ISTAC/E30417A_000001/~latest.csv,2026-09-24,Defunciones de residentes; grandes grupos CIE-10; ventana fija de cinco años.,deaths,XX,XX. Causas externas de mortalidad,2020,2024,true,Y5T14
ISTAC:E30417A_000001,latest_audited_2026-09-28,2020-2024,island,lanzarote,5–14 años,total,deaths,8,8,,MULTIYEAR_AGGREGATE,ADMIT_WITH_LIMITATIONS,mortality_5y_small_numbers_v1,https://datos.canarias.es/api/estadisticas/statistical-resources/v1.0/datasets/ISTAC/E30417A_000001/~latest.csv,2026-09-24,Defunciones de residentes; grandes grupos CIE-10; ventana fija de cinco años.,deaths,_T,Total,2020,2024,false,Y5T14
ISTAC:E30417A_000001,latest_audited_2026-09-28,2020-2024,island,lanzarote,<1 año,total,deaths,,,,MULTIYEAR_AGGREGATE,ADMIT_WITH_LIMITATIONS,mortality_5y_small_numbers_v1,https://datos.canarias.es/api/estadisticas/statistical-resources/v1.0/datasets/ISTAC/E30417A_000001/~latest.csv,2026-09-24,Defunciones de residentes; grandes grupos CIE-10; ventana fija de cinco años.,deaths,I,I. Enfermedades infecciosas y parasitarias,2020,2024,true,Y_LT1
ISTAC:E30417A_000001,latest_audited_2026-09-28,2020-2024,island,lanzarote,<1 año,total,deaths,0,0,,MULTIYEAR_AGGREGATE,ADMIT_WITH_LIMITATIONS,mortality_5y_small_numbers_v1,https://datos.canarias.es/api/estadisticas/statistical-resources/v1.0/datasets/ISTAC/E30417A_000001/~latest.csv,2026-09-24,Defunciones de residentes; grandes grupos CIE-10; ventana fija de cinco años.,deaths,II,II. Tumores,2020,2024,false,Y_LT1
ISTAC:E30417A_000001,latest_audited_2026-09-28,2020-2024,island,lanzarote,<1 año,total,deaths,0,0,,MULTIYEAR_AGGREGATE,ADMIT_WITH_LIMITATIONS,mortality_5y_small_numbers_v1,https://datos.canarias.es/api/estadisticas/statistical-resources/v1.0/datasets/ISTAC/E30417A_000001/~latest.csv,2026-09-24,Defunciones de residentes; grandes grupos CIE-10; ventana fija de cinco años.,deaths,X,X. Enfermedades del sistema respiratorio,2020,2024,false,Y_LT1
ISTAC:E30417A_000001,latest_audited_2026-09-28,2020-2024,island,lanzarote,<1 año,total,deaths,10,10,,MULTIYEAR_AGGREGATE,ADMIT_WITH_LIMITATIONS,mortality_5y_small_numbers_v1,https://datos.canarias.es/api/estadisticas/statistical-resources/v1.0/datasets/ISTAC/E30417A_000001/~latest.csv,2026-09-24,Defunciones de residentes; grandes grupos CIE-10; ventana fija de cinco años.,deaths,XVI,XVI. Afecciones originadas en el periodo perinatal,2020,2024,false,Y_LT1
ISTAC:E30417A_000001,latest_audited_2026-09-28,2020-2024,island,lanzarote,<1 año,total,deaths,0,0,,MULTIYEAR_AGGREGATE,ADMIT_WITH_LIMITATIONS,mortality_5y_small_numbers_v1,https://datos.canarias.es/api/estadisticas/statistical-resources/v1.0/datasets/ISTAC/E30417A_000001/~latest.csv,2026-09-24,Defunciones de residentes; grandes grupos CIE-10; ventana fija de cinco años.,deaths,XVII,"XVII. Malformaciones congénitas, deformidades y anomalías cromosómicas",2020,2024,false,Y_LT1
ISTAC:E30417A_000001,latest_audited_2026-09-28,2020-2024,island,lanzarote,<1 año,total,deaths,,,,MULTIYEAR_AGGREGATE,ADMIT_WITH_LIMITATIONS,mortality_5y_small_numbers_v1,https://datos.canarias.es/api/estadisticas/statistical-resources/v1.0/datasets/ISTAC/E30417A_000001/~latest.csv,2026-09-24,Defunciones de residentes; grandes grupos CIE-10; ventana fija de cinco años.,deaths,XX,XX. Causas externas de mortalidad,2020,2024,true,Y_LT1
ISTAC:E30417A_000001,latest_audited_2026-09-28,2020-2024,island,lanzarote,<1 año,total,deaths,14,14,,MULTIYEAR_AGGREGATE,ADMIT_WITH_LIMITATIONS,mortality_5y_small_numbers_v1,https://datos.canarias.es/api/estadisticas/statistical-resources/v1.0/datasets/ISTAC/E30417A_000001/~latest.csv,2026-09-24,Defunciones de residentes; grandes grupos CIE-10; ventana fija de cinco años.,deaths,_T,Total,2020,2024,false,Y_LT1
ISTAC:E30417A_000001,latest_audited_2026-09-28,2020-2024,island,tenerife,1–4 años,total,deaths,0,0,,MULTIYEAR_AGGREGATE,ADMIT_WITH_LIMITATIONS,mortality_5y_small_numbers_v1,https://datos.canarias.es/api/estadisticas/statistical-resources/v1.0/datasets/ISTAC/E30417A_000001/~latest.csv,2026-09-24,Defunciones de residentes; grandes grupos CIE-10; ventana fija de cinco años.,deaths,I,I. Enfermedades infecciosas y parasitarias,2020,2024,false,Y1T4
ISTAC:E30417A_000001,latest_audited_2026-09-28,2020-2024,island,tenerife,1–4 años,total,deaths,,,,MULTIYEAR_AGGREGATE,ADMIT_WITH_LIMITATIONS,mortality_5y_small_numbers_v1,https://datos.canarias.es/api/estadisticas/statistical-resources/v1.0/datasets/ISTAC/E30417A_000001/~latest.csv,2026-09-24,Defunciones de residentes; grandes grupos CIE-10; ventana fija de cinco años.,deaths,II,II. Tumores,2020,2024,true,Y1T4
ISTAC:E30417A_000001,latest_audited_2026-09-28,2020-2024,island,tenerife,1–4 años,total,deaths,0,0,,MULTIYEAR_AGGREGATE,ADMIT_WITH_LIMITATIONS,mortality_5y_small_numbers_v1,https://datos.canarias.es/api/estadisticas/statistical-resources/v1.0/datasets/ISTAC/E30417A_000001/~latest.csv,2026-09-24,Defunciones de residentes; grandes grupos CIE-10; ventana fija de cinco años.,deaths,X,X. Enfermedades del sistema respiratorio,2020,2024,false,Y1T4
ISTAC:E30417A_000001,latest_audited_2026-09-28,2020-2024,island,tenerife,1–4 años,total,deaths,0,0,,MULTIYEAR_AGGREGATE,ADMIT_WITH_LIMITATIONS,mortality_5y_small_numbers_v1,https://datos.canarias.es/api/estadisticas/statistical-resources/v1.0/datasets/ISTAC/E30417A_000001/~latest.csv,2026-09-24,Defunciones de residentes; grandes grupos CIE-10; ventana fija de cinco años.,deaths,XVI,XVI. Afecciones originadas en el periodo perinatal,2020,2024,false,Y1T4
ISTAC:E30417A_000001,latest_audited_2026-09-28,2020-2024,island,tenerife,1–4 años,total,deaths,,,,MULTIYEAR_AGGREGATE,ADMIT_WITH_LIMITATIONS,mortality_5y_small_numbers_v1,https://datos.canarias.es/api/estadisticas/statistical-resources/v1.0/datasets/ISTAC/E30417A_000001/~latest.csv,2026-09-24,Defunciones de residentes; grandes grupos CIE-10; ventana fija de cinco años.,deaths,XVII,"XVII. Malformaciones congénitas, deformidades y anomalías cromosómicas",2020,2024,true,Y1T4
ISTAC:E30417A_000001,latest_audited_2026-09-28,2020-2024,island,tenerife,1–4 años,total,deaths,,,,MULTIYEAR_AGGREGATE,ADMIT_WITH_LIMITATIONS,mortality_5y_small_numbers_v1,https://datos.canarias.es/api/estadisticas/statistical-resources/v1.0/datasets/ISTAC/E30417A_000001/~latest.csv,2026-09-24,Defunciones de residentes; grandes grupos CIE-10; ventana fija de cinco años.,deaths,XX,XX. Causas externas de mortalidad,2020,2024,true,Y1T4
ISTAC:E30417A_000001,latest_audited_2026-09-28,2020-2024,island,tenerife,1–4 años,total,deaths,13,13,,MULTIYEAR_AGGREGATE,ADMIT_WITH_LIMITATIONS,mortality_5y_small_numbers_v1,https://datos.canarias.es/api/estadisticas/statistical-resources/v1.0/datasets/ISTAC/E30417A_000001/~latest.csv,2026-09-24,Defunciones de residentes; grandes grupos CIE-10; ventana fija de cinco años.,deaths,_T,Total,2020,2024,false,Y1T4
ISTAC:E30417A_000001,latest_audited_2026-09-28,2020-2024,island,tenerife,5–14 años,total,deaths,,,,MULTIYEAR_AGGREGATE,ADMIT_WITH_LIMITATIONS,mortality_5y_small_numbers_v1,https://datos.canarias.es/api/estadisticas/statistical-resources/v1.0/datasets/ISTAC/E30417A_000001/~latest.csv,2026-09-24,Defunciones de residentes; grandes grupos CIE-10; ventana fija de cinco años.,deaths,I,I. Enfermedades infecciosas y parasitarias,2020,2024,true,Y5T14
ISTAC:E30417A_000001,latest_audited_2026-09-28,2020-2024,island,tenerife,5–14 años,total,deaths,11,11,,MULTIYEAR_AGGREGATE,ADMIT_WITH_LIMITATIONS,mortality_5y_small_numbers_v1,https://datos.canarias.es/api/estadisticas/statistical-resources/v1.0/datasets/ISTAC/E30417A_000001/~latest.csv,2026-09-24,Defunciones de residentes; grandes grupos CIE-10; ventana fija de cinco años.,deaths,II,II. Tumores,2020,2024,false,Y5T14
ISTAC:E30417A_000001,latest_audited_2026-09-28,2020-2024,island,tenerife,5–14 años,total,deaths,,,,MULTIYEAR_AGGREGATE,ADMIT_WITH_LIMITATIONS,mortality_5y_small_numbers_v1,https://datos.canarias.es/api/estadisticas/statistical-resources/v1.0/datasets/ISTAC/E30417A_000001/~latest.csv,2026-09-24,Defunciones de residentes; grandes grupos CIE-10; ventana fija de cinco años.,deaths,X,X. Enfermedades del sistema respiratorio,2020,2024,true,Y5T14
ISTAC:E30417A_000001,latest_audited_2026-09-28,2020-2024,island,tenerife,5–14 años,total,deaths,0,0,,MULTIYEAR_AGGREGATE,ADMIT_WITH_LIMITATIONS,mortality_5y_small_numbers_v1,https://datos.canarias.es/api/estadisticas/statistical-resources/v1.0/datasets/ISTAC/E30417A_000001/~latest.csv,2026-09-24,Defunciones de residentes; grandes grupos CIE-10; ventana fija de cinco años.,deaths,XVI,XVI. Afecciones originadas en el periodo perinatal,2020,2024,false,Y5T14
ISTAC:E30417A_000001,latest_audited_2026-09-28,2020-2024,island,tenerife,5–14 años,total,deaths,,,,MULTIYEAR_AGGREGATE,ADMIT_WITH_LIMITATIONS,mortality_5y_small_numbers_v1,https://datos.canarias.es/api/estadisticas/statistical-resources/v1.0/datasets/ISTAC/E30417A_000001/~latest.csv,2026-09-24,Defunciones de residentes; grandes grupos CIE-10; ventana fija de cinco años.,deaths,XVII,"XVII. Malformaciones congénitas, deformidades y anomalías cromosómicas",2020,2024,true,Y5T14
ISTAC:E30417A_000001,latest_audited_2026-09-28,2020-2024,island,tenerife,5–14 años,total,deaths,5,5,,MULTIYEAR_AGGREGATE,ADMIT_WITH_LIMITATIONS,mortality_5y_small_numbers_v1,https://datos.canarias.es/api/estadisticas/statistical-resources/v1.0/datasets/ISTAC/E30417A_000001/~latest.csv,2026-09-24,Defunciones de residentes; grandes grupos CIE-10; ventana fija de cinco años.,deaths,XX,XX. Causas externas de mortalidad,2020,2024,false,Y5T14
ISTAC:E30417A_000001,latest_audited_2026-09-28,2020-2024,island,tenerife,5–14 años,total,deaths,30,30,,MULTIYEAR_AGGREGATE,ADMIT_WITH_LIMITATIONS,mortality_5y_small_numbers_v1,https://datos.canarias.es/api/estadisticas/statistical-resources/v1.0/datasets/ISTAC/E30417A_000001/~latest.csv,2026-09-24,Defunciones de residentes; grandes grupos CIE-10; ventana fija de cinco años.,deaths,_T,Total,2020,2024,false,Y5T14
ISTAC:E30417A_000001,latest_audited_2026-09-28,2020-2024,island,tenerife,<1 año,total,deaths,0,0,,MULTIYEAR_AGGREGATE,ADMIT_WITH_LIMITATIONS,mortality_5y_small_numbers_v1,https://datos.canarias.es/api/estadisticas/statistical-resources/v1.0/datasets/ISTAC/E30417A_000001/~latest.csv,2026-09-24,Defunciones de residentes; grandes grupos CIE-10; ventana fija de cinco años.,deaths,I,I. Enfermedades infecciosas y parasitarias,2020,2024,false,Y_LT1
ISTAC:E30417A_000001,latest_audited_2026-09-28,2020-2024,island,tenerife,<1 año,total,deaths,,,,MULTIYEAR_AGGREGATE,ADMIT_WITH_LIMITATIONS,mortality_5y_small_numbers_v1,https://datos.canarias.es/api/estadisticas/statistical-resources/v1.0/datasets/ISTAC/E30417A_000001/~latest.csv,2026-09-24,Defunciones de residentes; grandes grupos CIE-10; ventana fija de cinco años.,deaths,II,II. Tumores,2020,2024,true,Y_LT1
ISTAC:E30417A_000001,latest_audited_2026-09-28,2020-2024,island,tenerife,<1 año,total,deaths,,,,MULTIYEAR_AGGREGATE,ADMIT_WITH_LIMITATIONS,mortality_5y_small_numbers_v1,https://datos.canarias.es/api/estadisticas/statistical-resources/v1.0/datasets/ISTAC/E30417A_000001/~latest.csv,2026-09-24,Defunciones de residentes; grandes grupos CIE-10; ventana fija de cinco años.,deaths,X,X. Enfermedades del sistema respiratorio,2020,2024,true,Y_LT1
ISTAC:E30417A_000001,latest_audited_2026-09-28,2020-2024,island,tenerife,<1 año,total,deaths,41,41,,MULTIYEAR_AGGREGATE,ADMIT_WITH_LIMITATIONS,mortality_5y_small_numbers_v1,https://datos.canarias.es/api/estadisticas/statistical-resources/v1.0/datasets/ISTAC/E30417A_000001/~latest.csv,2026-09-24,Defunciones de residentes; grandes grupos CIE-10; ventana fija de cinco años.,deaths,XVI,XVI. Afecciones originadas en el periodo perinatal,2020,2024,false,Y_LT1
ISTAC:E30417A_000001,latest_audited_2026-09-28,2020-2024,island,tenerife,<1 año,total,deaths,14,14,,MULTIYEAR_AGGREGATE,ADMIT_WITH_LIMITATIONS,mortality_5y_small_numbers_v1,https://datos.canarias.es/api/estadisticas/statistical-resources/v1.0/datasets/ISTAC/E30417A_000001/~latest.csv,2026-09-24,Defunciones de residentes; grandes grupos CIE-10; ventana fija de cinco años.,deaths,XVII,"XVII. Malformaciones congénitas, deformidades y anomalías cromosómicas",2020,2024,false,Y_LT1
ISTAC:E30417A_000001,latest_audited_2026-09-28,2020-2024,island,tenerife,<1 año,total,deaths,0,0,,MULTIYEAR_AGGREGATE,ADMIT_WITH_LIMITATIONS,mortality_5y_small_numbers_v1,https://datos.canarias.es/api/estadisticas/statistical-resources/v1.0/datasets/ISTAC/E30417A_000001/~latest.csv,2026-09-24,Defunciones de residentes; grandes grupos CIE-10; ventana fija de cinco años.,deaths,XX,XX. Causas externas de mortalidad,2020,2024,false,Y_LT1
ISTAC:E30417A_000001,latest_audited_2026-09-28,2020-2024,island,tenerife,<1 año,total,deaths,74,74,,MULTIYEAR_AGGREGATE,ADMIT_WITH_LIMITATIONS,mortality_5y_small_numbers_v1,https://datos.canarias.es/api/estadisticas/statistical-resources/v1.0/datasets/ISTAC/E30417A_000001/~latest.csv,2026-09-24,Defunciones de residentes; grandes grupos CIE-10; ventana fija de cinco años.,deaths,_T,Total,2020,2024,false,Y_LT1
