source_url,dataset_version,checksum,retrieved_at,license_url,source_id,parser_version,reference_date,reference_period,specialty,specialty_label,wait_type,geography_level,geography_id,pending_patients,value_status,data_status,time_band,mean_wait_days_if_available,age_group_original,comparability_status,method_id
https://datos.canarias.es/api/estadisticas/statistical-resources/v1.0/datasets/ISTAC/C00045A_000002/1.3.csv,1.3,14eb84d8467658ac174de5625f0e2a85d55b460bb2531397b6e27a3b7db6648e,2026-09-28T10:43:46.908563+00:00,https://www.gobiernodecanarias.org/istac/aviso_legal.html,outpatient,phase6-v1,2017-06-30,2017-M06,PEDIATRIA,Pediatría,outpatient,autonomous_community,canarias,948.0,OBSERVED,ADMINISTRATIVE_STOCK,_T,,Especialidad pediátrica; edad individual no publicada,ADMIT_WITH_LIMITATIONS,waiting_regional_stock_v1
https://datos.canarias.es/api/estadisticas/statistical-resources/v1.0/datasets/ISTAC/C00045A_000002/1.3.csv,1.3,14eb84d8467658ac174de5625f0e2a85d55b460bb2531397b6e27a3b7db6648e,2026-09-28T10:43:46.908563+00:00,https://www.gobiernodecanarias.org/istac/aviso_legal.html,outpatient,phase6-v1,2017-06-30,2017-M06,CIRUGIA_PEDIATRICA,Cirugía pediátrica,outpatient,autonomous_community,canarias,520.0,OBSERVED,ADMINISTRATIVE_STOCK,_T,,Especialidad pediátrica; edad individual no publicada,ADMIT_WITH_LIMITATIONS,waiting_regional_stock_v1
https://datos.canarias.es/api/estadisticas/statistical-resources/v1.0/datasets/ISTAC/C00045A_000002/1.3.csv,1.3,14eb84d8467658ac174de5625f0e2a85d55b460bb2531397b6e27a3b7db6648e,2026-09-28T10:43:46.908563+00:00,https://www.gobiernodecanarias.org/istac/aviso_legal.html,outpatient,phase6-v1,2017-12-31,2017-M12,PEDIATRIA,Pediatría,outpatient,autonomous_community,canarias,996.0,OBSERVED,ADMINISTRATIVE_STOCK,_T,,Especialidad pediátrica; edad individual no publicada,ADMIT_WITH_LIMITATIONS,waiting_regional_stock_v1
https://datos.canarias.es/api/estadisticas/statistical-resources/v1.0/datasets/ISTAC/C00045A_000002/1.3.csv,1.3,14eb84d8467658ac174de5625f0e2a85d55b460bb2531397b6e27a3b7db6648e,2026-09-28T10:43:46.908563+00:00,https://www.gobiernodecanarias.org/istac/aviso_legal.html,outpatient,phase6-v1,2017-12-31,2017-M12,CIRUGIA_PEDIATRICA,Cirugía pediátrica,outpatient,autonomous_community,canarias,339.0,OBSERVED,ADMINISTRATIVE_STOCK,_T,,Especialidad pediátrica; edad individual no publicada,ADMIT_WITH_LIMITATIONS,waiting_regional_stock_v1
https://datos.canarias.es/api/estadisticas/statistical-resources/v1.0/datasets/ISTAC/C00045A_000002/1.3.csv,1.3,14eb84d8467658ac174de5625f0e2a85d55b460bb2531397b6e27a3b7db6648e,2026-09-28T10:43:46.908563+00:00,https://www.gobiernodecanarias.org/istac/aviso_legal.html,outpatient,phase6-v1,2018-06-30,2018-M06,PEDIATRIA,Pediatría,outpatient,autonomous_community,canarias,961.0,OBSERVED,ADMINISTRATIVE_STOCK,_T,,Especialidad pediátrica; edad individual no publicada,ADMIT_WITH_LIMITATIONS,waiting_regional_stock_v1
https://datos.canarias.es/api/estadisticas/statistical-resources/v1.0/datasets/ISTAC/C00045A_000002/1.3.csv,1.3,14eb84d8467658ac174de5625f0e2a85d55b460bb2531397b6e27a3b7db6648e,2026-09-28T10:43:46.908563+00:00,https://www.gobiernodecanarias.org/istac/aviso_legal.html,outpatient,phase6-v1,2018-06-30,2018-M06,CIRUGIA_PEDIATRICA,Cirugía pediátrica,outpatient,autonomous_community,canarias,564.0,OBSERVED,ADMINISTRATIVE_STOCK,_T,,Especialidad pediátrica; edad individual no publicada,ADMIT_WITH_LIMITATIONS,waiting_regional_stock_v1
https://datos.canarias.es/api/estadisticas/statistical-resources/v1.0/datasets/ISTAC/C00045A_000002/1.3.csv,1.3,14eb84d8467658ac174de5625f0e2a85d55b460bb2531397b6e27a3b7db6648e,2026-09-28T10:43:46.908563+00:00,https://www.gobiernodecanarias.org/istac/aviso_legal.html,outpatient,phase6-v1,2018-12-31,2018-M12,PEDIATRIA,Pediatría,outpatient,autonomous_community,canarias,618.0,OBSERVED,ADMINISTRATIVE_STOCK,_T,,Especialidad pediátrica; edad individual no publicada,ADMIT_WITH_LIMITATIONS,waiting_regional_stock_v1
https://datos.canarias.es/api/estadisticas/statistical-resources/v1.0/datasets/ISTAC/C00045A_000002/1.3.csv,1.3,14eb84d8467658ac174de5625f0e2a85d55b460bb2531397b6e27a3b7db6648e,2026-09-28T10:43:46.908563+00:00,https://www.gobiernodecanarias.org/istac/aviso_legal.html,outpatient,phase6-v1,2018-12-31,2018-M12,CIRUGIA_PEDIATRICA,Cirugía pediátrica,outpatient,autonomous_community,canarias,513.0,OBSERVED,ADMINISTRATIVE_STOCK,_T,,Especialidad pediátrica; edad individual no publicada,ADMIT_WITH_LIMITATIONS,waiting_regional_stock_v1
https://datos.canarias.es/api/estadisticas/statistical-resources/v1.0/datasets/ISTAC/C00045A_000002/1.3.csv,1.3,14eb84d8467658ac174de5625f0e2a85d55b460bb2531397b6e27a3b7db6648e,2026-09-28T10:43:46.908563+00:00,https://www.gobiernodecanarias.org/istac/aviso_legal.html,outpatient,phase6-v1,2019-06-30,2019-M06,PEDIATRIA,Pediatría,outpatient,autonomous_community,canarias,707.0,OBSERVED,ADMINISTRATIVE_STOCK,_T,,Especialidad pediátrica; edad individual no publicada,ADMIT_WITH_LIMITATIONS,waiting_regional_stock_v1
https://datos.canarias.es/api/estadisticas/statistical-resources/v1.0/datasets/ISTAC/C00045A_000002/1.3.csv,1.3,14eb84d8467658ac174de5625f0e2a85d55b460bb2531397b6e27a3b7db6648e,2026-09-28T10:43:46.908563+00:00,https://www.gobiernodecanarias.org/istac/aviso_legal.html,outpatient,phase6-v1,2019-06-30,2019-M06,CIRUGIA_PEDIATRICA,Cirugía pediátrica,outpatient,autonomous_community,canarias,707.0,OBSERVED,ADMINISTRATIVE_STOCK,_T,,Especialidad pediátrica; edad individual no publicada,ADMIT_WITH_LIMITATIONS,waiting_regional_stock_v1
https://datos.canarias.es/api/estadisticas/statistical-resources/v1.0/datasets/ISTAC/C00045A_000002/1.3.csv,1.3,14eb84d8467658ac174de5625f0e2a85d55b460bb2531397b6e27a3b7db6648e,2026-09-28T10:43:46.908563+00:00,https://www.gobiernodecanarias.org/istac/aviso_legal.html,outpatient,phase6-v1,2019-12-31,2019-M12,PEDIATRIA,Pediatría,outpatient,autonomous_community,canarias,454.0,OBSERVED,ADMINISTRATIVE_STOCK,_T,,Especialidad pediátrica; edad individual no publicada,ADMIT_WITH_LIMITATIONS,waiting_regional_stock_v1
https://datos.canarias.es/api/estadisticas/statistical-resources/v1.0/datasets/ISTAC/C00045A_000002/1.3.csv,1.3,14eb84d8467658ac174de5625f0e2a85d55b460bb2531397b6e27a3b7db6648e,2026-09-28T10:43:46.908563+00:00,https://www.gobiernodecanarias.org/istac/aviso_legal.html,outpatient,phase6-v1,2019-12-31,2019-M12,CIRUGIA_PEDIATRICA,Cirugía pediátrica,outpatient,autonomous_community,canarias,434.0,OBSERVED,ADMINISTRATIVE_STOCK,_T,,Especialidad pediátrica; edad individual no publicada,ADMIT_WITH_LIMITATIONS,waiting_regional_stock_v1
https://datos.canarias.es/api/estadisticas/statistical-resources/v1.0/datasets/ISTAC/C00045A_000002/1.3.csv,1.3,14eb84d8467658ac174de5625f0e2a85d55b460bb2531397b6e27a3b7db6648e,2026-09-28T10:43:46.908563+00:00,https://www.gobiernodecanarias.org/istac/aviso_legal.html,outpatient,phase6-v1,2020-06-30,2020-M06,PEDIATRIA,Pediatría,outpatient,autonomous_community,canarias,366.0,OBSERVED,ADMINISTRATIVE_STOCK,_T,,Especialidad pediátrica; edad individual no publicada,ADMIT_WITH_LIMITATIONS,waiting_regional_stock_v1
https://datos.canarias.es/api/estadisticas/statistical-resources/v1.0/datasets/ISTAC/C00045A_000002/1.3.csv,1.3,14eb84d8467658ac174de5625f0e2a85d55b460bb2531397b6e27a3b7db6648e,2026-09-28T10:43:46.908563+00:00,https://www.gobiernodecanarias.org/istac/aviso_legal.html,outpatient,phase6-v1,2020-06-30,2020-M06,CIRUGIA_PEDIATRICA,Cirugía pediátrica,outpatient,autonomous_community,canarias,198.0,OBSERVED,ADMINISTRATIVE_STOCK,_T,,Especialidad pediátrica; edad individual no publicada,ADMIT_WITH_LIMITATIONS,waiting_regional_stock_v1
https://datos.canarias.es/api/estadisticas/statistical-resources/v1.0/datasets/ISTAC/C00045A_000002/1.3.csv,1.3,14eb84d8467658ac174de5625f0e2a85d55b460bb2531397b6e27a3b7db6648e,2026-09-28T10:43:46.908563+00:00,https://www.gobiernodecanarias.org/istac/aviso_legal.html,outpatient,phase6-v1,2020-12-31,2020-M12,PEDIATRIA,Pediatría,outpatient,autonomous_community,canarias,468.0,OBSERVED,ADMINISTRATIVE_STOCK,_T,,Especialidad pediátrica; edad individual no publicada,ADMIT_WITH_LIMITATIONS,waiting_regional_stock_v1
https://datos.canarias.es/api/estadisticas/statistical-resources/v1.0/datasets/ISTAC/C00045A_000002/1.3.csv,1.3,14eb84d8467658ac174de5625f0e2a85d55b460bb2531397b6e27a3b7db6648e,2026-09-28T10:43:46.908563+00:00,https://www.gobiernodecanarias.org/istac/aviso_legal.html,outpatient,phase6-v1,2020-12-31,2020-M12,CIRUGIA_PEDIATRICA,Cirugía pediátrica,outpatient,autonomous_community,canarias,90.0,OBSERVED,ADMINISTRATIVE_STOCK,_T,,Especialidad pediátrica; edad individual no publicada,ADMIT_WITH_LIMITATIONS,waiting_regional_stock_v1
https://datos.canarias.es/api/estadisticas/statistical-resources/v1.0/datasets/ISTAC/C00045A_000002/1.3.csv,1.3,14eb84d8467658ac174de5625f0e2a85d55b460bb2531397b6e27a3b7db6648e,2026-09-28T10:43:46.908563+00:00,https://www.gobiernodecanarias.org/istac/aviso_legal.html,outpatient,phase6-v1,2021-06-30,2021-M06,PEDIATRIA,Pediatría,outpatient,autonomous_community,canarias,543.0,OBSERVED,ADMINISTRATIVE_STOCK,_T,,Especialidad pediátrica; edad individual no publicada,ADMIT_WITH_LIMITATIONS,waiting_regional_stock_v1
https://datos.canarias.es/api/estadisticas/statistical-resources/v1.0/datasets/ISTAC/C00045A_000002/1.3.csv,1.3,14eb84d8467658ac174de5625f0e2a85d55b460bb2531397b6e27a3b7db6648e,2026-09-28T10:43:46.908563+00:00,https://www.gobiernodecanarias.org/istac/aviso_legal.html,outpatient,phase6-v1,2021-06-30,2021-M06,CIRUGIA_PEDIATRICA,Cirugía pediátrica,outpatient,autonomous_community,canarias,109.0,OBSERVED,ADMINISTRATIVE_STOCK,_T,,Especialidad pediátrica; edad individual no publicada,ADMIT_WITH_LIMITATIONS,waiting_regional_stock_v1
https://datos.canarias.es/api/estadisticas/statistical-resources/v1.0/datasets/ISTAC/C00045A_000002/1.3.csv,1.3,14eb84d8467658ac174de5625f0e2a85d55b460bb2531397b6e27a3b7db6648e,2026-09-28T10:43:46.908563+00:00,https://www.gobiernodecanarias.org/istac/aviso_legal.html,outpatient,phase6-v1,2021-12-31,2021-M12,PEDIATRIA,Pediatría,outpatient,autonomous_community,canarias,518.0,OBSERVED,ADMINISTRATIVE_STOCK,_T,,Especialidad pediátrica; edad individual no publicada,ADMIT_WITH_LIMITATIONS,waiting_regional_stock_v1
https://datos.canarias.es/api/estadisticas/statistical-resources/v1.0/datasets/ISTAC/C00045A_000002/1.3.csv,1.3,14eb84d8467658ac174de5625f0e2a85d55b460bb2531397b6e27a3b7db6648e,2026-09-28T10:43:46.908563+00:00,https://www.gobiernodecanarias.org/istac/aviso_legal.html,outpatient,phase6-v1,2021-12-31,2021-M12,CIRUGIA_PEDIATRICA,Cirugía pediátrica,outpatient,autonomous_community,canarias,162.0,OBSERVED,ADMINISTRATIVE_STOCK,_T,,Especialidad pediátrica; edad individual no publicada,ADMIT_WITH_LIMITATIONS,waiting_regional_stock_v1
https://datos.canarias.es/api/estadisticas/statistical-resources/v1.0/datasets/ISTAC/C00045A_000002/1.3.csv,1.3,14eb84d8467658ac174de5625f0e2a85d55b460bb2531397b6e27a3b7db6648e,2026-09-28T10:43:46.908563+00:00,https://www.gobiernodecanarias.org/istac/aviso_legal.html,outpatient,phase6-v1,2022-06-30,2022-M06,PEDIATRIA,Pediatría,outpatient,autonomous_community,canarias,503.0,OBSERVED,ADMINISTRATIVE_STOCK,_T,,Especialidad pediátrica; edad individual no publicada,ADMIT_WITH_LIMITATIONS,waiting_regional_stock_v1
https://datos.canarias.es/api/estadisticas/statistical-resources/v1.0/datasets/ISTAC/C00045A_000002/1.3.csv,1.3,14eb84d8467658ac174de5625f0e2a85d55b460bb2531397b6e27a3b7db6648e,2026-09-28T10:43:46.908563+00:00,https://www.gobiernodecanarias.org/istac/aviso_legal.html,outpatient,phase6-v1,2022-06-30,2022-M06,CIRUGIA_PEDIATRICA,Cirugía pediátrica,outpatient,autonomous_community,canarias,118.0,OBSERVED,ADMINISTRATIVE_STOCK,_T,,Especialidad pediátrica; edad individual no publicada,ADMIT_WITH_LIMITATIONS,waiting_regional_stock_v1
https://datos.canarias.es/api/estadisticas/statistical-resources/v1.0/datasets/ISTAC/C00045A_000002/1.3.csv,1.3,14eb84d8467658ac174de5625f0e2a85d55b460bb2531397b6e27a3b7db6648e,2026-09-28T10:43:46.908563+00:00,https://www.gobiernodecanarias.org/istac/aviso_legal.html,outpatient,phase6-v1,2022-12-31,2022-M12,PEDIATRIA,Pediatría,outpatient,autonomous_community,canarias,607.0,OBSERVED,ADMINISTRATIVE_STOCK,_T,,Especialidad pediátrica; edad individual no publicada,ADMIT_WITH_LIMITATIONS,waiting_regional_stock_v1
https://datos.canarias.es/api/estadisticas/statistical-resources/v1.0/datasets/ISTAC/C00045A_000002/1.3.csv,1.3,14eb84d8467658ac174de5625f0e2a85d55b460bb2531397b6e27a3b7db6648e,2026-09-28T10:43:46.908563+00:00,https://www.gobiernodecanarias.org/istac/aviso_legal.html,outpatient,phase6-v1,2022-12-31,2022-M12,CIRUGIA_PEDIATRICA,Cirugía pediátrica,outpatient,autonomous_community,canarias,151.0,OBSERVED,ADMINISTRATIVE_STOCK,_T,,Especialidad pediátrica; edad individual no publicada,ADMIT_WITH_LIMITATIONS,waiting_regional_stock_v1
https://datos.canarias.es/api/estadisticas/statistical-resources/v1.0/datasets/ISTAC/C00045A_000002/1.3.csv,1.3,14eb84d8467658ac174de5625f0e2a85d55b460bb2531397b6e27a3b7db6648e,2026-09-28T10:43:46.908563+00:00,https://www.gobiernodecanarias.org/istac/aviso_legal.html,outpatient,phase6-v1,2023-06-30,2023-M06,PEDIATRIA,Pediatría,outpatient,autonomous_community,canarias,767.0,OBSERVED,ADMINISTRATIVE_STOCK,_T,,Especialidad pediátrica; edad individual no publicada,ADMIT_WITH_LIMITATIONS,waiting_regional_stock_v1
https://datos.canarias.es/api/estadisticas/statistical-resources/v1.0/datasets/ISTAC/C00045A_000002/1.3.csv,1.3,14eb84d8467658ac174de5625f0e2a85d55b460bb2531397b6e27a3b7db6648e,2026-09-28T10:43:46.908563+00:00,https://www.gobiernodecanarias.org/istac/aviso_legal.html,outpatient,phase6-v1,2023-06-30,2023-M06,CIRUGIA_PEDIATRICA,Cirugía pediátrica,outpatient,autonomous_community,canarias,175.0,OBSERVED,ADMINISTRATIVE_STOCK,_T,,Especialidad pediátrica; edad individual no publicada,ADMIT_WITH_LIMITATIONS,waiting_regional_stock_v1
https://datos.canarias.es/api/estadisticas/statistical-resources/v1.0/datasets/ISTAC/C00045A_000002/1.3.csv,1.3,14eb84d8467658ac174de5625f0e2a85d55b460bb2531397b6e27a3b7db6648e,2026-09-28T10:43:46.908563+00:00,https://www.gobiernodecanarias.org/istac/aviso_legal.html,outpatient,phase6-v1,2023-12-31,2023-M12,PEDIATRIA,Pediatría,outpatient,autonomous_community,canarias,649.0,OBSERVED,ADMINISTRATIVE_STOCK,_T,,Especialidad pediátrica; edad individual no publicada,ADMIT_WITH_LIMITATIONS,waiting_regional_stock_v1
https://datos.canarias.es/api/estadisticas/statistical-resources/v1.0/datasets/ISTAC/C00045A_000002/1.3.csv,1.3,14eb84d8467658ac174de5625f0e2a85d55b460bb2531397b6e27a3b7db6648e,2026-09-28T10:43:46.908563+00:00,https://www.gobiernodecanarias.org/istac/aviso_legal.html,outpatient,phase6-v1,2023-12-31,2023-M12,CIRUGIA_PEDIATRICA,Cirugía pediátrica,outpatient,autonomous_community,canarias,318.0,OBSERVED,ADMINISTRATIVE_STOCK,_T,,Especialidad pediátrica; edad individual no publicada,ADMIT_WITH_LIMITATIONS,waiting_regional_stock_v1
https://datos.canarias.es/api/estadisticas/statistical-resources/v1.0/datasets/ISTAC/C00045A_000002/1.3.csv,1.3,14eb84d8467658ac174de5625f0e2a85d55b460bb2531397b6e27a3b7db6648e,2026-09-28T10:43:46.908563+00:00,https://www.gobiernodecanarias.org/istac/aviso_legal.html,outpatient,phase6-v1,2024-06-30,2024-M06,PEDIATRIA,Pediatría,outpatient,autonomous_community,canarias,1047.0,OBSERVED,ADMINISTRATIVE_STOCK,_T,,Especialidad pediátrica; edad individual no publicada,ADMIT_WITH_LIMITATIONS,waiting_regional_stock_v1
https://datos.canarias.es/api/estadisticas/statistical-resources/v1.0/datasets/ISTAC/C00045A_000002/1.3.csv,1.3,14eb84d8467658ac174de5625f0e2a85d55b460bb2531397b6e27a3b7db6648e,2026-09-28T10:43:46.908563+00:00,https://www.gobiernodecanarias.org/istac/aviso_legal.html,outpatient,phase6-v1,2024-06-30,2024-M06,CIRUGIA_PEDIATRICA,Cirugía pediátrica,outpatient,autonomous_community,canarias,269.0,OBSERVED,ADMINISTRATIVE_STOCK,_T,,Especialidad pediátrica; edad individual no publicada,ADMIT_WITH_LIMITATIONS,waiting_regional_stock_v1
https://datos.canarias.es/api/estadisticas/statistical-resources/v1.0/datasets/ISTAC/C00045A_000002/1.3.csv,1.3,14eb84d8467658ac174de5625f0e2a85d55b460bb2531397b6e27a3b7db6648e,2026-09-28T10:43:46.908563+00:00,https://www.gobiernodecanarias.org/istac/aviso_legal.html,outpatient,phase6-v1,2024-12-31,2024-M12,PEDIATRIA,Pediatría,outpatient,autonomous_community,canarias,1668.0,OBSERVED,ADMINISTRATIVE_STOCK,_T,,Especialidad pediátrica; edad individual no publicada,ADMIT_WITH_LIMITATIONS,waiting_regional_stock_v1
https://datos.canarias.es/api/estadisticas/statistical-resources/v1.0/datasets/ISTAC/C00045A_000002/1.3.csv,1.3,14eb84d8467658ac174de5625f0e2a85d55b460bb2531397b6e27a3b7db6648e,2026-09-28T10:43:46.908563+00:00,https://www.gobiernodecanarias.org/istac/aviso_legal.html,outpatient,phase6-v1,2024-12-31,2024-M12,CIRUGIA_PEDIATRICA,Cirugía pediátrica,outpatient,autonomous_community,canarias,238.0,OBSERVED,ADMINISTRATIVE_STOCK,_T,,Especialidad pediátrica; edad individual no publicada,ADMIT_WITH_LIMITATIONS,waiting_regional_stock_v1
https://datos.canarias.es/api/estadisticas/statistical-resources/v1.0/datasets/ISTAC/C00045A_000002/1.3.csv,1.3,14eb84d8467658ac174de5625f0e2a85d55b460bb2531397b6e27a3b7db6648e,2026-09-28T10:43:46.908563+00:00,https://www.gobiernodecanarias.org/istac/aviso_legal.html,outpatient,phase6-v1,2025-06-30,2025-M06,PEDIATRIA,Pediatría,outpatient,autonomous_community,canarias,2071.0,OBSERVED,ADMINISTRATIVE_STOCK,_T,,Especialidad pediátrica; edad individual no publicada,ADMIT_WITH_LIMITATIONS,waiting_regional_stock_v1
https://datos.canarias.es/api/estadisticas/statistical-resources/v1.0/datasets/ISTAC/C00045A_000002/1.3.csv,1.3,14eb84d8467658ac174de5625f0e2a85d55b460bb2531397b6e27a3b7db6648e,2026-09-28T10:43:46.908563+00:00,https://www.gobiernodecanarias.org/istac/aviso_legal.html,outpatient,phase6-v1,2025-06-30,2025-M06,CIRUGIA_PEDIATRICA,Cirugía pediátrica,outpatient,autonomous_community,canarias,486.0,OBSERVED,ADMINISTRATIVE_STOCK,_T,,Especialidad pediátrica; edad individual no publicada,ADMIT_WITH_LIMITATIONS,waiting_regional_stock_v1
https://datos.canarias.es/api/estadisticas/statistical-resources/v1.0/datasets/ISTAC/C00045A_000002/1.3.csv,1.3,14eb84d8467658ac174de5625f0e2a85d55b460bb2531397b6e27a3b7db6648e,2026-09-28T10:43:46.908563+00:00,https://www.gobiernodecanarias.org/istac/aviso_legal.html,outpatient,phase6-v1,2025-12-31,2025-M12,PEDIATRIA,Pediatría,outpatient,autonomous_community,canarias,1790.0,OBSERVED,ADMINISTRATIVE_STOCK,_T,,Especialidad pediátrica; edad individual no publicada,ADMIT_WITH_LIMITATIONS,waiting_regional_stock_v1
https://datos.canarias.es/api/estadisticas/statistical-resources/v1.0/datasets/ISTAC/C00045A_000002/1.3.csv,1.3,14eb84d8467658ac174de5625f0e2a85d55b460bb2531397b6e27a3b7db6648e,2026-09-28T10:43:46.908563+00:00,https://www.gobiernodecanarias.org/istac/aviso_legal.html,outpatient,phase6-v1,2025-12-31,2025-M12,CIRUGIA_PEDIATRICA,Cirugía pediátrica,outpatient,autonomous_community,canarias,548.0,OBSERVED,ADMINISTRATIVE_STOCK,_T,,Especialidad pediátrica; edad individual no publicada,ADMIT_WITH_LIMITATIONS,waiting_regional_stock_v1
https://datos.canarias.es/api/estadisticas/statistical-resources/v1.0/datasets/ISTAC/C00045A_000001/1.3.csv,1.3,dcbae55b6b9be1fb5d9e205cbb34035ccfb5b08cf9c420bdae2a5809e2eb546e,2026-09-28T10:43:46.912461+00:00,https://www.gobiernodecanarias.org/istac/aviso_legal.html,surgical,phase6-v1,2017-06-30,2017-M06,CIRUGIA_PEDIATRICA,Cirugía pediátrica,surgical,autonomous_community,canarias,537.0,OBSERVED,ADMINISTRATIVE_STOCK,_T,,Especialidad pediátrica; edad individual no publicada,ADMIT_WITH_LIMITATIONS,waiting_regional_stock_v1
https://datos.canarias.es/api/estadisticas/statistical-resources/v1.0/datasets/ISTAC/C00045A_000001/1.3.csv,1.3,dcbae55b6b9be1fb5d9e205cbb34035ccfb5b08cf9c420bdae2a5809e2eb546e,2026-09-28T10:43:46.912461+00:00,https://www.gobiernodecanarias.org/istac/aviso_legal.html,surgical,phase6-v1,2017-06-30,2017-M06,CIRUGIA_PEDIATRICA,Cirugía pediátrica,surgical,autonomous_community,canarias,378.0,OBSERVED,ADMINISTRATIVE_STOCK,M_LT6,,Especialidad pediátrica; edad individual no publicada,ADMIT_WITH_LIMITATIONS,waiting_regional_stock_v1
https://datos.canarias.es/api/estadisticas/statistical-resources/v1.0/datasets/ISTAC/C00045A_000001/1.3.csv,1.3,dcbae55b6b9be1fb5d9e205cbb34035ccfb5b08cf9c420bdae2a5809e2eb546e,2026-09-28T10:43:46.912461+00:00,https://www.gobiernodecanarias.org/istac/aviso_legal.html,surgical,phase6-v1,2017-06-30,2017-M06,CIRUGIA_PEDIATRICA,Cirugía pediátrica,surgical,autonomous_community,canarias,159.0,OBSERVED,ADMINISTRATIVE_STOCK,M_GT6,,Especialidad pediátrica; edad individual no publicada,ADMIT_WITH_LIMITATIONS,waiting_regional_stock_v1
https://datos.canarias.es/api/estadisticas/statistical-resources/v1.0/datasets/ISTAC/C00045A_000001/1.3.csv,1.3,dcbae55b6b9be1fb5d9e205cbb34035ccfb5b08cf9c420bdae2a5809e2eb546e,2026-09-28T10:43:46.912461+00:00,https://www.gobiernodecanarias.org/istac/aviso_legal.html,surgical,phase6-v1,2017-12-31,2017-M12,CIRUGIA_PEDIATRICA,Cirugía pediátrica,surgical,autonomous_community,canarias,513.0,OBSERVED,ADMINISTRATIVE_STOCK,_T,,Especialidad pediátrica; edad individual no publicada,ADMIT_WITH_LIMITATIONS,waiting_regional_stock_v1
https://datos.canarias.es/api/estadisticas/statistical-resources/v1.0/datasets/ISTAC/C00045A_000001/1.3.csv,1.3,dcbae55b6b9be1fb5d9e205cbb34035ccfb5b08cf9c420bdae2a5809e2eb546e,2026-09-28T10:43:46.912461+00:00,https://www.gobiernodecanarias.org/istac/aviso_legal.html,surgical,phase6-v1,2017-12-31,2017-M12,CIRUGIA_PEDIATRICA,Cirugía pediátrica,surgical,autonomous_community,canarias,328.0,OBSERVED,ADMINISTRATIVE_STOCK,M_LT6,,Especialidad pediátrica; edad individual no publicada,ADMIT_WITH_LIMITATIONS,waiting_regional_stock_v1
https://datos.canarias.es/api/estadisticas/statistical-resources/v1.0/datasets/ISTAC/C00045A_000001/1.3.csv,1.3,dcbae55b6b9be1fb5d9e205cbb34035ccfb5b08cf9c420bdae2a5809e2eb546e,2026-09-28T10:43:46.912461+00:00,https://www.gobiernodecanarias.org/istac/aviso_legal.html,surgical,phase6-v1,2017-12-31,2017-M12,CIRUGIA_PEDIATRICA,Cirugía pediátrica,surgical,autonomous_community,canarias,185.0,OBSERVED,ADMINISTRATIVE_STOCK,M_GT6,,Especialidad pediátrica; edad individual no publicada,ADMIT_WITH_LIMITATIONS,waiting_regional_stock_v1
https://datos.canarias.es/api/estadisticas/statistical-resources/v1.0/datasets/ISTAC/C00045A_000001/1.3.csv,1.3,dcbae55b6b9be1fb5d9e205cbb34035ccfb5b08cf9c420bdae2a5809e2eb546e,2026-09-28T10:43:46.912461+00:00,https://www.gobiernodecanarias.org/istac/aviso_legal.html,surgical,phase6-v1,2018-06-30,2018-M06,CIRUGIA_PEDIATRICA,Cirugía pediátrica,surgical,autonomous_community,canarias,652.0,OBSERVED,ADMINISTRATIVE_STOCK,_T,,Especialidad pediátrica; edad individual no publicada,ADMIT_WITH_LIMITATIONS,waiting_regional_stock_v1
https://datos.canarias.es/api/estadisticas/statistical-resources/v1.0/datasets/ISTAC/C00045A_000001/1.3.csv,1.3,dcbae55b6b9be1fb5d9e205cbb34035ccfb5b08cf9c420bdae2a5809e2eb546e,2026-09-28T10:43:46.912461+00:00,https://www.gobiernodecanarias.org/istac/aviso_legal.html,surgical,phase6-v1,2018-06-30,2018-M06,CIRUGIA_PEDIATRICA,Cirugía pediátrica,surgical,autonomous_community,canarias,483.0,OBSERVED,ADMINISTRATIVE_STOCK,M_LT6,,Especialidad pediátrica; edad individual no publicada,ADMIT_WITH_LIMITATIONS,waiting_regional_stock_v1
https://datos.canarias.es/api/estadisticas/statistical-resources/v1.0/datasets/ISTAC/C00045A_000001/1.3.csv,1.3,dcbae55b6b9be1fb5d9e205cbb34035ccfb5b08cf9c420bdae2a5809e2eb546e,2026-09-28T10:43:46.912461+00:00,https://www.gobiernodecanarias.org/istac/aviso_legal.html,surgical,phase6-v1,2018-06-30,2018-M06,CIRUGIA_PEDIATRICA,Cirugía pediátrica,surgical,autonomous_community,canarias,169.0,OBSERVED,ADMINISTRATIVE_STOCK,M_GT6,,Especialidad pediátrica; edad individual no publicada,ADMIT_WITH_LIMITATIONS,waiting_regional_stock_v1
https://datos.canarias.es/api/estadisticas/statistical-resources/v1.0/datasets/ISTAC/C00045A_000001/1.3.csv,1.3,dcbae55b6b9be1fb5d9e205cbb34035ccfb5b08cf9c420bdae2a5809e2eb546e,2026-09-28T10:43:46.912461+00:00,https://www.gobiernodecanarias.org/istac/aviso_legal.html,surgical,phase6-v1,2018-12-31,2018-M12,CIRUGIA_PEDIATRICA,Cirugía pediátrica,surgical,autonomous_community,canarias,598.0,OBSERVED,ADMINISTRATIVE_STOCK,_T,,Especialidad pediátrica; edad individual no publicada,ADMIT_WITH_LIMITATIONS,waiting_regional_stock_v1
https://datos.canarias.es/api/estadisticas/statistical-resources/v1.0/datasets/ISTAC/C00045A_000001/1.3.csv,1.3,dcbae55b6b9be1fb5d9e205cbb34035ccfb5b08cf9c420bdae2a5809e2eb546e,2026-09-28T10:43:46.912461+00:00,https://www.gobiernodecanarias.org/istac/aviso_legal.html,surgical,phase6-v1,2018-12-31,2018-M12,CIRUGIA_PEDIATRICA,Cirugía pediátrica,surgical,autonomous_community,canarias,405.0,OBSERVED,ADMINISTRATIVE_STOCK,M_LT6,,Especialidad pediátrica; edad individual no publicada,ADMIT_WITH_LIMITATIONS,waiting_regional_stock_v1
https://datos.canarias.es/api/estadisticas/statistical-resources/v1.0/datasets/ISTAC/C00045A_000001/1.3.csv,1.3,dcbae55b6b9be1fb5d9e205cbb34035ccfb5b08cf9c420bdae2a5809e2eb546e,2026-09-28T10:43:46.912461+00:00,https://www.gobiernodecanarias.org/istac/aviso_legal.html,surgical,phase6-v1,2018-12-31,2018-M12,CIRUGIA_PEDIATRICA,Cirugía pediátrica,surgical,autonomous_community,canarias,193.0,OBSERVED,ADMINISTRATIVE_STOCK,M_GT6,,Especialidad pediátrica; edad individual no publicada,ADMIT_WITH_LIMITATIONS,waiting_regional_stock_v1
https://datos.canarias.es/api/estadisticas/statistical-resources/v1.0/datasets/ISTAC/C00045A_000001/1.3.csv,1.3,dcbae55b6b9be1fb5d9e205cbb34035ccfb5b08cf9c420bdae2a5809e2eb546e,2026-09-28T10:43:46.912461+00:00,https://www.gobiernodecanarias.org/istac/aviso_legal.html,surgical,phase6-v1,2019-06-30,2019-M06,CIRUGIA_PEDIATRICA,Cirugía pediátrica,surgical,autonomous_community,canarias,506.0,OBSERVED,ADMINISTRATIVE_STOCK,_T,,Especialidad pediátrica; edad individual no publicada,ADMIT_WITH_LIMITATIONS,waiting_regional_stock_v1
https://datos.canarias.es/api/estadisticas/statistical-resources/v1.0/datasets/ISTAC/C00045A_000001/1.3.csv,1.3,dcbae55b6b9be1fb5d9e205cbb34035ccfb5b08cf9c420bdae2a5809e2eb546e,2026-09-28T10:43:46.912461+00:00,https://www.gobiernodecanarias.org/istac/aviso_legal.html,surgical,phase6-v1,2019-06-30,2019-M06,CIRUGIA_PEDIATRICA,Cirugía pediátrica,surgical,autonomous_community,canarias,319.0,OBSERVED,ADMINISTRATIVE_STOCK,M_LT6,,Especialidad pediátrica; edad individual no publicada,ADMIT_WITH_LIMITATIONS,waiting_regional_stock_v1
https://datos.canarias.es/api/estadisticas/statistical-resources/v1.0/datasets/ISTAC/C00045A_000001/1.3.csv,1.3,dcbae55b6b9be1fb5d9e205cbb34035ccfb5b08cf9c420bdae2a5809e2eb546e,2026-09-28T10:43:46.912461+00:00,https://www.gobiernodecanarias.org/istac/aviso_legal.html,surgical,phase6-v1,2019-06-30,2019-M06,CIRUGIA_PEDIATRICA,Cirugía pediátrica,surgical,autonomous_community,canarias,187.0,OBSERVED,ADMINISTRATIVE_STOCK,M_GT6,,Especialidad pediátrica; edad individual no publicada,ADMIT_WITH_LIMITATIONS,waiting_regional_stock_v1
https://datos.canarias.es/api/estadisticas/statistical-resources/v1.0/datasets/ISTAC/C00045A_000001/1.3.csv,1.3,dcbae55b6b9be1fb5d9e205cbb34035ccfb5b08cf9c420bdae2a5809e2eb546e,2026-09-28T10:43:46.912461+00:00,https://www.gobiernodecanarias.org/istac/aviso_legal.html,surgical,phase6-v1,2019-12-31,2019-M12,CIRUGIA_PEDIATRICA,Cirugía pediátrica,surgical,autonomous_community,canarias,521.0,OBSERVED,ADMINISTRATIVE_STOCK,_T,,Especialidad pediátrica; edad individual no publicada,ADMIT_WITH_LIMITATIONS,waiting_regional_stock_v1
https://datos.canarias.es/api/estadisticas/statistical-resources/v1.0/datasets/ISTAC/C00045A_000001/1.3.csv,1.3,dcbae55b6b9be1fb5d9e205cbb34035ccfb5b08cf9c420bdae2a5809e2eb546e,2026-09-28T10:43:46.912461+00:00,https://www.gobiernodecanarias.org/istac/aviso_legal.html,surgical,phase6-v1,2019-12-31,2019-M12,CIRUGIA_PEDIATRICA,Cirugía pediátrica,surgical,autonomous_community,canarias,260.0,OBSERVED,ADMINISTRATIVE_STOCK,M_LT6,,Especialidad pediátrica; edad individual no publicada,ADMIT_WITH_LIMITATIONS,waiting_regional_stock_v1
https://datos.canarias.es/api/estadisticas/statistical-resources/v1.0/datasets/ISTAC/C00045A_000001/1.3.csv,1.3,dcbae55b6b9be1fb5d9e205cbb34035ccfb5b08cf9c420bdae2a5809e2eb546e,2026-09-28T10:43:46.912461+00:00,https://www.gobiernodecanarias.org/istac/aviso_legal.html,surgical,phase6-v1,2019-12-31,2019-M12,CIRUGIA_PEDIATRICA,Cirugía pediátrica,surgical,autonomous_community,canarias,261.0,OBSERVED,ADMINISTRATIVE_STOCK,M_GT6,,Especialidad pediátrica; edad individual no publicada,ADMIT_WITH_LIMITATIONS,waiting_regional_stock_v1
https://datos.canarias.es/api/estadisticas/statistical-resources/v1.0/datasets/ISTAC/C00045A_000001/1.3.csv,1.3,dcbae55b6b9be1fb5d9e205cbb34035ccfb5b08cf9c420bdae2a5809e2eb546e,2026-09-28T10:43:46.912461+00:00,https://www.gobiernodecanarias.org/istac/aviso_legal.html,surgical,phase6-v1,2020-06-30,2020-M06,CIRUGIA_PEDIATRICA,Cirugía pediátrica,surgical,autonomous_community,canarias,547.0,OBSERVED,ADMINISTRATIVE_STOCK,_T,,Especialidad pediátrica; edad individual no publicada,ADMIT_WITH_LIMITATIONS,waiting_regional_stock_v1
https://datos.canarias.es/api/estadisticas/statistical-resources/v1.0/datasets/ISTAC/C00045A_000001/1.3.csv,1.3,dcbae55b6b9be1fb5d9e205cbb34035ccfb5b08cf9c420bdae2a5809e2eb546e,2026-09-28T10:43:46.912461+00:00,https://www.gobiernodecanarias.org/istac/aviso_legal.html,surgical,phase6-v1,2020-06-30,2020-M06,CIRUGIA_PEDIATRICA,Cirugía pediátrica,surgical,autonomous_community,canarias,319.0,OBSERVED,ADMINISTRATIVE_STOCK,M_LT6,,Especialidad pediátrica; edad individual no publicada,ADMIT_WITH_LIMITATIONS,waiting_regional_stock_v1
https://datos.canarias.es/api/estadisticas/statistical-resources/v1.0/datasets/ISTAC/C00045A_000001/1.3.csv,1.3,dcbae55b6b9be1fb5d9e205cbb34035ccfb5b08cf9c420bdae2a5809e2eb546e,2026-09-28T10:43:46.912461+00:00,https://www.gobiernodecanarias.org/istac/aviso_legal.html,surgical,phase6-v1,2020-06-30,2020-M06,CIRUGIA_PEDIATRICA,Cirugía pediátrica,surgical,autonomous_community,canarias,228.0,OBSERVED,ADMINISTRATIVE_STOCK,M_GT6,,Especialidad pediátrica; edad individual no publicada,ADMIT_WITH_LIMITATIONS,waiting_regional_stock_v1
https://datos.canarias.es/api/estadisticas/statistical-resources/v1.0/datasets/ISTAC/C00045A_000001/1.3.csv,1.3,dcbae55b6b9be1fb5d9e205cbb34035ccfb5b08cf9c420bdae2a5809e2eb546e,2026-09-28T10:43:46.912461+00:00,https://www.gobiernodecanarias.org/istac/aviso_legal.html,surgical,phase6-v1,2020-12-31,2020-M12,CIRUGIA_PEDIATRICA,Cirugía pediátrica,surgical,autonomous_community,canarias,474.0,OBSERVED,ADMINISTRATIVE_STOCK,_T,,Especialidad pediátrica; edad individual no publicada,ADMIT_WITH_LIMITATIONS,waiting_regional_stock_v1
https://datos.canarias.es/api/estadisticas/statistical-resources/v1.0/datasets/ISTAC/C00045A_000001/1.3.csv,1.3,dcbae55b6b9be1fb5d9e205cbb34035ccfb5b08cf9c420bdae2a5809e2eb546e,2026-09-28T10:43:46.912461+00:00,https://www.gobiernodecanarias.org/istac/aviso_legal.html,surgical,phase6-v1,2020-12-31,2020-M12,CIRUGIA_PEDIATRICA,Cirugía pediátrica,surgical,autonomous_community,canarias,384.0,OBSERVED,ADMINISTRATIVE_STOCK,M_LT6,,Especialidad pediátrica; edad individual no publicada,ADMIT_WITH_LIMITATIONS,waiting_regional_stock_v1
https://datos.canarias.es/api/estadisticas/statistical-resources/v1.0/datasets/ISTAC/C00045A_000001/1.3.csv,1.3,dcbae55b6b9be1fb5d9e205cbb34035ccfb5b08cf9c420bdae2a5809e2eb546e,2026-09-28T10:43:46.912461+00:00,https://www.gobiernodecanarias.org/istac/aviso_legal.html,surgical,phase6-v1,2020-12-31,2020-M12,CIRUGIA_PEDIATRICA,Cirugía pediátrica,surgical,autonomous_community,canarias,90.0,OBSERVED,ADMINISTRATIVE_STOCK,M_GT6,,Especialidad pediátrica; edad individual no publicada,ADMIT_WITH_LIMITATIONS,waiting_regional_stock_v1
https://datos.canarias.es/api/estadisticas/statistical-resources/v1.0/datasets/ISTAC/C00045A_000001/1.3.csv,1.3,dcbae55b6b9be1fb5d9e205cbb34035ccfb5b08cf9c420bdae2a5809e2eb546e,2026-09-28T10:43:46.912461+00:00,https://www.gobiernodecanarias.org/istac/aviso_legal.html,surgical,phase6-v1,2021-06-30,2021-M06,CIRUGIA_PEDIATRICA,Cirugía pediátrica,surgical,autonomous_community,canarias,410.0,OBSERVED,ADMINISTRATIVE_STOCK,_T,,Especialidad pediátrica; edad individual no publicada,ADMIT_WITH_LIMITATIONS,waiting_regional_stock_v1
https://datos.canarias.es/api/estadisticas/statistical-resources/v1.0/datasets/ISTAC/C00045A_000001/1.3.csv,1.3,dcbae55b6b9be1fb5d9e205cbb34035ccfb5b08cf9c420bdae2a5809e2eb546e,2026-09-28T10:43:46.912461+00:00,https://www.gobiernodecanarias.org/istac/aviso_legal.html,surgical,phase6-v1,2021-06-30,2021-M06,CIRUGIA_PEDIATRICA,Cirugía pediátrica,surgical,autonomous_community,canarias,342.0,OBSERVED,ADMINISTRATIVE_STOCK,M_LT6,,Especialidad pediátrica; edad individual no publicada,ADMIT_WITH_LIMITATIONS,waiting_regional_stock_v1
https://datos.canarias.es/api/estadisticas/statistical-resources/v1.0/datasets/ISTAC/C00045A_000001/1.3.csv,1.3,dcbae55b6b9be1fb5d9e205cbb34035ccfb5b08cf9c420bdae2a5809e2eb546e,2026-09-28T10:43:46.912461+00:00,https://www.gobiernodecanarias.org/istac/aviso_legal.html,surgical,phase6-v1,2021-06-30,2021-M06,CIRUGIA_PEDIATRICA,Cirugía pediátrica,surgical,autonomous_community,canarias,68.0,OBSERVED,ADMINISTRATIVE_STOCK,M_GT6,,Especialidad pediátrica; edad individual no publicada,ADMIT_WITH_LIMITATIONS,waiting_regional_stock_v1
https://datos.canarias.es/api/estadisticas/statistical-resources/v1.0/datasets/ISTAC/C00045A_000001/1.3.csv,1.3,dcbae55b6b9be1fb5d9e205cbb34035ccfb5b08cf9c420bdae2a5809e2eb546e,2026-09-28T10:43:46.912461+00:00,https://www.gobiernodecanarias.org/istac/aviso_legal.html,surgical,phase6-v1,2021-12-31,2021-M12,CIRUGIA_PEDIATRICA,Cirugía pediátrica,surgical,autonomous_community,canarias,473.0,OBSERVED,ADMINISTRATIVE_STOCK,_T,,Especialidad pediátrica; edad individual no publicada,ADMIT_WITH_LIMITATIONS,waiting_regional_stock_v1
https://datos.canarias.es/api/estadisticas/statistical-resources/v1.0/datasets/ISTAC/C00045A_000001/1.3.csv,1.3,dcbae55b6b9be1fb5d9e205cbb34035ccfb5b08cf9c420bdae2a5809e2eb546e,2026-09-28T10:43:46.912461+00:00,https://www.gobiernodecanarias.org/istac/aviso_legal.html,surgical,phase6-v1,2021-12-31,2021-M12,CIRUGIA_PEDIATRICA,Cirugía pediátrica,surgical,autonomous_community,canarias,327.0,OBSERVED,ADMINISTRATIVE_STOCK,M_LT6,,Especialidad pediátrica; edad individual no publicada,ADMIT_WITH_LIMITATIONS,waiting_regional_stock_v1
https://datos.canarias.es/api/estadisticas/statistical-resources/v1.0/datasets/ISTAC/C00045A_000001/1.3.csv,1.3,dcbae55b6b9be1fb5d9e205cbb34035ccfb5b08cf9c420bdae2a5809e2eb546e,2026-09-28T10:43:46.912461+00:00,https://www.gobiernodecanarias.org/istac/aviso_legal.html,surgical,phase6-v1,2021-12-31,2021-M12,CIRUGIA_PEDIATRICA,Cirugía pediátrica,surgical,autonomous_community,canarias,146.0,OBSERVED,ADMINISTRATIVE_STOCK,M_GT6,,Especialidad pediátrica; edad individual no publicada,ADMIT_WITH_LIMITATIONS,waiting_regional_stock_v1
https://datos.canarias.es/api/estadisticas/statistical-resources/v1.0/datasets/ISTAC/C00045A_000001/1.3.csv,1.3,dcbae55b6b9be1fb5d9e205cbb34035ccfb5b08cf9c420bdae2a5809e2eb546e,2026-09-28T10:43:46.912461+00:00,https://www.gobiernodecanarias.org/istac/aviso_legal.html,surgical,phase6-v1,2022-06-30,2022-M06,CIRUGIA_PEDIATRICA,Cirugía pediátrica,surgical,autonomous_community,canarias,515.0,OBSERVED,ADMINISTRATIVE_STOCK,_T,,Especialidad pediátrica; edad individual no publicada,ADMIT_WITH_LIMITATIONS,waiting_regional_stock_v1
https://datos.canarias.es/api/estadisticas/statistical-resources/v1.0/datasets/ISTAC/C00045A_000001/1.3.csv,1.3,dcbae55b6b9be1fb5d9e205cbb34035ccfb5b08cf9c420bdae2a5809e2eb546e,2026-09-28T10:43:46.912461+00:00,https://www.gobiernodecanarias.org/istac/aviso_legal.html,surgical,phase6-v1,2022-06-30,2022-M06,CIRUGIA_PEDIATRICA,Cirugía pediátrica,surgical,autonomous_community,canarias,355.0,OBSERVED,ADMINISTRATIVE_STOCK,M_LT6,,Especialidad pediátrica; edad individual no publicada,ADMIT_WITH_LIMITATIONS,waiting_regional_stock_v1
https://datos.canarias.es/api/estadisticas/statistical-resources/v1.0/datasets/ISTAC/C00045A_000001/1.3.csv,1.3,dcbae55b6b9be1fb5d9e205cbb34035ccfb5b08cf9c420bdae2a5809e2eb546e,2026-09-28T10:43:46.912461+00:00,https://www.gobiernodecanarias.org/istac/aviso_legal.html,surgical,phase6-v1,2022-06-30,2022-M06,CIRUGIA_PEDIATRICA,Cirugía pediátrica,surgical,autonomous_community,canarias,160.0,OBSERVED,ADMINISTRATIVE_STOCK,M_GT6,,Especialidad pediátrica; edad individual no publicada,ADMIT_WITH_LIMITATIONS,waiting_regional_stock_v1
https://datos.canarias.es/api/estadisticas/statistical-resources/v1.0/datasets/ISTAC/C00045A_000001/1.3.csv,1.3,dcbae55b6b9be1fb5d9e205cbb34035ccfb5b08cf9c420bdae2a5809e2eb546e,2026-09-28T10:43:46.912461+00:00,https://www.gobiernodecanarias.org/istac/aviso_legal.html,surgical,phase6-v1,2022-12-31,2022-M12,CIRUGIA_PEDIATRICA,Cirugía pediátrica,surgical,autonomous_community,canarias,529.0,OBSERVED,ADMINISTRATIVE_STOCK,_T,,Especialidad pediátrica; edad individual no publicada,ADMIT_WITH_LIMITATIONS,waiting_regional_stock_v1
https://datos.canarias.es/api/estadisticas/statistical-resources/v1.0/datasets/ISTAC/C00045A_000001/1.3.csv,1.3,dcbae55b6b9be1fb5d9e205cbb34035ccfb5b08cf9c420bdae2a5809e2eb546e,2026-09-28T10:43:46.912461+00:00,https://www.gobiernodecanarias.org/istac/aviso_legal.html,surgical,phase6-v1,2022-12-31,2022-M12,CIRUGIA_PEDIATRICA,Cirugía pediátrica,surgical,autonomous_community,canarias,390.0,OBSERVED,ADMINISTRATIVE_STOCK,M_LT6,,Especialidad pediátrica; edad individual no publicada,ADMIT_WITH_LIMITATIONS,waiting_regional_stock_v1
https://datos.canarias.es/api/estadisticas/statistical-resources/v1.0/datasets/ISTAC/C00045A_000001/1.3.csv,1.3,dcbae55b6b9be1fb5d9e205cbb34035ccfb5b08cf9c420bdae2a5809e2eb546e,2026-09-28T10:43:46.912461+00:00,https://www.gobiernodecanarias.org/istac/aviso_legal.html,surgical,phase6-v1,2022-12-31,2022-M12,CIRUGIA_PEDIATRICA,Cirugía pediátrica,surgical,autonomous_community,canarias,139.0,OBSERVED,ADMINISTRATIVE_STOCK,M_GT6,,Especialidad pediátrica; edad individual no publicada,ADMIT_WITH_LIMITATIONS,waiting_regional_stock_v1
https://datos.canarias.es/api/estadisticas/statistical-resources/v1.0/datasets/ISTAC/C00045A_000001/1.3.csv,1.3,dcbae55b6b9be1fb5d9e205cbb34035ccfb5b08cf9c420bdae2a5809e2eb546e,2026-09-28T10:43:46.912461+00:00,https://www.gobiernodecanarias.org/istac/aviso_legal.html,surgical,phase6-v1,2023-06-30,2023-M06,CIRUGIA_PEDIATRICA,Cirugía pediátrica,surgical,autonomous_community,canarias,578.0,OBSERVED,ADMINISTRATIVE_STOCK,_T,,Especialidad pediátrica; edad individual no publicada,ADMIT_WITH_LIMITATIONS,waiting_regional_stock_v1
https://datos.canarias.es/api/estadisticas/statistical-resources/v1.0/datasets/ISTAC/C00045A_000001/1.3.csv,1.3,dcbae55b6b9be1fb5d9e205cbb34035ccfb5b08cf9c420bdae2a5809e2eb546e,2026-09-28T10:43:46.912461+00:00,https://www.gobiernodecanarias.org/istac/aviso_legal.html,surgical,phase6-v1,2023-06-30,2023-M06,CIRUGIA_PEDIATRICA,Cirugía pediátrica,surgical,autonomous_community,canarias,480.0,OBSERVED,ADMINISTRATIVE_STOCK,M_LT6,,Especialidad pediátrica; edad individual no publicada,ADMIT_WITH_LIMITATIONS,waiting_regional_stock_v1
https://datos.canarias.es/api/estadisticas/statistical-resources/v1.0/datasets/ISTAC/C00045A_000001/1.3.csv,1.3,dcbae55b6b9be1fb5d9e205cbb34035ccfb5b08cf9c420bdae2a5809e2eb546e,2026-09-28T10:43:46.912461+00:00,https://www.gobiernodecanarias.org/istac/aviso_legal.html,surgical,phase6-v1,2023-06-30,2023-M06,CIRUGIA_PEDIATRICA,Cirugía pediátrica,surgical,autonomous_community,canarias,98.0,OBSERVED,ADMINISTRATIVE_STOCK,M_GT6,,Especialidad pediátrica; edad individual no publicada,ADMIT_WITH_LIMITATIONS,waiting_regional_stock_v1
https://datos.canarias.es/api/estadisticas/statistical-resources/v1.0/datasets/ISTAC/C00045A_000001/1.3.csv,1.3,dcbae55b6b9be1fb5d9e205cbb34035ccfb5b08cf9c420bdae2a5809e2eb546e,2026-09-28T10:43:46.912461+00:00,https://www.gobiernodecanarias.org/istac/aviso_legal.html,surgical,phase6-v1,2023-12-31,2023-M12,CIRUGIA_PEDIATRICA,Cirugía pediátrica,surgical,autonomous_community,canarias,596.0,OBSERVED,ADMINISTRATIVE_STOCK,_T,,Especialidad pediátrica; edad individual no publicada,ADMIT_WITH_LIMITATIONS,waiting_regional_stock_v1
https://datos.canarias.es/api/estadisticas/statistical-resources/v1.0/datasets/ISTAC/C00045A_000001/1.3.csv,1.3,dcbae55b6b9be1fb5d9e205cbb34035ccfb5b08cf9c420bdae2a5809e2eb546e,2026-09-28T10:43:46.912461+00:00,https://www.gobiernodecanarias.org/istac/aviso_legal.html,surgical,phase6-v1,2023-12-31,2023-M12,CIRUGIA_PEDIATRICA,Cirugía pediátrica,surgical,autonomous_community,canarias,418.0,OBSERVED,ADMINISTRATIVE_STOCK,M_LT6,,Especialidad pediátrica; edad individual no publicada,ADMIT_WITH_LIMITATIONS,waiting_regional_stock_v1
https://datos.canarias.es/api/estadisticas/statistical-resources/v1.0/datasets/ISTAC/C00045A_000001/1.3.csv,1.3,dcbae55b6b9be1fb5d9e205cbb34035ccfb5b08cf9c420bdae2a5809e2eb546e,2026-09-28T10:43:46.912461+00:00,https://www.gobiernodecanarias.org/istac/aviso_legal.html,surgical,phase6-v1,2023-12-31,2023-M12,CIRUGIA_PEDIATRICA,Cirugía pediátrica,surgical,autonomous_community,canarias,178.0,OBSERVED,ADMINISTRATIVE_STOCK,M_GT6,,Especialidad pediátrica; edad individual no publicada,ADMIT_WITH_LIMITATIONS,waiting_regional_stock_v1
https://datos.canarias.es/api/estadisticas/statistical-resources/v1.0/datasets/ISTAC/C00045A_000001/1.3.csv,1.3,dcbae55b6b9be1fb5d9e205cbb34035ccfb5b08cf9c420bdae2a5809e2eb546e,2026-09-28T10:43:46.912461+00:00,https://www.gobiernodecanarias.org/istac/aviso_legal.html,surgical,phase6-v1,2024-06-30,2024-M06,CIRUGIA_PEDIATRICA,Cirugía pediátrica,surgical,autonomous_community,canarias,593.0,OBSERVED,ADMINISTRATIVE_STOCK,_T,,Especialidad pediátrica; edad individual no publicada,ADMIT_WITH_LIMITATIONS,waiting_regional_stock_v1
https://datos.canarias.es/api/estadisticas/statistical-resources/v1.0/datasets/ISTAC/C00045A_000001/1.3.csv,1.3,dcbae55b6b9be1fb5d9e205cbb34035ccfb5b08cf9c420bdae2a5809e2eb546e,2026-09-28T10:43:46.912461+00:00,https://www.gobiernodecanarias.org/istac/aviso_legal.html,surgical,phase6-v1,2024-06-30,2024-M06,CIRUGIA_PEDIATRICA,Cirugía pediátrica,surgical,autonomous_community,canarias,480.0,OBSERVED,ADMINISTRATIVE_STOCK,M_LT6,,Especialidad pediátrica; edad individual no publicada,ADMIT_WITH_LIMITATIONS,waiting_regional_stock_v1
https://datos.canarias.es/api/estadisticas/statistical-resources/v1.0/datasets/ISTAC/C00045A_000001/1.3.csv,1.3,dcbae55b6b9be1fb5d9e205cbb34035ccfb5b08cf9c420bdae2a5809e2eb546e,2026-09-28T10:43:46.912461+00:00,https://www.gobiernodecanarias.org/istac/aviso_legal.html,surgical,phase6-v1,2024-06-30,2024-M06,CIRUGIA_PEDIATRICA,Cirugía pediátrica,surgical,autonomous_community,canarias,113.0,OBSERVED,ADMINISTRATIVE_STOCK,M_GT6,,Especialidad pediátrica; edad individual no publicada,ADMIT_WITH_LIMITATIONS,waiting_regional_stock_v1
https://datos.canarias.es/api/estadisticas/statistical-resources/v1.0/datasets/ISTAC/C00045A_000001/1.3.csv,1.3,dcbae55b6b9be1fb5d9e205cbb34035ccfb5b08cf9c420bdae2a5809e2eb546e,2026-09-28T10:43:46.912461+00:00,https://www.gobiernodecanarias.org/istac/aviso_legal.html,surgical,phase6-v1,2024-12-31,2024-M12,CIRUGIA_PEDIATRICA,Cirugía pediátrica,surgical,autonomous_community,canarias,536.0,OBSERVED,ADMINISTRATIVE_STOCK,_T,,Especialidad pediátrica; edad individual no publicada,ADMIT_WITH_LIMITATIONS,waiting_regional_stock_v1
https://datos.canarias.es/api/estadisticas/statistical-resources/v1.0/datasets/ISTAC/C00045A_000001/1.3.csv,1.3,dcbae55b6b9be1fb5d9e205cbb34035ccfb5b08cf9c420bdae2a5809e2eb546e,2026-09-28T10:43:46.912461+00:00,https://www.gobiernodecanarias.org/istac/aviso_legal.html,surgical,phase6-v1,2024-12-31,2024-M12,CIRUGIA_PEDIATRICA,Cirugía pediátrica,surgical,autonomous_community,canarias,441.0,OBSERVED,ADMINISTRATIVE_STOCK,M_LT6,,Especialidad pediátrica; edad individual no publicada,ADMIT_WITH_LIMITATIONS,waiting_regional_stock_v1
https://datos.canarias.es/api/estadisticas/statistical-resources/v1.0/datasets/ISTAC/C00045A_000001/1.3.csv,1.3,dcbae55b6b9be1fb5d9e205cbb34035ccfb5b08cf9c420bdae2a5809e2eb546e,2026-09-28T10:43:46.912461+00:00,https://www.gobiernodecanarias.org/istac/aviso_legal.html,surgical,phase6-v1,2024-12-31,2024-M12,CIRUGIA_PEDIATRICA,Cirugía pediátrica,surgical,autonomous_community,canarias,95.0,OBSERVED,ADMINISTRATIVE_STOCK,M_GT6,,Especialidad pediátrica; edad individual no publicada,ADMIT_WITH_LIMITATIONS,waiting_regional_stock_v1
https://datos.canarias.es/api/estadisticas/statistical-resources/v1.0/datasets/ISTAC/C00045A_000001/1.3.csv,1.3,dcbae55b6b9be1fb5d9e205cbb34035ccfb5b08cf9c420bdae2a5809e2eb546e,2026-09-28T10:43:46.912461+00:00,https://www.gobiernodecanarias.org/istac/aviso_legal.html,surgical,phase6-v1,2025-06-30,2025-M06,CIRUGIA_PEDIATRICA,Cirugía pediátrica,surgical,autonomous_community,canarias,482.0,OBSERVED,ADMINISTRATIVE_STOCK,_T,,Especialidad pediátrica; edad individual no publicada,ADMIT_WITH_LIMITATIONS,waiting_regional_stock_v1
https://datos.canarias.es/api/estadisticas/statistical-resources/v1.0/datasets/ISTAC/C00045A_000001/1.3.csv,1.3,dcbae55b6b9be1fb5d9e205cbb34035ccfb5b08cf9c420bdae2a5809e2eb546e,2026-09-28T10:43:46.912461+00:00,https://www.gobiernodecanarias.org/istac/aviso_legal.html,surgical,phase6-v1,2025-06-30,2025-M06,CIRUGIA_PEDIATRICA,Cirugía pediátrica,surgical,autonomous_community,canarias,408.0,OBSERVED,ADMINISTRATIVE_STOCK,M_LT6,,Especialidad pediátrica; edad individual no publicada,ADMIT_WITH_LIMITATIONS,waiting_regional_stock_v1
https://datos.canarias.es/api/estadisticas/statistical-resources/v1.0/datasets/ISTAC/C00045A_000001/1.3.csv,1.3,dcbae55b6b9be1fb5d9e205cbb34035ccfb5b08cf9c420bdae2a5809e2eb546e,2026-09-28T10:43:46.912461+00:00,https://www.gobiernodecanarias.org/istac/aviso_legal.html,surgical,phase6-v1,2025-06-30,2025-M06,CIRUGIA_PEDIATRICA,Cirugía pediátrica,surgical,autonomous_community,canarias,74.0,OBSERVED,ADMINISTRATIVE_STOCK,M_GT6,,Especialidad pediátrica; edad individual no publicada,ADMIT_WITH_LIMITATIONS,waiting_regional_stock_v1
https://datos.canarias.es/api/estadisticas/statistical-resources/v1.0/datasets/ISTAC/C00045A_000001/1.3.csv,1.3,dcbae55b6b9be1fb5d9e205cbb34035ccfb5b08cf9c420bdae2a5809e2eb546e,2026-09-28T10:43:46.912461+00:00,https://www.gobiernodecanarias.org/istac/aviso_legal.html,surgical,phase6-v1,2025-12-31,2025-M12,CIRUGIA_PEDIATRICA,Cirugía pediátrica,surgical,autonomous_community,canarias,327.0,OBSERVED,ADMINISTRATIVE_STOCK,_T,,Especialidad pediátrica; edad individual no publicada,ADMIT_WITH_LIMITATIONS,waiting_regional_stock_v1
https://datos.canarias.es/api/estadisticas/statistical-resources/v1.0/datasets/ISTAC/C00045A_000001/1.3.csv,1.3,dcbae55b6b9be1fb5d9e205cbb34035ccfb5b08cf9c420bdae2a5809e2eb546e,2026-09-28T10:43:46.912461+00:00,https://www.gobiernodecanarias.org/istac/aviso_legal.html,surgical,phase6-v1,2025-12-31,2025-M12,CIRUGIA_PEDIATRICA,Cirugía pediátrica,surgical,autonomous_community,canarias,301.0,OBSERVED,ADMINISTRATIVE_STOCK,M_LT6,,Especialidad pediátrica; edad individual no publicada,ADMIT_WITH_LIMITATIONS,waiting_regional_stock_v1
https://datos.canarias.es/api/estadisticas/statistical-resources/v1.0/datasets/ISTAC/C00045A_000001/1.3.csv,1.3,dcbae55b6b9be1fb5d9e205cbb34035ccfb5b08cf9c420bdae2a5809e2eb546e,2026-09-28T10:43:46.912461+00:00,https://www.gobiernodecanarias.org/istac/aviso_legal.html,surgical,phase6-v1,2025-12-31,2025-M12,CIRUGIA_PEDIATRICA,Cirugía pediátrica,surgical,autonomous_community,canarias,26.0,OBSERVED,ADMINISTRATIVE_STOCK,M_GT6,,Especialidad pediátrica; edad individual no publicada,ADMIT_WITH_LIMITATIONS,waiting_regional_stock_v1
