journey_id,island_id,case_type,origin,destination,destination_name,reference_distance_m,reference_time_s,reference_source,reference_date,local_distance_m,local_time_s,distance_difference_pct,time_difference_pct,cell_snap_m,facility_snap_m,snap_status,time_status,notes
el-hierro-urban,el-hierro,urban,"27.81285,-17.91395","27.8151756,-17.9150295",C.S. VALVERDE,500,64.3,median_phase1_public_osrm_valhalla,2026-09-27,499,48.3,0.1,24.9,11.7,5.7,GREEN,YELLOW,Contrast between two public OSM engines; not ground truth
el-hierro-rural,el-hierro,rural,"27.756,-18.10307625","27.7042581,-17.9805434",C.P. EL PINAR,31135,2964.9,median_phase1_public_osrm_valhalla,2026-09-27,35604,2472.9,14.4,16.6,7.1,4.1,GREEN,GREEN,Contrast between two public OSM engines; not ground truth
el-hierro-extreme,el-hierro,extreme,"27.75565,-18.105643229166667","27.7042581,-17.9805434",C.P. EL PINAR,30919,2894.6,median_phase1_public_osrm_valhalla,2026-09-27,35389,2421.1,14.5,16.4,17.9,4.1,GREEN,GREEN,Contrast between two public OSM engines; not ground truth
la-gomera-urban,la-gomera,urban,"28.0953,-17.11355","28.1110882,-17.2188345",C.S. SAN SEBASTIAN DE LA GOMERA,19090,1755.5,median_phase1_public_osrm_valhalla,2026-09-27,19075,1546.8,0.1,11.9,13.7,12.0,GREEN,GREEN,Contrast between two public OSM engines; not ground truth
la-gomera-rural,la-gomera,rural,"28.1652,-17.33065","28.1110882,-17.2188345",C.S. SAN SEBASTIAN DE LA GOMERA,26686,2619.7,median_phase1_public_osrm_valhalla,2026-09-27,26664,2009.6,0.1,23.3,55.5,12.0,YELLOW,YELLOW,Contrast between two public OSM engines; not ground truth
la-gomera-extreme,la-gomera,extreme,"28.1644,-17.333044696969694","28.1110882,-17.2188345",C.S. SAN SEBASTIAN DE LA GOMERA,27958,2772.0,median_phase1_public_osrm_valhalla,2026-09-27,27935,2176.1,0.1,21.5,17.1,12.0,GREEN,YELLOW,Contrast between two public OSM engines; not ground truth
la-palma-urban,la-palma,urban,"28.6871,-17.765050000000002","28.6878532,-17.7605172",C.S. S/C DE LA PALMA,2566,442.8,median_phase1_public_osrm_valhalla,2026-09-27,2564,419.9,0.1,5.2,46.0,14.5,GREEN,GREEN,Contrast between two public OSM engines; not ground truth
la-palma-rural,la-palma,rural,"28.5009,-17.82368409090909","28.6634534,-17.7846669",C.S. BREÑA ALTA,26602,2300.6,median_phase1_public_osrm_valhalla,2026-09-27,26285,1741.9,1.2,24.3,78.6,6.0,YELLOW,YELLOW,Contrast between two public OSM engines; not ground truth
la-palma-extreme,la-palma,extreme,"28.494999999999997,-17.82708409090909","28.6391295,-17.9340215",C.S. TAZACORTE,30698,3347.1,median_phase1_public_osrm_valhalla,2026-09-27,29676,2505.1,3.3,25.2,149.3,6.8,YELLOW,YELLOW,Contrast between two public OSM engines; not ground truth
tenerife-urban,tenerife,urban,"28.0126,-16.6674553030303","28.012789,-16.6686863",C.S. EL FRAILE - ARONA COSTA II,191,47.5,median_phase1_public_osrm_valhalla,2026-09-27,189,37.9,1.0,20.1,11.6,0.1,GREEN,YELLOW,Contrast between two public OSM engines; not ground truth
tenerife-rural,tenerife,rural,"28.1586,-16.641644696969696","28.0910851,-16.6568974",C.L. VALLE SAN LORENZO,17628,1577.7,median_phase1_public_osrm_valhalla,2026-09-27,19028,1237.6,7.9,21.6,19.2,3.2,GREEN,YELLOW,Contrast between two public OSM engines; not ground truth
tenerife-extreme,tenerife,extreme,"28.161499999999997,-16.639928787878787","28.0910851,-16.6568974",C.L. VALLE SAN LORENZO,17729,1487.3,median_phase1_public_osrm_valhalla,2026-09-27,19128,1170.6,7.9,21.3,57.3,3.2,YELLOW,YELLOW,Contrast between two public OSM engines; not ground truth
gran-canaria-urban,gran-canaria,urban,"28.134300000000003,-15.4341","28.1341842,-15.4360855",C.S. ALCARAVANERAS,451,107.5,median_phase1_public_osrm_valhalla,2026-09-27,451,88.7,0.0,17.4,27.8,2.5,GREEN,GREEN,Contrast between two public OSM engines; not ground truth
gran-canaria-rural,gran-canaria,rural,"27.95495,-15.64965","28.0082091,-15.5327886",C.S. SAN MATEO,26113,2685.6,median_phase1_public_osrm_valhalla,2026-09-27,25705,2372.8,1.6,11.6,4.0,26.8,GREEN,GREEN,Contrast between two public OSM engines; not ground truth
gran-canaria-extreme,gran-canaria,extreme,"27.9137,-15.62936590909091","28.0082091,-15.5327886",C.S. SAN MATEO,28934,3053.4,median_phase1_public_osrm_valhalla,2026-09-27,28520,2681.8,1.4,12.2,19.3,26.8,GREEN,GREEN,Contrast between two public OSM engines; not ground truth
fuerteventura-urban,fuerteventura,urban,"28.34865,-14.1098","28.376896,-14.1214435",C.L. PAJARA,4074,364.5,median_phase1_public_osrm_valhalla,2026-09-27,4067,245.8,0.2,32.6,5.6,19.3,GREEN,YELLOW,Contrast between two public OSM engines; not ground truth
fuerteventura-rural,fuerteventura,rural,"28.30505,-13.9476","28.376896,-14.1214435",C.L. PAJARA,31832,2963.1,median_phase1_public_osrm_valhalla,2026-09-27,31794,2088.2,0.1,29.5,34.9,19.3,GREEN,YELLOW,Contrast between two public OSM engines; not ground truth
fuerteventura-extreme,fuerteventura,extreme,"28.3219,-13.897147129186603","28.5027104,-13.8590089",C.S. PUERTO DEL ROSARIO,34186,2199.6,median_phase1_public_osrm_valhalla,2026-09-27,34148,2072.1,0.1,5.8,65.0,3.1,YELLOW,GREEN,Contrast between two public OSM engines; not ground truth
lanzarote-urban,lanzarote,urban,"28.96205,-13.55745","28.9682275,-13.5596181",CENTRO UNIVERSITARIO DE SALUD DE TITERROY,1238,149.4,median_phase1_public_osrm_valhalla,2026-09-27,1237,105.7,0.0,29.3,3.5,2.3,GREEN,YELLOW,Contrast between two public OSM engines; not ground truth
lanzarote-rural,lanzarote,rural,"28.86645,-13.874195129870131","28.9383369,-13.774105",C.L. PLAYA BLANCA,20192,1947.4,median_phase1_public_osrm_valhalla,2026-09-27,20176,1588.9,0.1,18.4,1.0,169.2,YELLOW,GREEN,Contrast between two public OSM engines; not ground truth
lanzarote-extreme,lanzarote,extreme,"28.85995,-13.872332954545454","28.9383369,-13.774105",C.L. PLAYA BLANCA,20105,1904.9,median_phase1_public_osrm_valhalla,2026-09-27,20090,1564.6,0.1,17.9,39.1,169.2,YELLOW,GREEN,Contrast between two public OSM engines; not ground truth
