station_id,official_id,name,description,island_id,municipality_id,latitude,longitude,period_start,period_end,status,source_id,dataset_version,retrieved_at
weather-2,2,MTD3016CP (SN: 0379),Centro Cívico Social El Risco (El Risco) en Agaete (Gran Canaria),gran-canaria,35001,28.046164785953497,-15.725632187575213,2018-12-17,,COMPLETE,sitcan-sicom,stations-2026-09-27,2026-09-28T00:00:00+00:00
weather-3,3,MTD3016CP (SN: 0380),Casa Juventud Tamaimo (Tamaimo) en Santiago del Teide (Tenerife),tenerife,38040,28.26829646942575,-16.819303793235154,2019-03-12,,COMPLETE,sitcan-sicom,stations-2026-09-27,2026-09-28T00:00:00+00:00
weather-4,4,MTD3016CP (SN: 0381),Bodegas Teneguía (Los Canarios) en Fuencaliente (La Palma),la-palma,38014,28.49275773570522,-17.847346318320835,2019-01-11,,COMPLETE,sitcan-sicom,stations-2026-09-27,2026-09-28T00:00:00+00:00
weather-5,5,MTD3016CP (SN: 0382),Centro Ciudadano Las Carboneras (Las Carboneras) en Santa Cruz de Tenerife (Tenerife),tenerife,38023,28.55396780264714,-16.2770308401483,2019-03-12,,COMPLETE,sitcan-sicom,stations-2026-09-27,2026-09-28T00:00:00+00:00
weather-6,6,MTD3016CP (SN: 0383),Centro Socio Cultural Caleta Famara (Famara) en Teguise (Lanzarote),lanzarote,35024,29.117739275271294,-13.566837502764221,2019-01-23,,COMPLETE,sitcan-sicom,stations-2026-09-27,2026-09-28T00:00:00+00:00
weather-7,7,MTD3016CP (SN: 0384),Comisaría Policía Local Guía en Santa María de Guía (Gran Canaria),gran-canaria,35023,28.14059497904326,-15.63233351579239,2018-12-12,,COMPLETE,sitcan-sicom,stations-2026-09-27,2026-09-28T00:00:00+00:00
weather-8,8,MTD3016CP (SN: 0385),Comisaría Policía Local Teguise en Teguise (Lanzarote),lanzarote,35024,29.0614678040927,-13.555249574747043,2019-01-25,,COMPLETE,sitcan-sicom,stations-2026-09-27,2026-09-28T00:00:00+00:00
weather-9,9,MTD3016CP (SN: 0386),Centro Ciudadano La Cuesta (La Cuesta) en San Cristóbal de La Laguna (Tenerife),tenerife,38023,28.467173667455896,-16.292337071782708,2019-03-29,,COMPLETE,sitcan-sicom,stations-2026-09-27,2026-09-28T00:00:00+00:00
weather-10,10,MTD3016CP (SN: 0387),Protección Civil Moya en Moya (Gran Canaria),gran-canaria,35013,28.107409919574643,-15.584156541632426,2018-12-13,,COMPLETE,sitcan-sicom,stations-2026-09-27,2026-09-28T00:00:00+00:00
weather-11,11,MTD3016CP (SN: 0388),Oficina Municipal Costa Teguise (Costa Teguise) en Teguise (Lanzarote),lanzarote,35024,29.000694511748907,-13.49008667588927,2019-01-29,,COMPLETE,sitcan-sicom,stations-2026-09-27,2026-09-28T00:00:00+00:00
weather-12,12,MTD3016CP (SN: 0389),Policia Local Costa Calma (Costa Calma) en Pájara (Fuerteventura),fuerteventura,35015,28.166335915467954,-14.225028032420791,2019-02-05,,COMPLETE,sitcan-sicom,stations-2026-09-27,2026-09-28T00:00:00+00:00
weather-13,13,MTD3016CP (SN: 0390),Biblioteca Pública Centro Cultural de Frontera en Frontera (El Hierro),el-hierro,38013_2007,27.754082546986602,-18.008235320585836,2019-03-13,,COMPLETE,sitcan-sicom,stations-2026-09-27,2026-09-28T00:00:00+00:00
weather-14,14,MTD3016CP (SN: 0391),Bilbioteca de La Isleta (La Isleta) en Las Palmas de Gran Canaria (Gran Canaria),gran-canaria,35016,28.15071547311954,-15.42064990988915,2018-12-28,,COMPLETE,sitcan-sicom,stations-2026-09-27,2026-09-28T00:00:00+00:00
weather-15,15,MTD3016CP (SN: 0392),Nuevo Tanatorio (Fataga) en San Bartolomé de Tirajana (Gran Canaria),gran-canaria,35019,27.88679722612621,-15.563562172392002,2019-01-10,,COMPLETE,sitcan-sicom,stations-2026-09-27,2026-09-28T00:00:00+00:00
weather-16,16,MTD3016CP (SN: 0393),Hogar del Pensionista en Pájara (Fuerteventura),fuerteventura,35015,28.350247322066664,-14.108413049202666,2019-01-30,,COMPLETE,sitcan-sicom,stations-2026-09-27,2026-09-28T00:00:00+00:00
weather-17,17,MTD3016CP (SN: 0394),Biblioteca-Centro Cultural Betancuria en Betancuria (Fuerteventura),fuerteventura,35007,28.42416072934898,-14.055572902625688,2019-02-07,,COMPLETE,sitcan-sicom,stations-2026-09-27,2026-09-28T00:00:00+00:00
weather-18,18,MTD3016CP (SN: 0395),Centro Cultural La Montañeta (La Montañeta) en Garachico (Tenerife),tenerife,38015,28.340361823312847,-16.75689429313361,2019-02-21,,COMPLETE,sitcan-sicom,stations-2026-09-27,2026-09-28T00:00:00+00:00
weather-19,19,MTD3016CP (SN: 0396),Centro Ocupacional Los Portales (Los Portales) en Arucas (Gran Canaria),gran-canaria,35006,28.09566411039148,-15.534426598073297,2019-04-24,,COMPLETE,sitcan-sicom,stations-2026-09-27,2026-09-28T00:00:00+00:00
weather-20,20,MTD3016CP (SN: 0397),Piscina Municipal de Mogán en Mogán (Gran Canaria),gran-canaria,35012,27.883128287956577,-15.72237060234272,2018-12-20,,COMPLETE,sitcan-sicom,stations-2026-09-27,2026-09-28T00:00:00+00:00
weather-21,21,MTD3016CP (SN: 0398),Centro Cultural Tiscamanita (Tiscamanita) en Tuineje (Fuerteventura),fuerteventura,35030,28.351191064358563,-14.037181818333085,2019-01-30,,COMPLETE,sitcan-sicom,stations-2026-09-27,2026-09-28T00:00:00+00:00
weather-22,22,MTD3016CP (SN: 0399),Centro Usos Múltiples Chasna (Camino de Chasna) en La Orotava (Tenerife),tenerife,38026,28.367153388517114,-16.528673321794106,2019-06-13,,COMPLETE,sitcan-sicom,stations-2026-09-27,2026-09-28T00:00:00+00:00
weather-23,23,MTD3016CP (SN: 0400),"Centro de Arte, Cultura y Turismo Arrecife (Barrio La Destila) en Arrecife (Lanzarote)",lanzarote,35004,28.961034494301934,-13.554681688295693,2019-02-28,,COMPLETE,sitcan-sicom,stations-2026-09-27,2026-09-28T00:00:00+00:00
weather-24,24,MTD3016CP (SN: 0401),Centro Cultural de Tigalate (Tigalate) en Mazo (La Palma),la-palma,38053,28.55413231393452,-17.80038373908278,2019-01-11,,COMPLETE,sitcan-sicom,stations-2026-09-27,2026-09-28T00:00:00+00:00
weather-25,25,MTD3016CP (SN: 0402),IES Vega de San Mateo (Las Montañetas) en Vega de San Mateo (Gran Canaria),gran-canaria,35033,28.003039965805883,-15.540719012113314,2019-07-17,,COMPLETE,sitcan-sicom,stations-2026-09-27,2026-09-28T00:00:00+00:00
weather-26,26,MTD3016CP (SN: 0407),Malpaso en El Pinar (El Hierro),el-hierro,38901,27.72889734905256,-18.040737843081814,2019-10-01,,COMPLETE,sitcan-sicom,stations-2026-09-27,2026-09-28T00:00:00+00:00
weather-27,27,MTD3016CP (SN: 0426),IES Josefina de la Torre (Vecindario) en Santa Lucía de Tirajana (Gran Canaria),gran-canaria,35022,27.857672401074392,-15.444082954808087,2020-03-05,,COMPLETE,sitcan-sicom,stations-2026-09-27,2026-09-28T00:00:00+00:00
weather-28,28,MTD3016CP (SN: 0425),CEIP La Escalona en Vilaflor (Tenerife),tenerife,38052,28.11873894117206,-16.666329348542273,2020-09-28,,COMPLETE,sitcan-sicom,stations-2026-09-27,2026-09-28T00:00:00+00:00
weather-29,29,MTD3016CP (SN: 0404),El Cedro en Hermigua (La Gomera),la-gomera,38021,28.13631512342532,-17.213267646030985,2020-10-08,,COMPLETE,sitcan-sicom,stations-2026-09-27,2026-09-28T00:00:00+00:00
weather-30,30,MTD3016CP (SN: 0428),CEIP Alojera en Vallehermoso (La Gomera),la-gomera,38050,28.160729754641935,-17.324995753807325,2020-10-08,,COMPLETE,sitcan-sicom,stations-2026-09-27,2026-09-28T00:00:00+00:00
weather-31,31,MTD3016CP (SN: 0429),Centro Sociocultural Caletón Blanco en Haría (Lanzarote),lanzarote,35010,29.21933577948389,-13.451369372999995,2020-10-15,,COMPLETE,sitcan-sicom,stations-2026-09-27,2026-09-28T00:00:00+00:00
weather-32,32,MTD3016CP (SN: 0403),Centro Cultural El Molino en Yaiza (Lanzarote),lanzarote,35034,28.951077121023047,-13.755922270236848,2020-10-14,,COMPLETE,sitcan-sicom,stations-2026-09-27,2026-09-28T00:00:00+00:00
weather-33,33,MTD3016CP (SN: 0427),Centro Social Timijiraque en Valverde (El Hierro),el-hierro,38048,27.768879260626836,-17.915174187363913,2020-10-20,,COMPLETE,sitcan-sicom,stations-2026-09-27,2026-09-28T00:00:00+00:00
weather-34,34,MTD3016CP (SN: 0405),Complejo Medioambiental de La Dehesa en Frontera (El Hierro),el-hierro,38013_2007,27.72790950421546,-18.14767490014493,2020-10-22,,COMPLETE,sitcan-sicom,stations-2026-09-27,2026-09-28T00:00:00+00:00
weather-35,35,MTD3016CP (SN: 0408),El Reventón en Puntagorda (La Palma),la-palma,38029,28.752351090320573,-17.93302122406685,2020-11-19,,COMPLETE,sitcan-sicom,stations-2026-09-27,2026-09-28T00:00:00+00:00
weather-36,36,MTD3016CP (SN: 0446),Depósito de Valle Grande en Santa Cruz de Tenerife (Tenerife),tenerife,38038,28.514957372667173,-16.241856077277884,2020-12-01,,COMPLETE,sitcan-sicom,stations-2026-09-27,2026-09-28T00:00:00+00:00
weather-37,37,MTD3016CP (SN: 0445),Galería de Vergara en La Guancha (Tenerife),tenerife,38018,28.32790322843,-16.62553978931339,2020-12-04,,COMPLETE,sitcan-sicom,stations-2026-09-27,2026-09-28T00:00:00+00:00
weather-38,38,MTD3016CP (SN: 0448),CEIP Alajeró en Alajeró (La Gomera),la-gomera,38003,28.06288030345269,-17.23993943148774,2021-01-12,,COMPLETE,sitcan-sicom,stations-2026-09-27,2026-09-28T00:00:00+00:00
weather-39,39,MTD3016CP (SN: 0458),Medianías de Breña Baja (Breña Baja) en Breña Baja (La Palma),la-palma,38009,28.621575857082334,-17.80364392173149,2020-12-30,,COMPLETE,sitcan-sicom,stations-2026-09-27,2026-09-28T00:00:00+00:00
weather-40,40,MTD3016CP (SN: 0449),Parque Marítimo en Vallehermoso (La Gomera),la-gomera,38050,28.202382909545705,-17.25294749749229,2021-01-14,,COMPLETE,sitcan-sicom,stations-2026-09-27,2026-09-28T00:00:00+00:00
weather-41,41,MTD3016CP (SN: 0450),Antiguas escuelas de Acusa en Artenara (Gran Canaria),gran-canaria,35005,28.01030936270712,-15.68235121750555,2021-02-02,,COMPLETE,sitcan-sicom,stations-2026-09-27,2026-09-28T00:00:00+00:00
weather-42,42,MTD3016CP (SN: 0451),IES José Arencibia Gil (San Juan) en Telde (Gran Canaria),gran-canaria,35026,27.99939025248747,-15.414397120966504,2021-03-10,,COMPLETE,sitcan-sicom,stations-2026-09-27,2026-09-28T00:00:00+00:00
weather-43,43,MTD3016CP (SN: 0452),Casa Forestal de Ojeda (Pie de la Cuesta) en Mogán (Gran Canaria),gran-canaria,35012,27.933180170777817,-15.730398766405795,2021-03-04,,COMPLETE,sitcan-sicom,stations-2026-09-27,2026-09-28T00:00:00+00:00
weather-44,44,MTD3016CP (SN: 0459),Rasca en Arona (Tenerife),tenerife,38006,28.005849724777484,-16.683871771694157,2021-03-17,,COMPLETE,sitcan-sicom,stations-2026-09-27,2026-09-28T00:00:00+00:00
weather-45,45,MTD3016CP (SN: 0453),CIEMI Valle Tabares en San Cristóbal de La Laguna (Tenerife),tenerife,38023,28.494232982719446,-16.288840409812938,2021-05-25,,COMPLETE,sitcan-sicom,stations-2026-09-27,2026-09-28T00:00:00+00:00
weather-46,46,MTD3016CP (SN: 0454),CEIP José Esquivel en Santiago del Teide (Tenerife),tenerife,38040,28.23341202494747,-16.838161919121422,2021-05-26,,COMPLETE,sitcan-sicom,stations-2026-09-27,2026-09-28T00:00:00+00:00
weather-47,47,MTD3016CP (SN: 0455),IES Los Cristianos en Arona (Tenerife),tenerife,38006,28.057623302788404,-16.716917942488553,2021-05-26,,COMPLETE,sitcan-sicom,stations-2026-09-27,2026-09-28T00:00:00+00:00
weather-48,48,MTD3016CP (SN: 0460),Campo de fútbol de El Cotillo (Fuerteventura),fuerteventura,35014,28.68312093437933,-14.008824652560094,2021-07-21,,COMPLETE,sitcan-sicom,stations-2026-09-27,2026-09-28T00:00:00+00:00
weather-49,49,MTD3016CP (SN: 0461),La Punta del Hidalgo (Tenerife),tenerife,38023,28.56950535030508,-16.32573868031188,2021-11-05,,COMPLETE,sitcan-sicom,stations-2026-09-27,2026-09-28T00:00:00+00:00
weather-50,50,MTD3016CP (SN: 0409),El Chorrillo (Tenerife),tenerife,38032,28.41041988307398,-16.32394055672787,2021-11-04,,COMPLETE,sitcan-sicom,stations-2026-09-27,2026-09-28T00:00:00+00:00
weather-51,51,MTD3016CP (SN: 0462),Punta Teno (Tenerife),tenerife,38010,28.356378540693843,-16.90852984008341,2021-11-09,,COMPLETE,sitcan-sicom,stations-2026-09-27,2026-09-28T00:00:00+00:00
weather-52,52,MTD3016CP (SN: 0463),CEIP Agustín Millares Carló en Puerto del Rosario (Fuerteventura),fuerteventura,35017,28.505365421637748,-13.856649854046086,2021-11-16,,COMPLETE,sitcan-sicom,stations-2026-09-27,2026-09-28T00:00:00+00:00
weather-53,53,MTD3016CP (SN: 0456),Tefía en Puerto del Rosario (Fuerteventura),fuerteventura,35017,28.525120862894653,-13.99380079375684,2021-11-18,,COMPLETE,sitcan-sicom,stations-2026-09-27,2026-09-28T00:00:00+00:00
weather-54,54,MTD3016CP (SN: 0447),Tijoco de arriba en Adeje (Tenerife),tenerife,38001,28.169011311312257,-16.73359612528364,2021-11-11,,COMPLETE,sitcan-sicom,stations-2026-09-27,2026-09-28T00:00:00+00:00
weather-55,55,MTD3016CP (SN: 0465),Barranco de Chejelipes en San Sebastián de La Gomera (La Gomera),la-gomera,38036,28.11713332161937,-17.16039170491637,2021-12-16,,COMPLETE,sitcan-sicom,stations-2026-09-27,2026-09-28T00:00:00+00:00
weather-56,56,MTD3016CP (SN: 0457),GRAFCAN  (Tenerife),tenerife,38038,28.453829218127,-16.267797059024,2022-05-31,,COMPLETE,sitcan-sicom,stations-2026-09-27,2026-09-28T00:00:00+00:00
weather-57,57,MTD3016CP (SN: 0466),Polideportivo en Santa Cruz de La Palma (La Palma),la-palma,38037,28.687726183896554,-17.76858773999478,2022-07-20,,COMPLETE,sitcan-sicom,stations-2026-09-27,2026-09-28T00:00:00+00:00
weather-58,58,MTD3016CP (SN: 0464),CEIP Tarajalejo en Tuineje (Fuerteventura),fuerteventura,35030,28.19411108915836,-14.115437411290326,2024-05-09,,COMPLETE,sitcan-sicom,stations-2026-09-27,2026-09-28T00:00:00+00:00
